# File produced by Open Asset Import Library (http://www.assimp.sf.net)
# (assimp v3.1.245689076)

mtllib MASKTXT.mtl

# vertex positions
v 1.118721 -1.365492 -0.073119
v 1.144939 -1.428135 -0.184646
v 1.182884 -1.295889 -0.219350
v 1.156671 -1.239140 -0.111165
v 1.153627 -1.477714 -0.300792
v 1.192122 -1.343617 -0.329318
v 1.092849 -1.550827 -0.160980
v 1.100291 -1.595422 -0.282583
v 1.071837 -1.488419 -0.040855
v 1.148873 -1.513924 -0.421742
v 1.094657 -1.627669 -0.403068
v 1.188685 -1.381145 -0.447147
v 1.204633 -1.206730 -0.361784
v 1.193444 -1.162761 -0.261370
v 1.204973 -1.241817 -0.470960
v 1.112092 -1.529088 -0.531399
v 1.064972 -1.640587 -0.509694
v 1.149645 -1.402231 -0.555159
v 1.176799 -1.266238 -0.574329
v 1.209029 -1.104291 -0.487749
v 1.202753 -1.076524 -0.388663
v 1.192384 -1.124814 -0.584776
v 1.097756 -1.405631 -0.607357
v 1.129784 -1.274789 -0.622950
v 1.062286 -1.526171 -0.584271
v 1.151660 -1.133308 -0.626772
v 1.204486 -0.981671 -0.589654
v 1.166904 -0.986518 -0.630159
v 1.218237 -0.969328 -0.498349
v 1.190719 -0.833106 -0.632786
v 1.228214 -0.832946 -0.591604
v 0.683555 -0.441858 -0.023194
v 0.711170 -0.392874 0.024566
v 0.621409 -0.405416 0.064659
v 0.604967 -0.450981 0.013772
v 0.756593 -0.450790 -0.062890
v 0.795108 -0.398432 -0.019581
v 0.532581 -0.440194 0.100234
v 0.646277 -0.324044 0.137175
v 0.539181 -0.367835 0.176038
v 0.752847 -0.302351 0.088563
v 0.526047 -0.480843 0.046314
v 0.440812 -0.431919 0.208694
v 0.535024 -0.262329 0.236280
v 0.411786 -0.334679 0.271964
v 0.658205 -0.210806 0.182400
v 0.452498 -0.494034 0.130574
v 0.452923 -0.526673 0.072328
v 0.298147 -0.426670 0.279219
v 0.378902 -0.206445 0.290493
v 0.220335 -0.312409 0.305960
v 0.520930 -0.133584 0.249704
v 0.352279 -0.508435 0.225227
v 0.387461 -0.564063 0.152649
v 0.388543 -0.586467 0.089766
v 0.218321 -0.535890 0.270767
v 0.283674 -0.595243 0.227547
v 0.147705 -0.483962 0.297655
v 0.340368 -0.640346 0.164202
v 0.171348 -0.638554 0.271477
v 0.112948 -0.603218 0.294425
v 0.234872 -0.697834 0.232943
v 0.747209 -1.072673 0.245061
v 0.655732 -1.082446 0.272682
v 0.672729 -1.152810 0.281127
v 0.757647 -1.143713 0.254049
v 0.571629 -1.096921 0.293394
v 0.591828 -1.168772 0.300792
v 0.636849 -0.992206 0.281766
v 0.545115 -1.009547 0.297915
v 0.740160 -0.978364 0.253216
v 0.611603 -1.243418 0.319247
v 0.516162 -1.184657 0.314493
v 0.533537 -1.258498 0.329888
v 0.494866 -1.110695 0.307222
v 0.691474 -1.223398 0.300285
v 0.770866 -1.212077 0.273296
v 0.844255 -1.150078 0.217850
v 0.849503 -1.221910 0.239261
v 0.843795 -1.073514 0.206901
v 0.288436 -1.057029 0.301444
v 0.239863 -1.055077 0.319608
v 0.249299 -1.140289 0.351776
v 0.302007 -1.140631 0.329433
v 0.193483 -1.048388 0.350035
v 0.203120 -1.132552 0.387280
v 0.340196 -1.051753 0.295539
v 0.359842 -1.133910 0.318646
v 0.398820 -1.040208 0.298964
v 0.424173 -1.122947 0.314118
v 0.466417 -1.025739 0.302295
v 0.264366 -1.223960 0.392475
v 0.215756 -1.216510 0.433715
v 0.320398 -1.224084 0.360104
v 0.381036 -1.213244 0.339395
v 0.445953 -1.199360 0.325820
v 0.340717 -1.323179 0.399079
v 0.401375 -1.291518 0.355072
v 0.282193 -1.308187 0.445768
v 0.463747 -1.272939 0.340482
v 0.472628 -1.657285 0.292523
v 0.442079 -1.622022 0.313919
v 0.395235 -1.658086 0.307532
v 0.432054 -1.693531 0.284487
v 0.413829 -1.568476 0.340112
v 0.356949 -1.619183 0.331750
v 0.534616 -1.729017 0.236951
v 0.506123 -1.690384 0.268668
v 0.468221 -1.721402 0.262088
v 0.497912 -1.740187 0.242572
v 0.545882 -1.766648 0.198651
v 0.494251 -1.769298 0.224061
v 0.489324 -1.800851 0.198831
v 0.426955 -1.811225 0.239024
v 0.418585 -1.853702 0.227073
v 0.478915 -1.820238 0.172564
v 0.281777 -1.767159 0.312332
v 0.272786 -1.849818 0.306107
v 0.352336 -1.865028 0.274665
v 0.364833 -1.804607 0.276790
v 0.392885 -1.741789 0.276976
v 0.343897 -1.704363 0.302249
v 0.442268 -1.762475 0.250686
v 0.298683 -1.658656 0.325506
v 0.091187 -1.768837 0.352194
v 0.183739 -1.764024 0.341367
v 0.164283 -1.702300 0.348379
v 0.081757 -1.712627 0.363695
v 0.095686 -1.799812 0.319664
v 0.187620 -1.809352 0.319287
v 0.364704 -2.130344 0.125807
v 0.383100 -2.147370 0.136571
v 0.434814 -2.093215 0.112670
v 0.410628 -2.074118 0.105964
v 0.475450 -2.029321 0.096987
v 0.448853 -2.012106 0.092102
v 0.474721 -2.131321 0.103195
v 0.520967 -2.062149 0.085865
v 0.418811 -2.190132 0.136538
v 0.315778 -2.186024 0.167273
v 0.298687 -2.165921 0.152262
v 0.219589 -2.175700 0.180675
v 0.232662 -2.198548 0.200157
v 0.128607 -2.158507 0.208081
v 0.137255 -2.184153 0.228617
v 0.160202 -1.121044 0.426708
v 0.149032 -1.039039 0.385776
v 0.106807 -1.025381 0.424335
v 0.116229 -1.107156 0.467154
v 0.173544 -1.200449 0.474642
v 0.130132 -1.183682 0.518449
v 1.127320 -1.058527 -0.052317
v 1.053083 -1.013197 0.050461
v 1.033053 -1.124853 0.081778
v 1.107717 -1.178416 -0.008024
v 0.957837 -0.984884 0.140184
v 0.941852 -1.089701 0.153850
v 0.929777 -1.177838 0.170310
v 0.850345 -0.974161 0.208697
v 1.008099 -1.227441 0.106798
v 1.072470 -1.293915 0.025562
v 1.039171 -1.403689 0.060372
v 0.989938 -1.322687 0.137355
v 0.966438 -1.780316 -0.160144
v 0.930242 -1.770544 -0.047298
v 0.852582 -1.884316 -0.075235
v 0.885148 -1.895196 -0.174833
v 1.001631 -1.622873 -0.005775
v 1.034594 -1.666041 -0.150156
v 1.044756 -1.694335 -0.275238
v 1.039029 -1.718976 -0.393591
v 1.022491 -1.635633 -0.563438
v 0.925073 -1.259359 0.195965
v 1.170104 -1.111790 -0.159146
v 1.157254 -0.996429 -0.204169
v 1.186191 -1.039919 -0.298004
v 1.181039 -0.925217 -0.324500
v 1.206562 -0.951940 -0.406282
v 1.242499 -0.829935 -0.500354
v 1.225645 -0.824885 -0.411867
v 1.010094 -0.705171 -0.232911
v 1.065314 -0.701894 -0.238517
v 1.046462 -0.625768 -0.221446
v 0.990159 -0.639075 -0.223450
v 1.016699 -0.554476 -0.191041
v 0.959455 -0.578419 -0.200317
v 1.125723 -0.595167 -0.250753
v 1.100647 -0.499756 -0.208347
v 1.138938 -0.696080 -0.275362
v 0.976763 -0.494160 -0.150278
v 1.062915 -0.416378 -0.153672
v 0.916351 -0.531706 -0.166831
v 1.199485 -0.690765 -0.329067
v 1.139896 -0.792457 -0.275188
v 1.190703 -0.812290 -0.339300
v 1.071557 -0.770998 -0.234946
v 1.194933 -0.562363 -0.297650
v 1.175430 -0.437243 -0.247907
v 1.136431 -0.326537 -0.184210
v 0.143445 -0.720138 0.282678
v 0.180043 -0.741378 0.260872
v 0.097795 -0.698448 0.306052
v 1.012461 -1.729634 -0.495308
v 0.974854 -1.721055 -0.547746
v 0.980695 -1.792610 -0.276575
v 0.899528 -1.904772 -0.281518
v 0.974766 -1.809844 -0.389998
v 0.894181 -1.916522 -0.389061
v 0.950190 -1.817034 -0.487293
v 0.872017 -1.920055 -0.482668
v 0.917607 -1.805814 -0.537578
v 0.842748 -1.908739 -0.530359
v 0.776370 -1.990022 -0.094631
v 0.801657 -2.006958 -0.184964
v 0.802930 -1.867327 0.014236
v 0.735701 -1.967503 -0.009737
v 0.812752 -2.021460 -0.283627
v 0.806644 -2.032342 -0.386638
v 0.784269 -2.033240 -0.477271
v 0.753590 -2.019972 -0.517177
v 0.724876 -2.114577 -0.184641
v 0.731768 -2.135482 -0.277158
v 0.705258 -2.090512 -0.101802
v 0.722665 -2.149240 -0.376541
v 0.698133 -2.150242 -0.465087
v 0.666275 -2.136697 -0.504582
v 0.659846 -2.247244 -0.256608
v 0.646234 -2.266440 -0.352908
v 0.656683 -2.219087 -0.167694
v 0.617996 -2.270921 -0.442466
v 0.585750 -2.260659 -0.493333
v 0.593940 -2.358808 -0.216797
v 0.595122 -2.322675 -0.128854
v 0.573033 -2.382961 -0.311200
v 0.537657 -2.389719 -0.401323
v 0.502670 -2.380322 -0.456572
v 0.491496 -2.491393 -0.253097
v 0.521465 -2.466711 -0.157466
v 0.448908 -2.494987 -0.344880
v 0.411462 -2.481705 -0.401522
v 0.348303 -2.577926 -0.285160
v 0.392029 -2.581784 -0.188972
v 0.313196 -2.558672 -0.344845
v 0.209124 -2.607084 -0.295828
v 0.235827 -2.628410 -0.233132
v 0.631816 -1.816354 0.133529
v 0.564075 -1.806618 0.124145
v 0.543794 -1.875955 0.107372
v 0.601968 -1.903939 0.097860
v 0.511032 -1.956302 0.092970
v 0.562299 -1.986145 0.083556
v 0.514375 -2.178393 0.070597
v 0.454217 -2.246432 0.111932
v 0.567920 -2.102451 0.050029
v 0.551667 -2.231231 0.015419
v 0.611510 -2.148121 -0.014663
v 0.487758 -2.309586 0.066337
v 0.346590 -2.232774 0.179797
v 0.378271 -2.299795 0.168735
v 0.406060 -2.376052 0.130978
v 0.514010 -2.369500 0.006132
v 0.428100 -2.449002 0.075942
v 0.578658 -2.279509 -0.052093
v 0.528342 -2.423509 -0.068471
v 0.436530 -2.512721 0.001700
v 0.255698 -2.251353 0.223649
v 0.279979 -2.329970 0.226921
v 0.298221 -2.420161 0.193338
v 0.311941 -2.505283 0.139444
v 0.312491 -2.574758 0.062038
v 0.424196 -2.559232 -0.089594
v 0.297535 -2.618969 -0.032079
v 0.151327 -2.244334 0.260398
v 0.163638 -2.336417 0.268896
v 0.172637 -2.439689 0.237241
v 0.178643 -2.533799 0.181156
v 0.174704 -2.601547 0.097750
v 0.162405 -2.638772 0.002113
v 0.270568 -2.637589 -0.133584
v 0.144532 -2.654320 -0.097887
v 0.122830 -2.646279 -0.195988
v 0.033279 -2.129460 0.229040
v 0.040117 -2.152885 0.251361
v 0.042420 -2.225525 0.279428
v 0.042022 -2.328876 0.280124
v 0.043563 -2.441874 0.252715
v 0.045846 -2.542115 0.197147
v 0.044511 -2.605832 0.111504
v 0.039695 -2.639509 0.017505
v 0.032110 -2.654708 -0.079847
v 0.022706 -2.649284 -0.173273
v 0.105722 -2.626227 -0.257747
v 0.015110 -2.627865 -0.227940
v 0.851174 -0.300332 0.030075
v 0.776868 -0.182939 0.115887
v 0.886792 -0.179253 0.040035
v 0.780066 -0.060031 0.100660
v 0.895499 -0.063416 0.010606
v 0.654739 -0.084372 0.182691
v 0.775953 0.062875 0.056572
v 0.900764 0.054862 -0.035320
v 0.644354 0.042807 0.140963
v 0.507368 0.002663 0.212516
v 1.220928 -0.669180 -0.631979
v 1.261571 -0.671321 -0.588241
v 0.208232 0.173936 0.154712
v 0.340956 0.218874 0.096049
v 0.332912 0.267429 0.011035
v 0.198911 0.224016 0.080350
v 0.470926 0.265795 0.027386
v 0.456890 0.311093 -0.062807
v 0.355259 0.102332 0.200190
v 0.493111 0.151758 0.139623
v 0.219707 0.052861 0.242466
v -0.008739 0.007871 0.271408
v 0.097933 0.019443 0.264897
v 0.090305 0.145151 0.189707
v -0.007775 0.135776 0.200352
v 0.082992 0.194588 0.119794
v -0.007116 0.185171 0.130878
v 0.953540 0.314599 -0.418849
v 0.811116 0.365445 -0.316125
v 0.855420 0.318848 -0.224830
v 0.994237 0.265848 -0.329671
v 0.679345 0.372396 -0.217453
v 0.718746 0.326335 -0.127552
v 1.082490 0.219902 -0.520228
v 1.117597 0.170502 -0.431301
v 1.210171 0.036713 -0.516899
v 1.128704 0.062118 -0.314520
v 1.207323 -0.049198 -0.406932
v 1.024764 0.149828 -0.210440
v 1.183091 0.076760 -0.601088
v 1.261321 -0.118351 -0.569129
v 1.237330 -0.098442 -0.645363
v 1.250615 -0.145690 -0.474333
v 0.227405 -1.311640 0.498015
v 0.183309 -1.274234 0.525741
v 0.145692 -1.255778 0.569559
v -0.000250 -1.225802 0.661399
v 0.093675 -1.237175 0.627573
v 0.080138 -1.160871 0.568337
v -0.000513 -1.145505 0.597531
v 0.629177 -0.774076 0.037211
v 0.742623 -0.776545 -0.003219
v 0.711116 -0.794605 -0.066689
v 0.603485 -0.798336 -0.030566
v 0.507534 -0.816627 0.010482
v 0.526194 -0.797678 0.074654
v 0.447653 -0.832353 0.100743
v 0.434741 -0.840415 0.044139
v -0.002532 -1.071170 0.536404
v 0.069554 -1.085691 0.511186
v 0.061932 -1.005815 0.463704
v -0.004225 -0.996933 0.479539
v 1.247238 -0.683882 -0.396852
v 1.253989 -0.528101 -0.363705
v 1.273975 -0.675450 -0.488461
v 1.287299 -0.497652 -0.465124
v 1.231448 -0.371102 -0.315538
v 1.259148 -0.288689 -0.432392
v 1.285321 -0.490982 -0.581890
v 1.281435 -0.297807 -0.579088
v 1.245455 -0.491421 -0.640265
v 0.508302 -1.854336 0.100814
v 0.482519 -1.939156 0.089831
v 0.535748 -1.787549 0.105138
v 1.252482 -0.296061 -0.653056
v 0.897398 0.198493 -0.108561
v 1.014959 0.015027 -0.131481
v 0.761256 0.206855 -0.016648
v 1.112233 -0.055541 -0.229265
v 1.191023 -0.155199 -0.324117
v 0.222932 -0.114812 0.296201
v 0.365110 -0.054117 0.266833
v 1.071545 -0.244114 -0.114421
v 1.008320 -0.352862 -0.095106
v 0.928162 -0.448122 -0.106608
v 0.937043 -0.315310 -0.033496
v 0.868302 -0.417039 -0.063738
v 0.986495 -0.197193 -0.038531
v 1.094813 -0.150407 -0.166895
v 1.000640 -0.092552 -0.080416
v 1.174482 -0.242394 -0.246230
v 0.331778 -0.652716 0.106300
v 0.318533 -0.724707 0.112718
v 0.312238 -0.715655 0.168507
v 0.314739 -0.782255 0.119051
v 0.303079 -0.784155 0.167092
v 0.322116 -0.859515 0.102820
v 0.321035 -0.866233 0.148499
v 0.338187 -0.875852 0.135436
v 0.338538 -0.871743 0.090135
v 0.307069 -0.838064 0.162012
v 0.315661 -0.827849 0.115670
v 0.361135 -0.872819 0.125017
v 0.358195 -0.864482 0.075743
v 0.386611 -0.855785 0.063160
v 0.394792 -0.858480 0.115366
v 0.672031 -1.934022 0.062926
v 0.733084 -1.830275 0.095724
v 0.672920 -2.061355 -0.022632
v 0.619258 -2.021470 0.048115
v 0.639360 -2.186109 -0.088750
v -0.007058 -0.578840 0.311913
v 0.052878 -0.584642 0.308201
v 0.066432 -0.463774 0.306623
v -0.008360 -0.459001 0.307659
v 0.086608 -0.315705 0.316789
v -0.009289 -0.317393 0.319527
v -0.006199 -0.679913 0.327370
v 0.047323 -0.684368 0.322461
v 1.019331 -0.761298 -0.224385
v 0.870473 -0.494677 -0.133792
v 0.818819 -0.469049 -0.100758
v -0.005563 -0.768138 0.352136
v 0.046309 -0.771413 0.345767
v 0.097111 -0.148401 0.305550
v -0.009407 -0.157751 0.307829
v 0.627611 0.188241 0.066732
v 0.593445 0.303759 -0.044957
v 0.566478 0.349104 -0.134956
v 0.855219 -0.789444 -0.046375
v 0.820444 -0.796430 -0.098975
v 0.956675 -0.809942 -0.101880
v 0.922960 -0.804833 -0.135716
v 1.029231 -0.826289 -0.162668
v 0.995140 -0.814048 -0.173664
v 1.019171 -0.796409 -0.204702
v 1.065012 -0.816549 -0.208390
v 1.078565 -0.875367 -0.140248
v 1.131793 -0.882204 -0.234998
v 1.006311 -0.845419 -0.049880
v 0.904972 -0.817516 0.029411
v 0.789385 -0.802678 0.088564
v 0.672559 -0.797968 0.137870
v 0.561090 -0.820037 0.170336
v 0.471323 -0.856408 0.184771
v 0.408893 -0.887411 0.189346
v 0.328035 -0.914757 0.198899
v 0.363790 -0.906699 0.192168
v 0.294365 -0.911017 0.210806
v 0.248244 -0.880585 0.231849
v 0.241285 -0.793147 0.223252
v 1.112611 -0.955384 -0.102682
v 1.044231 -0.913161 0.001982
v 0.948270 -0.881163 0.098699
v 0.835476 -0.864781 0.174485
v 0.717251 -0.866637 0.228696
v 0.603144 -0.887123 0.257583
v 0.506854 -0.916182 0.265594
v 0.433556 -0.942882 0.262104
v 0.327128 -0.974744 0.255585
v 0.282518 -0.977670 0.262755
v 0.375965 -0.962848 0.256302
v 0.235329 -0.971001 0.281257
v 0.186279 -0.964468 0.313065
v 0.182591 -0.881402 0.280342
v 0.179865 -0.802242 0.264043
v 0.184985 -1.433651 0.540893
v 0.131547 -1.466095 0.567131
v 0.122872 -1.498952 0.525447
v 0.171825 -1.478767 0.513470
v 0.232477 -1.404980 0.510352
v 0.275941 -1.397966 0.479126
v 0.312921 -1.413363 0.453452
v 0.334104 -1.450212 0.433681
v 0.379705 -1.394229 0.398754
v 0.354207 -1.553106 0.360366
v 0.378303 -1.505370 0.369602
v 0.323795 -1.522954 0.389222
v 0.300709 -1.551327 0.377275
v 0.311564 -1.591192 0.353004
v 0.265335 -1.572992 0.370098
v 0.258246 -1.618486 0.347346
v 0.222239 -1.585794 0.366213
v 0.178524 -1.590936 0.367404
v 0.203589 -1.634687 0.347953
v 0.131353 -1.595048 0.374792
v 0.144102 -1.643965 0.357101
v 0.072948 -1.652964 0.369180
v 0.069183 -1.605852 0.385195
v 0.265865 -1.474386 0.452514
v 0.276196 -1.492035 0.432381
v 0.268099 -1.531602 0.398092
v 0.250371 -1.546896 0.387834
v 0.194366 -1.558984 0.380744
v 0.163354 -1.558463 0.385667
v 0.127230 -1.561793 0.395732
v 0.224526 -1.556284 0.381844
v 0.092755 -0.782702 0.322633
v 0.134359 -0.796094 0.294145
v 0.141206 -0.956214 0.348309
v 0.135640 -0.874892 0.315300
v 0.096235 -0.861872 0.351663
v 0.102142 -0.941863 0.388011
v -0.004655 -0.923714 0.427059
v 0.053619 -0.928185 0.417999
v 0.048238 -0.851237 0.377284
v -0.004972 -0.848477 0.383977
v 0.236641 -1.687523 0.330401
v 0.546001 -1.776099 0.155340
v 0.535580 -1.778760 0.125780
v 0.556210 -1.768935 0.123646
v 0.547859 -1.769024 0.108139
v 0.565836 -1.771977 0.128501
v 0.564463 -1.762840 0.141500
v 0.575610 -1.765024 0.178996
v 0.595803 -1.776181 0.162614
v 0.710025 -1.692222 0.198524
v 0.749971 -1.695595 0.176509
v 0.766058 -1.646871 0.196933
v 0.735955 -1.639199 0.219725
v 0.634090 -1.648432 0.262248
v 0.676656 -1.599451 0.277022
v 0.652963 -1.557459 0.306729
v 0.593525 -1.591914 0.309108
v 0.598141 -1.503112 0.338715
v 0.646440 -1.501304 0.322185
v 0.634610 -1.338353 0.335657
v 0.609633 -1.425571 0.344836
v 0.658242 -1.445285 0.321855
v 0.685010 -1.397193 0.310664
v 0.727589 -1.366940 0.292063
v 0.711266 -1.301025 0.309093
v 0.779522 -1.287815 0.283484
v 0.777988 -1.356150 0.272300
v 0.830380 -1.368148 0.248383
v 0.846966 -1.299930 0.253380
v 0.909018 -1.341165 0.212902
v 0.878078 -1.405484 0.217460
v 0.912318 -1.468034 0.180101
v 0.957450 -1.409162 0.159921
v 0.929205 -1.551563 0.135815
v 0.989289 -1.498577 0.093212
v 0.919064 -1.655129 0.085387
v 0.870901 -1.764801 0.043213
v 0.420733 -1.362326 0.361411
v 0.427060 -1.493575 0.351621
v 0.587387 -1.710033 0.231795
v 0.672012 -1.677188 0.226355
v 0.705944 -1.624584 0.246427
v 0.634656 -1.733469 0.196306
v 0.548360 -1.655828 0.280038
v 0.537826 -1.495647 0.348005
v 0.479098 -1.490240 0.350147
v 0.476280 -1.558702 0.334784
v 0.528740 -1.569195 0.327366
v 0.475714 -1.345639 0.350248
v 0.726037 -1.470244 0.276341
v 0.707775 -1.493588 0.285599
v 0.725910 -1.514742 0.272585
v 0.735177 -1.491539 0.268989
v 0.710319 -1.438248 0.289441
v 0.688234 -1.468440 0.300565
v 0.747904 -1.458435 0.266324
v 0.739904 -1.418040 0.276423
v 0.805015 -1.461727 0.240681
v 0.814579 -1.420219 0.244477
v 0.775775 -1.410680 0.262031
v 0.774903 -1.455525 0.254547
v 0.828627 -1.472273 0.228358
v 0.848164 -1.448909 0.224161
v 0.751058 -1.492697 0.260329
v 0.774279 -1.496405 0.248155
v 0.801919 -1.503291 0.233575
v 0.746530 -1.528340 0.258779
v 0.770321 -1.538766 0.242879
v 0.797317 -1.549540 0.224209
v 0.831809 -1.508559 0.218037
v 0.827878 -1.561566 0.202301
v 0.867484 -1.499967 0.202110
v 0.869675 -1.569314 0.175299
v 0.758163 -1.586835 0.235183
v 0.784812 -1.598462 0.212212
v 0.708012 -1.553139 0.278081
v 0.732492 -1.572989 0.257113
v 0.686915 -1.525003 0.296131
v 0.674361 -1.497785 0.307171
v 0.810412 -1.749784 0.107241
v 0.842851 -1.657438 0.145761
v 0.336640 -1.490053 0.410206
v 0.276819 -1.512601 0.413212
v 0.390880 -1.453869 0.388023
v 0.430197 -1.428171 0.358559
v 0.480103 -1.417759 0.353762
v 0.543218 -1.416713 0.353982
v 0.811562 -1.615543 0.186851
v 0.790078 -1.650176 0.180945
v 0.788961 -1.686599 0.160864
v 0.778827 -1.731887 0.138761
v 0.735940 -1.752580 0.146690
v 0.679443 -1.751595 0.168889
v 0.475952 -1.602122 0.317767
v 0.507186 -1.622465 0.305008
v 0.544661 -1.336912 0.346550
v -1.218080 -1.229090 -0.441571
v -1.214227 -1.314537 -0.428130
v -1.224225 -1.298985 -0.260049
v -1.229657 -1.191557 -0.277845
v -1.186559 -1.253340 -0.561584
v -1.175909 -1.324831 -0.551723
v -1.213438 -1.151725 -0.459097
v -1.215663 -1.101444 -0.313578
v -1.193083 -1.182029 -0.570538
v -1.157918 -1.264965 -0.614926
v -1.141737 -1.331096 -0.606290
v -1.114021 -1.532170 -0.523064
v -1.152630 -1.419577 -0.540156
v -1.116068 -1.420686 -0.603752
v -1.081081 -1.531210 -0.590562
v -1.168681 -1.196340 -0.623143
v -1.172372 -1.106929 -0.628936
v -1.197953 -1.094426 -0.578895
v -1.208117 -0.976073 -0.585399
v -1.180829 -0.982949 -0.632192
v -1.210596 -1.068594 -0.479304
v -1.218106 -0.960553 -0.495556
v -1.201259 -0.834020 -0.636572
v -1.231153 -0.833994 -0.589504
v -0.273321 -1.143502 0.353900
v -0.262444 -1.054932 0.319586
v -0.336886 -1.054715 0.304419
v -0.351147 -1.141711 0.342250
v -0.204834 -1.050667 0.345226
v -0.213836 -1.137441 0.382764
v -0.281557 -1.235238 0.389432
v -0.224625 -1.222406 0.429216
v -0.360845 -1.240355 0.366630
v -0.364304 -1.362949 0.399783
v -0.293463 -1.320231 0.443581
v -0.114051 -1.029201 0.417873
v -0.157750 -1.042122 0.379619
v -0.167503 -1.125640 0.421923
v -0.122175 -1.111625 0.463716
v -0.179590 -1.205393 0.470900
v -0.134481 -1.188191 0.517066
v -1.064370 -1.640461 -0.503736
v -1.039638 -1.640885 -0.568411
v -1.204203 -1.025833 -0.362731
v -1.206210 -0.932089 -0.397799
v -1.239330 -0.829985 -0.500142
v -1.221180 -0.812494 -0.407012
v -0.150589 -0.728237 0.276877
v -0.167401 -0.680094 0.265181
v -0.214841 -0.706520 0.229861
v -0.181451 -0.745943 0.256715
v -0.139665 -0.611552 0.281736
v -0.108764 -0.701807 0.299986
v -1.012129 -1.730138 -0.493006
v -0.996726 -1.727359 -0.554531
v -0.875947 -1.917737 -0.479752
v -0.951619 -1.817825 -0.486785
v -0.940163 -1.812369 -0.543771
v -0.860493 -1.912298 -0.531845
v -0.791443 -2.027725 -0.470011
v -0.768372 -2.019443 -0.514145
v -0.726503 -2.105434 -0.177585
v -0.797354 -2.002254 -0.177515
v -0.814268 -2.018776 -0.281545
v -0.736252 -2.126876 -0.272403
v -0.759377 -1.977480 -0.082947
v -0.699203 -2.077593 -0.087726
v -0.810000 -2.027216 -0.383475
v -0.728970 -2.140705 -0.369516
v -0.707469 -2.143930 -0.458811
v -0.679793 -2.133846 -0.501823
v -0.664530 -2.238701 -0.251345
v -0.652141 -2.256888 -0.344837
v -0.663329 -2.213144 -0.160090
v -0.627588 -2.263551 -0.434578
v -0.599668 -2.254855 -0.480230
v -0.594083 -2.348940 -0.213059
v -0.603193 -2.321080 -0.123387
v -0.575759 -2.370907 -0.304064
v -0.546811 -2.381179 -0.393928
v -0.516976 -2.372260 -0.440921
v -0.490523 -2.473753 -0.247503
v -0.512418 -2.448593 -0.158254
v -0.458280 -2.486074 -0.339075
v -0.426594 -2.478873 -0.397246
v -0.360370 -2.567379 -0.278407
v -0.393932 -2.558316 -0.183412
v -0.328779 -2.554972 -0.340155
v -0.228507 -2.600889 -0.288050
v -0.254734 -2.619704 -0.225947
v -0.423834 -2.237298 0.131137
v -0.494335 -2.181062 0.111985
v -0.537621 -2.205992 0.088451
v -0.460927 -2.270715 0.115963
v -0.553690 -2.098426 0.107988
v -0.595442 -2.120541 0.067258
v -0.627960 -2.149895 0.004501
v -0.577478 -2.243991 0.038397
v -0.501776 -2.320681 0.079776
v -0.350596 -2.241870 0.176202
v -0.376649 -2.301615 0.157743
v -0.407478 -2.371355 0.124994
v -0.526456 -2.375769 0.014862
v -0.429844 -2.443570 0.070849
v -0.599707 -2.286151 -0.033674
v -0.526035 -2.417389 -0.071054
v -0.429814 -2.496298 -0.007797
v -0.265450 -2.223980 0.227178
v -0.282663 -2.309526 0.201305
v -0.303181 -2.401278 0.169488
v -0.318529 -2.489885 0.124054
v -0.317133 -2.553607 0.052320
v -0.416216 -2.531841 -0.092476
v -0.304380 -2.592782 -0.031678
v -0.166720 -2.212118 0.261536
v -0.180394 -2.313565 0.237220
v -0.194610 -2.421363 0.211142
v -0.201607 -2.520648 0.166540
v -0.196454 -2.587520 0.093532
v -0.185574 -2.625139 0.007055
v -0.284726 -2.618209 -0.126865
v -0.171894 -2.645379 -0.090112
v -0.153091 -2.642655 -0.187084
v -0.049967 -2.104840 0.238392
v -0.136699 -2.100918 0.237071
v -0.150711 -2.126944 0.261058
v -0.052591 -2.127779 0.266187
v -0.063501 -2.212232 0.278664
v -0.072913 -2.319629 0.265539
v -0.079594 -2.434978 0.241943
v -0.080487 -2.537598 0.191767
v -0.076661 -2.602179 0.111123
v -0.072820 -2.636417 0.020749
v -0.069343 -2.652999 -0.075409
v -0.064676 -2.649175 -0.167969
v -0.137706 -2.619248 -0.241297
v -0.061574 -2.627343 -0.214686
v -1.234954 -0.669829 -0.632945
v -1.260221 -0.677106 -0.577646
v -0.399114 0.311379 -0.017221
v -0.433486 0.270320 0.071870
v -0.315793 0.217851 0.130161
v -0.290077 0.265880 0.050141
v -0.553550 0.315851 -0.001625
v -0.505363 0.349570 -0.095251
v -0.841785 0.331650 -0.199232
v -0.782004 0.389071 -0.290805
v -0.958772 0.342637 -0.414796
v -1.001675 0.278939 -0.319408
v -1.100149 0.230482 -0.519816
v -1.128613 0.171892 -0.424994
v -1.211828 0.026429 -0.504342
v -1.194242 0.072245 -0.592621
v -1.256569 -0.135980 -0.551876
v -1.242638 -0.105720 -0.630654
v -0.234874 -1.314054 0.491980
v -0.188871 -1.276721 0.520125
v -0.149396 -1.258567 0.565590
v -0.082700 -1.163847 0.568005
v -0.096287 -1.238611 0.625658
v -1.237311 -0.687800 -0.399696
v -1.261784 -0.691399 -0.488492
v -1.276098 -0.493518 -0.541387
v -1.256575 -0.490401 -0.623841
v -1.274080 -0.305269 -0.561057
v -1.259648 -0.298534 -0.631280
v -0.669981 -2.051293 -0.007551
v -0.714310 -1.953573 -0.000450
v -0.670341 -1.937979 0.076778
v -0.636903 -2.028884 0.063631
v -0.590403 -2.010828 0.116752
v -0.610052 -1.927178 0.138560
v -0.648857 -2.182402 -0.070721
v -0.615596 -1.844483 0.169417
v -0.696388 -1.848163 0.102158
v -0.685877 0.340215 -0.089830
v -0.621643 0.378741 -0.182294
v -0.326453 -0.978041 0.250341
v -0.251431 -0.972269 0.276271
v -0.195228 -0.966136 0.307674
v -0.311362 -0.902560 0.181617
v -0.244261 -0.889168 0.237961
v -0.188422 -0.882723 0.276171
v -0.232443 -0.801059 0.221471
v -0.183576 -0.803432 0.260810
v -0.242620 -1.400002 0.503242
v -0.285894 -1.401264 0.471943
v -0.319802 -1.437642 0.444516
v -0.317950 -1.497576 0.411743
v -0.376928 -1.477650 0.385211
v -0.340912 -1.554661 0.358367
v -0.287369 -1.547533 0.381427
v -0.198867 -1.588253 0.363834
v -0.245152 -1.577405 0.366283
v -0.285303 -1.605246 0.343961
v -0.221328 -1.629257 0.343472
v -0.150402 -1.590596 0.370464
v -0.158781 -1.640930 0.351951
v -0.142895 -0.797396 0.288001
v -0.100990 -0.784660 0.316657
v -0.149182 -0.958535 0.341673
v -0.142947 -0.876243 0.308304
v -0.109179 -0.945198 0.380969
v -0.103455 -0.864273 0.345684
v -0.184291 0.223094 0.098198
v -0.202782 0.173858 0.170778
v -0.100800 0.145924 0.193961
v -0.090633 0.194746 0.123624
v -0.227776 0.044839 0.244654
v -0.113229 0.017663 0.264809
v -0.239349 -0.123958 0.282853
v -0.116561 -0.147742 0.301430
v -0.234086 -0.319377 0.286800
v -0.106849 -0.314282 0.314380
v -0.169692 -0.481246 0.286504
v -0.084876 -0.462485 0.304942
v -0.067953 -0.584958 0.304312
v -0.059070 -0.685354 0.318717
v -0.007574 -1.613928 0.387969
v -0.087893 -1.594619 0.385506
v -0.088920 -1.651251 0.364515
v -0.008400 -1.657993 0.372528
v -0.069691 -1.009027 0.459025
v -0.062612 -0.930064 0.414811
v -0.096320 -1.714948 0.350971
v -0.008415 -1.719815 0.363027
v -0.102333 -1.774019 0.323532
v -0.008481 -1.784461 0.346249
v -0.074328 -1.089704 0.507904
v -0.057415 -0.852666 0.374413
v -0.056334 -0.772766 0.342271
v -0.104805 -1.806083 0.294251
v -0.008143 -1.825897 0.307930
v 0.069708 -1.573611 0.407960
v -0.004675 -1.589113 0.405309
v -0.062425 -1.576171 0.407810
v 0.067519 -1.489370 0.581099
v 0.060683 -1.520257 0.517483
v -0.048076 -1.560623 0.429655
v -0.005349 -1.568067 0.428290
v 0.042028 -1.562044 0.430238
v -0.004837 -1.543891 0.469269
v -0.043722 -1.542603 0.465777
v 0.037458 -1.543034 0.466647
v -0.004188 -1.522147 0.523392
v -0.068062 -1.519464 0.517010
v 0.212676 -1.465332 0.493748
v 0.244549 -1.464272 0.472681
v -0.184491 -1.750703 0.307419
v -0.173463 -1.698617 0.335550
v -0.249356 -1.679397 0.323921
v -0.354908 -1.652377 0.314133
v -0.188333 -1.779393 0.282922
v -0.266721 -1.731611 0.297338
v -0.270551 -1.760764 0.272409
v -0.362823 -1.727522 0.282289
v -0.358404 -1.764547 0.255583
v -0.486295 -1.757526 0.248575
v -0.439075 -1.797724 0.232374
v -0.537089 -1.846386 0.206524
v -0.491253 -1.854959 0.206031
v -0.230607 -2.130057 0.217648
v -0.246647 -2.152881 0.226450
v -0.312562 -2.181403 0.178292
v -0.327335 -2.195432 0.175323
v -0.398258 -2.215974 0.134397
v -0.384728 -2.211318 0.134788
v -0.443630 -2.164347 0.114457
v -0.460028 -2.167515 0.116796
v -0.489797 -2.075907 0.121786
v -0.512503 -2.082549 0.123678
v -0.509290 -1.990801 0.148947
v -0.541016 -1.997973 0.146878
v -0.511137 -1.919383 0.177625
v -0.549570 -1.921358 0.175067
v -0.465413 -1.351707 0.363758
v -0.576607 -1.353426 0.347750
v -0.556829 -1.465668 0.318244
v -0.453930 -1.465898 0.347968
v -0.700662 -1.358141 0.310029
v -0.672507 -1.467278 0.270880
v -1.049667 -0.847536 -0.148322
v -0.965423 -0.841341 -0.076132
v -0.937932 -0.833484 -0.105305
v -1.016782 -0.830711 -0.170083
v -0.584676 -0.878657 0.135362
v -0.549415 -0.866186 0.091649
v -0.693952 -0.830593 0.033693
v -0.725060 -0.839690 0.076866
v -0.479730 -0.911849 0.162819
v -0.450712 -0.894278 0.119105
v -0.399303 -0.925745 0.172812
v -0.385201 -0.905111 0.130427
v -0.325610 -0.883112 0.137270
v -0.275724 -0.804063 0.169949
v -0.294461 -0.804334 0.140023
v -0.266916 -0.711842 0.174010
v -0.287455 -0.715740 0.143290
v -0.268887 -0.630013 0.180455
v -0.290795 -0.638740 0.146038
v -0.283598 -0.552535 0.183158
v -0.303602 -0.568645 0.146408
v -0.322233 -0.480513 0.184154
v -0.334953 -0.504765 0.146486
v -0.385832 -0.432080 0.182443
v -0.386167 -0.459616 0.143172
v -0.468210 -0.422873 0.174639
v -0.451146 -0.448688 0.130243
v -0.561810 -0.447588 0.146688
v -0.531624 -0.476608 0.109555
v -0.658115 -0.484274 0.106852
v -0.621220 -0.518960 0.080989
v -0.754989 -0.519450 0.061194
v -0.717425 -0.558397 0.043681
v -1.122737 -0.732995 -0.224455
v -1.074107 -0.746839 -0.221209
v -1.055858 -0.683528 -0.176329
v -1.082198 -0.655528 -0.162300
v -1.112413 -0.838882 -0.220926
v -1.062363 -0.808413 -0.221220
v -1.027365 -0.606347 -0.104148
v -1.010021 -0.641490 -0.110555
v -0.926465 -0.612524 -0.051574
v -0.948104 -0.573119 -0.045624
v -0.822195 -0.589487 0.000296
v -0.853316 -0.548441 0.011125
v -0.448336 -1.136812 0.332178
v -0.432644 -1.050339 0.290430
v -0.539815 -1.036178 0.276703
v -0.561285 -1.129597 0.314100
v -0.667282 -1.015602 0.259841
v -0.690221 -1.122517 0.286602
v -0.575724 -1.235649 0.342656
v -0.461284 -1.237329 0.360042
v -0.703819 -1.235521 0.309453
v -0.612412 -1.756482 0.204318
v -0.714793 -1.758983 0.132628
v -1.187370 -0.640282 -0.293421
v -1.145669 -0.655852 -0.219988
v -1.110587 -0.598918 -0.174178
v -1.146335 -0.540762 -0.212708
v -1.052641 -0.541024 -0.118446
v -1.096822 -0.473387 -0.139604
v -0.980506 -0.498478 -0.058758
v -1.033710 -0.422436 -0.066051
v -0.899371 -0.467517 0.002881
v -0.959747 -0.384102 0.004103
v -0.812793 -0.439120 0.063360
v -0.877508 -0.348757 0.067084
v -0.717170 -0.405784 0.119394
v -0.783257 -0.309709 0.127064
v -0.612027 -0.367859 0.169204
v -0.674556 -0.270205 0.182478
v -0.571018 -0.225557 0.223975
v -0.489096 -0.326221 0.219227
v -0.441232 -0.244685 0.251182
v -0.491601 -0.172958 0.245316
v -1.262552 -0.307962 -0.451598
v -1.239408 -0.304857 -0.367780
v -1.211555 -0.229182 -0.323127
v -1.246523 -0.182267 -0.430470
v -1.143468 -0.109265 -0.241733
v -1.208146 -0.043599 -0.375889
v -1.112679 0.007740 -0.229975
v -1.144275 0.082386 -0.303919
v -1.042103 0.042187 -0.148547
v -1.045910 0.172004 -0.205549
v -0.913143 0.222679 -0.091133
v -0.936510 0.073364 -0.043541
v -0.812213 0.077623 0.054599
v -0.768547 0.232702 0.016811
v -0.680182 0.056672 0.133637
v -0.626452 0.205289 0.102482
v -0.550868 -0.012451 0.199657
v -0.490443 0.152308 0.168102
v -0.395111 -0.093472 0.251875
v -0.355885 0.091137 0.214262
v -1.120595 -0.206642 -0.170057
v -1.038287 -0.154984 -0.085182
v -1.044079 -0.068033 -0.117722
v -0.960983 -0.128818 -0.010390
v -0.955172 -0.045157 -0.019506
v -0.908438 -0.126332 0.037666
v -0.850453 -0.067525 0.073778
v -0.907043 -0.165149 0.051713
v -0.841202 -0.195307 0.103291
v -0.956035 -0.192346 0.015792
v -0.927202 -0.260915 0.048670
v -1.028577 -0.227432 -0.046344
v -1.003142 -0.302198 -0.014331
v -1.102775 -0.277425 -0.122033
v -1.077779 -0.348962 -0.085544
v -1.170752 -0.344158 -0.200507
v -1.142794 -0.409182 -0.163869
v -1.223157 -0.418574 -0.286449
v -1.192202 -0.481106 -0.247162
v -1.253758 -0.491210 -0.380164
v -1.226269 -0.554163 -0.331361
v -0.361048 -0.256474 0.265901
v -1.248601 -0.605606 -0.394773
v -1.269163 -0.573992 -0.453190
v -1.180845 -0.773595 -0.310009
v -1.174535 -0.884978 -0.301887
v -1.176225 -0.963197 -0.257569
v -1.138783 -0.908729 -0.201012
v -0.829168 -1.119118 0.238402
v -0.836816 -1.238785 0.251844
v -0.814177 -0.996119 0.224929
v -0.631056 -0.926412 0.205960
v -0.775211 -0.886980 0.164555
v -0.513592 -0.961510 0.223907
v -0.417164 -0.979374 0.235122
v -0.375560 -0.365090 0.236901
v -0.292875 -0.425403 0.237944
v -0.239183 -0.519657 0.239117
v -0.217727 -0.613611 0.236015
v -0.003356 -1.496662 0.585255
v -0.078074 -1.486595 0.579978
v -1.190700 -1.419277 -0.417073
v -1.190806 -1.414529 -0.255041
v -0.961456 -1.245805 0.165133
v -0.939176 -1.370433 0.151420
v -0.825858 -1.363934 0.244521
v -0.523410 -1.566834 0.294737
v -0.417454 -1.563658 0.329219
v -0.642345 -1.566216 0.242844
v -0.620805 -1.662469 0.228521
v -0.493385 -1.661113 0.278404
v -1.234679 -0.356960 -0.332531
v -1.265112 -0.414082 -0.430489
v -0.614289 -0.140677 0.208108
v -0.713188 -0.167246 0.168229
v -0.546868 -0.114684 0.225518
v -0.631184 -0.073092 0.186120
v -0.715412 -0.062855 0.147697
v -1.188318 -0.282099 -0.250709
v -1.171395 -1.019068 -0.146185
v -1.105661 -0.907597 -0.124352
v -0.830036 -0.824743 -0.037547
v -0.858007 -0.832636 0.000088
v -1.032681 -0.887581 -0.012873
v -0.918846 -0.873031 0.090120
v -0.964157 -0.985961 0.155110
v -1.088730 -0.993402 0.034051
v -1.101846 -1.126698 0.058781
v -0.968667 -1.120096 0.165401
v -1.081708 -1.258073 0.057866
v -1.043792 -1.381522 0.040217
v -1.194059 -1.150003 -0.099776
v -1.181411 -1.277098 -0.085202
v -1.134707 -1.398584 -0.094846
v 0.084334 -1.436459 0.641233
v -0.002461 -1.444136 0.656562
v -0.094262 -1.432943 0.637039
v 0.095896 -1.337535 0.660604
v -0.001797 -1.337933 0.688734
v -0.101185 -1.335891 0.656016
v 0.144845 -1.409822 0.598806
v -0.154783 -1.403160 0.588788
v -0.144509 -1.459398 0.561613
v 0.188295 -1.372946 0.553934
v -0.197276 -1.368558 0.544396
v -0.197176 -1.425541 0.533485
v 0.127953 -1.537563 0.406257
v 0.123050 -1.519899 0.397699
v 0.094622 -1.525162 0.411431
v 0.095784 -1.544862 0.418078
v 0.072787 -1.533041 0.428111
v 0.069677 -1.546625 0.431738
v 0.087250 -1.533965 0.485416
v 0.091640 -1.527117 0.471871
v 0.124434 -1.516599 0.477389
v 0.125334 -1.519502 0.494619
v 0.156195 -1.507883 0.470150
v 0.163282 -1.506346 0.487444
v 0.193571 -1.498833 0.471597
v 0.181135 -1.503114 0.455137
v 0.198193 -1.502148 0.437666
v 0.214187 -1.498153 0.453308
v 0.213659 -1.502451 0.422285
v 0.227136 -1.500890 0.435680
v 0.233716 -1.506471 0.419104
v 0.219131 -1.506248 0.408032
v 0.212763 -1.512800 0.397559
v 0.232484 -1.517800 0.407016
v 0.151284 -1.517401 0.388907
v 0.156434 -1.534826 0.395971
v 0.178133 -1.536497 0.390141
v 0.172536 -1.516769 0.385428
v 0.064828 -1.542567 0.458770
v 0.195878 -1.537931 0.388719
v 0.184365 -1.517587 0.385295
v 0.211809 -1.535358 0.391504
v 0.192599 -1.518139 0.386862
v 0.224755 -1.528309 0.397916
v 0.202621 -1.516835 0.390738
v 0.066017 -1.534986 0.453228
v 0.148521 -1.333732 0.599742
v 0.177383 -1.327801 0.559928
v -0.154416 -1.331983 0.591185
v -0.184074 -1.326556 0.551303
v -0.174672 -1.496378 0.491790
v -0.168984 -1.508160 0.475070
v -0.124694 -1.519853 0.480555
v -0.128911 -1.516947 0.497018
v -0.214441 -1.482731 0.474709
v -0.206284 -1.498056 0.460720
v -0.267314 -1.504027 0.422844
v -0.228822 -1.510344 0.410147
v -0.227126 -1.500723 0.436030
v -0.244790 -1.485684 0.450893
v -0.246701 -1.538189 0.394109
v -0.215900 -1.518605 0.394679
v -0.186567 -1.554876 0.382887
v -0.180539 -1.521161 0.386488
v -0.201821 -1.520112 0.387575
v -0.218250 -1.552695 0.383457
v -0.151658 -1.553431 0.391494
v -0.148564 -1.521499 0.393792
v -0.093037 -1.552267 0.416109
v -0.097335 -1.526897 0.412906
v -0.119279 -1.523277 0.403476
v -0.117593 -1.554265 0.404712
v -0.072665 -1.547038 0.429241
v -0.077835 -1.532232 0.424570
v -0.086849 -1.530264 0.470197
v -0.087104 -1.534315 0.484063
v -0.064069 -1.536603 0.446299
v -0.065615 -1.542134 0.455189
v -0.132849 -1.494496 0.524825
v -0.228601 -1.453546 0.491624
v -0.184744 -1.469419 0.512403
v -0.264469 -1.455551 0.467661
v -0.287350 -1.467963 0.448254
v -1.144959 -1.533900 -0.405431
v -1.139765 -1.530271 -0.256147
v -1.081160 -1.513024 -0.110150
v -0.995868 -1.494160 0.014519
v -0.894104 -1.478475 0.114855
v -0.786161 -1.470199 0.200278
v -0.755723 -1.570861 0.174793
v -0.860124 -1.582560 0.093676
v -0.732873 -1.666460 0.156528
v -0.829286 -1.678950 0.073461
v -1.086426 -1.641924 -0.395828
v -1.078764 -1.637627 -0.261386
v -1.027992 -1.619780 -0.125971
v -0.952674 -1.599900 -0.005794
v -0.977123 -1.717651 -0.142745
v -0.912183 -1.697752 -0.025432
v -1.025183 -1.735249 -0.393392
v -1.016839 -1.732744 -0.271167
v -0.796189 -1.768929 0.047816
v -0.869623 -1.789150 -0.046501
v -0.926111 -1.809292 -0.158998
v -0.956648 -1.821959 -0.281405
v -0.961556 -1.823524 -0.394581
v -0.889800 -1.919785 -0.392458
v -0.890641 -1.915728 -0.286081
v -0.867350 -1.902394 -0.171529
v -0.819749 -1.880706 -0.066874
v -0.758647 -1.858316 0.020533
v 1.082841 -1.399846 -0.601526
v 1.114278 -1.271203 -0.621202
v 1.048524 -1.518789 -0.574684
v 1.137019 -1.131685 -0.628868
v 1.152091 -0.984883 -0.629736
v 1.175760 -0.830811 -0.630920
v 0.596509 -0.434390 0.004341
v 0.677697 -0.426123 -0.034136
v 0.752430 -0.436717 -0.074689
v 0.514732 -0.464753 0.038666
v 0.439140 -0.512078 0.066382
v 0.373516 -0.575383 0.083866
v 0.412849 -1.855222 0.216654
v 0.467868 -1.809900 0.162493
v 0.263030 -1.848060 0.273212
v 0.341510 -1.867913 0.247981
v 0.092329 -1.792996 0.297825
v 0.182247 -1.806153 0.289805
v 0.406273 -2.074857 0.094691
v 0.359467 -2.131414 0.115304
v 0.442209 -2.010412 0.078443
v 0.294963 -2.173839 0.139832
v 0.215458 -2.187277 0.169905
v 0.124614 -2.165798 0.197582
v 1.009167 -1.626765 -0.552318
v 0.981377 -0.637880 -0.236677
v 1.000676 -0.705689 -0.251110
v 0.952409 -0.576462 -0.211090
v 0.912649 -0.526043 -0.177859
v 0.962096 -1.711578 -0.537531
v 0.829861 -1.898659 -0.522996
v 0.904649 -1.795952 -0.528534
v 0.741761 -2.010975 -0.516006
v 0.654419 -2.127808 -0.502729
v 0.573172 -2.249589 -0.484845
v 0.491121 -2.366914 -0.446817
v 0.402387 -2.466157 -0.392348
v 0.307283 -2.540636 -0.335949
v 0.206545 -2.587077 -0.287481
v 0.032037 -2.128911 0.215082
v 0.015138 -2.610750 -0.224793
v 0.105555 -2.606382 -0.250594
v 1.206247 -0.667264 -0.631953
v 0.334040 0.256031 0.004272
v 0.200007 0.212943 0.073214
v 0.457039 0.298230 -0.070146
v 0.083732 0.184058 0.112722
v -0.007030 0.174339 0.123505
v 0.946094 0.305458 -0.422472
v 0.804533 0.351274 -0.322424
v 0.673992 0.353779 -0.226744
v 1.073097 0.212912 -0.521685
v 1.168779 0.070551 -0.599986
v 1.219223 -0.102229 -0.641990
v 0.712429 -0.814212 -0.061213
v 0.608398 -0.818849 -0.023066
v 0.514863 -0.835679 0.016083
v 0.441916 -0.857414 0.045899
v 1.228196 -0.490838 -0.637385
v 0.510216 -1.850941 0.074102
v 0.475658 -1.935568 0.070014
v 0.542683 -1.782353 0.093452
v 1.232322 -0.297200 -0.648684
v 0.329137 -0.651976 0.093320
v 0.307716 -0.722732 0.103799
v 0.295872 -0.782585 0.107461
v 0.334368 -0.880028 0.080848
v 0.312591 -0.865120 0.091637
v 0.298149 -0.831276 0.103756
v 0.360230 -0.879685 0.071418
v 0.392603 -0.872096 0.062036
v 1.004466 -0.769409 -0.248745
v 0.867980 -0.485843 -0.145096
v 0.815738 -0.457112 -0.112747
v 0.564138 0.332570 -0.144178
v 0.818697 -0.815490 -0.096601
v 0.917846 -0.820449 -0.138112
v 0.985621 -0.826152 -0.182486
v 1.002233 -0.812643 -0.224531
v 0.530010 -1.762850 0.121603
v 0.549067 -1.756751 0.104652
v -1.139323 -1.263396 -0.616430
v -1.123463 -1.328614 -0.606833
v -1.098500 -1.415839 -0.597776
v -1.065082 -1.523695 -0.580461
v -1.148790 -1.194703 -0.622562
v -1.165188 -0.981366 -0.630712
v -1.154404 -1.105744 -0.626519
v -1.187566 -0.832004 -0.639361
v -1.024548 -1.631473 -0.558638
v -0.981158 -1.716699 -0.545505
v -0.925955 -1.801822 -0.536033
v -0.849166 -1.903217 -0.525777
v -0.758980 -2.012135 -0.512559
v -0.667676 -2.124771 -0.499341
v -0.586715 -2.245462 -0.478154
v -0.506150 -2.364798 -0.443822
v -0.416891 -2.465066 -0.392383
v -0.322235 -2.537938 -0.333515
v -0.225229 -2.582536 -0.281606
v -0.049726 -2.102132 0.224210
v -0.135192 -2.099189 0.225664
v -0.135604 -2.602986 -0.239387
v -0.060549 -2.613906 -0.217772
v -1.220526 -0.668000 -0.632750
v -0.292807 0.246518 0.039438
v -0.402397 0.291736 -0.024674
v -0.507865 0.326845 -0.101049
v -0.774516 0.354894 -0.297257
v -0.943841 0.316832 -0.419280
v -1.082346 0.215539 -0.522258
v -1.176476 0.064755 -0.594241
v -1.226164 -0.108921 -0.632962
v -1.241490 -0.490086 -0.624880
v -1.243552 -0.299786 -0.633534
v -0.621241 0.348111 -0.188500
v -0.091371 0.182622 0.115348
v -0.186030 0.207108 0.087810
v -0.102520 -1.800279 0.278780
v -0.007741 -1.810318 0.282774
v -0.185303 -1.775228 0.269767
v -0.266027 -1.755632 0.253131
v -0.353125 -1.757845 0.233553
v -0.438299 -1.789335 0.218061
v -0.493802 -1.847159 0.195559
v -0.227762 -2.128755 0.208182
v -0.309330 -2.181554 0.169010
v -0.379128 -2.214830 0.124018
v -0.447844 -2.170295 0.105620
v -0.496590 -2.077821 0.112899
v -0.510924 -1.986303 0.133250
v -0.510691 -1.912098 0.159995
v -0.929595 -0.839821 -0.115756
v -1.005231 -0.842473 -0.183598
v -0.548998 -0.880647 0.078225
v -0.692108 -0.846211 0.024231
v -0.448966 -0.912093 0.093079
v -0.379682 -0.921572 0.101648
v -0.326423 -0.884667 0.122428
v -0.292797 -0.805596 0.124718
v -0.282805 -0.715206 0.126367
v -0.287175 -0.637768 0.131734
v -0.301232 -0.567441 0.137458
v -0.330456 -0.500450 0.139738
v -0.380817 -0.450686 0.135489
v -0.448300 -0.437087 0.121190
v -0.530102 -0.472979 0.104919
v -0.619432 -0.519533 0.078347
v -0.715791 -0.559836 0.041658
v -1.065964 -0.748363 -0.230684
v -1.053452 -0.683936 -0.179426
v -1.047133 -0.815665 -0.239211
v -1.010404 -0.640651 -0.110659
v -0.926233 -0.612184 -0.051743
v -0.820816 -0.590889 -0.001124
v -0.824853 -0.835328 -0.046451
v 0.116388 -1.514893 0.381838
v 0.083410 -1.518879 0.396108
v 0.059645 -1.523608 0.420515
v 0.084534 -1.510724 0.472026
v 0.118652 -1.500200 0.476359
v 0.150860 -1.491637 0.467520
v 0.176927 -1.486619 0.451113
v 0.195971 -1.485988 0.432243
v 0.211106 -1.489752 0.415685
v 0.217761 -1.495904 0.400737
v 0.214160 -1.499119 0.386131
v 0.173291 -1.508100 0.364392
v 0.147456 -1.510655 0.370726
v 0.190131 -1.506783 0.364545
v 0.199851 -1.504467 0.368419
v 0.207382 -1.501503 0.375507
v 0.058405 -1.523455 0.452700
v -0.158856 -1.493618 0.463205
v -0.118929 -1.505399 0.475275
v -0.189733 -1.491822 0.438693
v -0.224284 -1.490345 0.390847
v -0.209865 -1.488637 0.418057
v -0.220344 -1.502132 0.365316
v -0.175625 -1.513104 0.353607
v -0.203097 -1.511985 0.352817
v -0.139057 -1.511567 0.368330
v -0.084984 -1.518694 0.395289
v -0.109251 -1.515482 0.382074
v -0.066560 -1.523562 0.416046
v -0.082393 -1.517588 0.468677
v -0.057713 -1.527489 0.445744
v 1.131273 -1.289744 -0.232110
v 1.096356 -1.414854 -0.199392
v 1.072276 -1.356340 -0.095086
v 1.107911 -1.235908 -0.131161
v 1.104283 -1.461538 -0.308610
v 1.140455 -1.334989 -0.335378
v 1.046424 -1.532076 -0.176143
v 1.053433 -1.573691 -0.290967
v 1.025810 -1.473826 -0.063713
v 1.099342 -1.494854 -0.418738
v 1.048218 -1.603234 -0.400837
v 1.136780 -1.369234 -0.442974
v 1.152428 -1.205156 -0.366858
v 1.141480 -1.164527 -0.271639
v 1.152619 -1.236437 -0.467008
v 1.072438 -1.510609 -0.513490
v 1.026994 -1.617767 -0.491935
v 1.107308 -1.388489 -0.539223
v 1.131468 -1.257640 -0.560539
v 1.156964 -1.101186 -0.485888
v 1.150881 -1.077230 -0.396074
v 1.146634 -1.119679 -0.572578
v 1.160442 -0.976182 -0.577186
v 1.166644 -0.963816 -0.498999
v 1.184333 -0.825845 -0.578568
v 0.605933 -0.380342 0.045699
v 0.701513 -0.373674 0.008010
v 0.789554 -0.385682 -0.031878
v 0.631775 -0.310428 0.115272
v 0.509889 -0.411353 0.079830
v 0.517886 -0.347560 0.145901
v 0.740197 -0.292215 0.068613
v 0.519610 -0.256657 0.203074
v 0.416904 -0.410707 0.173988
v 0.400462 -0.328117 0.241137
v 0.638945 -0.207206 0.147819
v 0.424512 -0.466341 0.110012
v 0.369891 -0.209153 0.248147
v 0.286691 -0.417970 0.238849
v 0.214322 -0.311377 0.254994
v 0.505082 -0.139910 0.205186
v 0.328121 -0.489362 0.186217
v 0.351574 -0.537506 0.129187
v 0.203412 -0.526885 0.222593
v 0.257889 -0.580973 0.184448
v 0.139440 -0.479758 0.248473
v 0.299127 -0.620677 0.137141
v 0.152077 -0.634495 0.223637
v 0.100071 -0.602458 0.246852
v 0.207050 -0.692351 0.188683
v 0.659760 -1.164396 0.230829
v 0.641722 -1.086323 0.219511
v 0.728431 -1.075986 0.193044
v 0.739124 -1.155073 0.204968
v 0.561721 -1.101482 0.239335
v 0.582963 -1.179549 0.249710
v 0.627151 -0.999382 0.235092
v 0.541141 -1.017198 0.255148
v 0.723836 -0.986163 0.205897
v 0.509849 -1.194630 0.262847
v 0.602709 -1.254705 0.268749
v 0.527968 -1.269149 0.279380
v 0.489413 -1.116629 0.254728
v 0.677883 -1.234860 0.250711
v 0.751833 -1.223261 0.225832
v 0.819154 -1.159625 0.171378
v 0.823444 -1.231440 0.194075
v 0.819279 -1.076379 0.158122
v 0.221630 -1.162581 0.311255
v 0.214468 -1.075559 0.277660
v 0.275612 -1.077933 0.253430
v 0.286037 -1.160580 0.281857
v 0.162404 -1.067612 0.315152
v 0.168768 -1.155143 0.353176
v 0.339400 -1.069376 0.248314
v 0.354009 -1.148293 0.268914
v 0.400835 -1.050643 0.264282
v 0.421321 -1.131908 0.264576
v 0.466446 -1.033074 0.269189
v 0.234948 -1.247322 0.355592
v 0.180151 -1.239808 0.401515
v 0.299796 -1.244385 0.316838
v 0.369157 -1.228511 0.289434
v 0.439368 -1.210436 0.273660
v 0.323191 -1.331388 0.371136
v 0.386632 -1.302545 0.311955
v 0.259710 -1.318777 0.418785
v 0.456370 -1.283222 0.289101
v 0.385604 -1.638570 0.259407
v 0.434663 -1.601739 0.265950
v 0.464329 -1.634250 0.245865
v 0.420444 -1.672117 0.237068
v 0.404768 -1.552514 0.293374
v 0.347655 -1.599262 0.283454
v 0.452936 -1.694570 0.216239
v 0.494094 -1.662346 0.223964
v 0.516657 -1.690800 0.197554
v 0.478155 -1.706030 0.200095
v 0.523954 -1.720953 0.169690
v 0.469628 -1.733806 0.186245
v 0.413297 -1.802005 0.210582
v 0.465750 -1.773927 0.172575
v 0.268244 -1.757472 0.262751
v 0.350876 -1.798029 0.236106
v 0.379442 -1.724314 0.231589
v 0.332443 -1.687954 0.253767
v 0.424252 -1.739476 0.208658
v 0.289658 -1.640815 0.275198
v 0.152386 -1.694510 0.293855
v 0.169794 -1.758645 0.284832
v 0.084548 -1.758548 0.298762
v 0.075143 -1.704286 0.306227
v 0.419559 -2.099354 0.063961
v 0.369435 -2.159757 0.093543
v 0.462623 -2.029274 0.045215
v 0.449566 -2.130311 0.057397
v 0.499418 -2.055735 0.038449
v 0.393208 -2.194632 0.091404
v 0.306143 -2.200938 0.137956
v 0.224643 -2.213386 0.179880
v 0.129134 -2.197858 0.206241
v 0.077871 -1.043698 0.396033
v 0.117966 -1.056639 0.356705
v 0.126160 -1.142535 0.398038
v 0.086013 -1.127742 0.441621
v 0.136343 -1.223288 0.446638
v 0.097874 -1.205430 0.493500
v 0.997533 -1.126794 0.048410
v 1.026276 -1.020582 0.029478
v 1.086762 -1.065880 -0.072898
v 1.065449 -1.178131 -0.034845
v 0.930795 -0.994588 0.107035
v 0.911363 -1.092708 0.111906
v 0.897483 -1.183990 0.127827
v 0.827532 -0.983372 0.166000
v 0.969777 -1.228754 0.070550
v 1.029439 -1.289861 -0.003717
v 0.995670 -1.395460 0.030462
v 0.950673 -1.321474 0.101322
v 0.815355 -1.854229 -0.097188
v 0.891415 -1.742961 -0.069468
v 0.924329 -1.752178 -0.174209
v 0.844479 -1.864623 -0.188776
v 0.990449 -1.642366 -0.165093
v 0.960102 -1.602133 -0.029885
v 1.000132 -1.668509 -0.283173
v 0.994952 -1.691162 -0.391311
v 0.891349 -1.264584 0.154199
v 1.120595 -1.116941 -0.174975
v 1.108379 -1.009009 -0.220042
v 1.135159 -1.045738 -0.310169
v 1.132257 -0.928655 -0.344361
v 1.155723 -0.949363 -0.419090
v 1.191096 -0.821550 -0.503472
v 1.176914 -0.817987 -0.430055
v 1.031315 -0.616299 -0.259896
v 1.046036 -0.699171 -0.283553
v 1.005162 -0.543481 -0.220544
v 1.095869 -0.585337 -0.293688
v 1.072373 -0.487640 -0.249634
v 1.106932 -0.691432 -0.317298
v 0.969667 -0.484827 -0.169255
v 1.036120 -0.404170 -0.193082
v 1.103024 -0.796915 -0.312848
v 1.159048 -0.684432 -0.362127
v 1.146348 -0.809659 -0.367407
v 1.047493 -0.781753 -0.278131
v 1.156203 -0.555458 -0.332449
v 1.139901 -0.432670 -0.279781
v 1.107696 -0.325392 -0.210825
v 0.119811 -0.721996 0.238250
v 0.155571 -0.741646 0.217574
v 0.078531 -0.703818 0.259552
v 0.976184 -1.704406 -0.478765
v 0.937756 -1.763674 -0.283753
v 0.857533 -1.874117 -0.288168
v 0.932109 -1.779964 -0.387204
v 0.852433 -1.885537 -0.385639
v 0.914668 -1.790684 -0.471409
v 0.836755 -1.892812 -0.466822
v 0.738762 -1.960761 -0.116944
v 0.761011 -1.976911 -0.199381
v 0.771895 -1.838437 -0.017033
v 0.703745 -1.940209 -0.041718
v 0.770717 -1.990966 -0.290168
v 0.764976 -2.001421 -0.382447
v 0.749360 -2.005903 -0.460772
v 0.682768 -2.086997 -0.199619
v 0.688480 -2.106684 -0.283638
v 0.665860 -2.064197 -0.124716
v 0.680336 -2.119284 -0.371607
v 0.663278 -2.123469 -0.448596
v 0.615097 -2.220565 -0.262625
v 0.603457 -2.236932 -0.347562
v 0.612407 -2.195042 -0.183159
v 0.582982 -2.242680 -0.425529
v 0.549466 -2.331676 -0.222365
v 0.550104 -2.300417 -0.144823
v 0.532102 -2.351295 -0.305525
v 0.505251 -2.357627 -0.384594
v 0.455909 -2.453853 -0.248095
v 0.480742 -2.434244 -0.164354
v 0.422335 -2.457521 -0.328994
v 0.329429 -2.533442 -0.270504
v 0.365345 -2.536812 -0.186744
v 0.226298 -2.579659 -0.221325
v 0.543716 -1.866669 0.055227
v 0.570343 -1.791281 0.088984
v 0.630662 -1.790445 0.087554
v 0.592666 -1.887820 0.048478
v 0.502935 -1.950870 0.040217
v 0.546244 -1.974759 0.034655
v 0.481232 -2.170044 0.031195
v 0.420739 -2.240970 0.072187
v 0.537543 -2.089128 0.009584
v 0.574009 -2.129453 -0.046649
v 0.512565 -2.217487 -0.016949
v 0.449726 -2.297342 0.032216
v 0.324751 -2.240346 0.138438
v 0.348135 -2.294289 0.126274
v 0.372842 -2.360741 0.092972
v 0.473009 -2.351176 -0.021289
v 0.393431 -2.425460 0.044074
v 0.535874 -2.261828 -0.076844
v 0.485941 -2.397910 -0.086656
v 0.401799 -2.479702 -0.020674
v 0.239676 -2.258185 0.187132
v 0.257179 -2.323140 0.180364
v 0.274080 -2.400663 0.150723
v 0.287585 -2.475595 0.103165
v 0.289700 -2.534624 0.035925
v 0.392229 -2.518643 -0.100046
v 0.278310 -2.572176 -0.046020
v 0.140157 -2.251759 0.218455
v 0.151324 -2.328989 0.218810
v 0.160083 -2.418334 0.191420
v 0.165913 -2.500154 0.142332
v 0.163930 -2.557487 0.070415
v 0.154490 -2.589218 -0.013358
v 0.255613 -2.587383 -0.134978
v 0.139169 -2.602363 -0.101691
v 0.120493 -2.598109 -0.187225
v 0.032001 -2.169030 0.216003
v 0.037729 -2.232536 0.230226
v 0.040555 -2.321685 0.231804
v 0.042179 -2.421406 0.206593
v 0.043467 -2.507538 0.157445
v 0.042350 -2.560588 0.084229
v 0.038395 -2.589493 0.001651
v 0.031444 -2.602728 -0.084767
v 0.022541 -2.602092 -0.166417
v 0.835530 -0.290055 0.005940
v 0.754263 -0.181527 0.081404
v 0.863880 -0.178729 0.009961
v 0.753936 -0.070701 0.061730
v 0.864919 -0.074549 -0.025600
v 0.633119 -0.093557 0.140378
v 0.746646 0.044840 0.014121
v 0.869426 0.038985 -0.070484
v 0.620759 0.025274 0.095070
v 0.491236 -0.012845 0.165406
v 1.215335 -0.665566 -0.575720
v 0.339932 0.191861 0.071094
v 0.208177 0.149344 0.129123
v 0.467268 0.235589 0.002784
v 0.349988 0.079903 0.163745
v 0.483803 0.127138 0.105480
v 0.216903 0.033258 0.204478
v 0.090672 0.121601 0.163205
v 0.096763 0.001756 0.225002
v -0.008352 -0.009132 0.231156
v -0.007534 0.111573 0.172252
v 0.833138 0.285859 -0.246921
v 0.966867 0.240397 -0.347121
v 0.702503 0.289467 -0.152956
v 1.083845 0.150626 -0.444771
v 1.086931 0.043988 -0.337577
v 1.168649 0.021803 -0.525620
v 1.161246 -0.062269 -0.425432
v 0.991504 0.128613 -0.235520
v 1.213266 -0.127384 -0.572214
v 1.201090 -0.154823 -0.487726
v 0.197577 -1.321456 0.470031
v 0.144660 -1.290315 0.496653
v 0.108488 -1.273260 0.539025
v 0.055818 -1.187436 0.535981
v 0.066661 -1.257481 0.587014
v -0.001889 -1.249293 0.611268
v -0.001940 -1.177472 0.556362
v 0.739220 -0.825730 -0.003169
v 0.634226 -0.827182 0.037851
v 0.539135 -0.846129 0.071417
v 0.462930 -0.872870 0.093042
v 0.039608 -1.031592 0.426348
v 0.045928 -1.111993 0.478531
v -0.003478 -1.103380 0.495417
v -0.004730 -1.027020 0.437050
v 1.200034 -0.676985 -0.418666
v 1.207316 -0.525412 -0.387074
v 1.221825 -0.668756 -0.494430
v 1.235462 -0.497503 -0.474401
v 1.186581 -0.374059 -0.339235
v 1.209127 -0.295060 -0.446720
v 1.235331 -0.489720 -0.572424
v 1.231174 -0.301409 -0.576544
v 0.870617 0.174079 -0.136472
v 0.982976 0.002109 -0.159453
v 0.740659 0.181571 -0.046301
v 1.074282 -0.067499 -0.254713
v 1.145072 -0.165801 -0.346976
v 0.356290 -0.066003 0.220325
v 0.218530 -0.123511 0.249428
v 0.982560 -0.340556 -0.133339
v 1.046514 -0.244791 -0.139711
v 0.924502 -0.441232 -0.116890
v 0.914975 -0.302883 -0.066686
v 0.864883 -0.408976 -0.072834
v 0.963219 -0.197903 -0.064946
v 1.054586 -0.161044 -0.198059
v 0.964268 -0.104135 -0.115403
v 1.132229 -0.249978 -0.272426
v 0.267504 -0.705813 0.138104
v 0.255940 -0.784494 0.134924
v 0.328569 -0.914058 0.114621
v 0.287422 -0.895882 0.121226
v 0.260874 -0.850272 0.130782
v 0.368425 -0.910388 0.110042
v 0.409064 -0.895708 0.104201
v 0.649964 -1.911130 0.020872
v 0.713025 -1.802943 0.055489
v 0.638518 -2.037646 -0.054760
v 0.593142 -2.003079 0.006638
v 0.597683 -2.164488 -0.112445
v 0.063016 -0.462230 0.259747
v 0.046514 -0.586647 0.261519
v -0.006681 -0.581876 0.264911
v -0.007997 -0.458141 0.262150
v 0.084025 -0.316155 0.264950
v -0.008821 -0.318124 0.267083
v 0.036677 -0.692815 0.274295
v -0.005956 -0.689642 0.277959
v 0.032241 -0.786667 0.298325
v -0.005620 -0.784692 0.302616
v 0.095008 -0.156144 0.255468
v -0.008878 -0.165053 0.257546
v 0.613166 0.163174 0.035433
v 0.584331 0.268997 -0.070548
v 0.844749 -0.834640 -0.049729
v 0.938417 -0.850558 -0.110671
v 1.002637 -0.863240 -0.181093
v 1.036047 -0.843530 -0.240929
v 1.088565 -0.898921 -0.260725
v 1.039204 -0.905549 -0.159458
v 0.973818 -0.883695 -0.068029
v 0.883435 -0.858669 0.011662
v 0.776647 -0.845248 0.070128
v 0.668467 -0.839961 0.117090
v 0.566201 -0.857732 0.148161
v 0.482851 -0.891171 0.161088
v 0.423967 -0.923597 0.162345
v 0.375275 -0.944818 0.162040
v 0.325013 -0.951733 0.164329
v 0.272145 -0.938591 0.172106
v 0.217327 -0.894150 0.192015
v 0.209247 -0.795471 0.181690
v 1.067887 -0.974394 -0.121932
v 1.008548 -0.935418 -0.020472
v 0.923016 -0.904231 0.073121
v 0.815717 -0.890008 0.140749
v 0.705106 -0.892142 0.188929
v 0.600108 -0.908324 0.220256
v 0.509504 -0.932497 0.235573
v 0.439237 -0.958486 0.237408
v 0.328186 -1.002764 0.211365
v 0.268400 -1.002462 0.218080
v 0.383363 -0.984988 0.223236
v 0.210377 -0.990040 0.240911
v 0.157882 -0.980604 0.278728
v 0.155349 -0.892881 0.244415
v 0.154307 -0.807256 0.224714
v 0.104200 -1.467355 0.505923
v 0.101297 -1.436284 0.533125
v 0.151053 -1.417210 0.507150
v 0.147175 -1.451465 0.488287
v 0.205972 -1.398732 0.481001
v 0.257496 -1.394528 0.454830
v 0.298285 -1.408831 0.430347
v 0.319929 -1.441394 0.409267
v 0.364521 -1.394453 0.374881
v 0.310299 -1.500248 0.356469
v 0.365866 -1.494112 0.343144
v 0.341891 -1.534208 0.320453
v 0.290268 -1.523494 0.335365
v 0.302714 -1.567678 0.305128
v 0.260386 -1.543711 0.320867
v 0.173416 -1.569456 0.312957
v 0.220377 -1.559436 0.312625
v 0.251876 -1.596073 0.294711
v 0.196236 -1.618443 0.294668
v 0.120685 -1.575610 0.321941
v 0.134439 -1.632439 0.305202
v 0.065979 -1.642322 0.317053
v 0.059715 -1.585033 0.335093
v 0.264568 -1.467325 0.399950
v 0.250630 -1.452361 0.421625
v 0.262477 -1.499562 0.360080
v 0.249414 -1.514411 0.344796
v 0.196414 -1.533785 0.330827
v 0.157747 -1.534617 0.335413
v 0.112930 -1.534541 0.346514
v 0.227872 -1.526650 0.334408
v 0.108513 -0.803550 0.256890
v 0.069488 -0.793857 0.282146
v 0.112225 -0.971155 0.318937
v 0.108264 -0.887000 0.283545
v 0.073377 -0.960202 0.354828
v 0.069733 -0.878208 0.315035
v 0.032418 -0.872525 0.332585
v 0.035092 -0.952923 0.376794
v -0.005002 -0.951148 0.382876
v -0.005244 -0.871210 0.337002
v 0.226071 -1.675043 0.279667
v 0.530666 -1.747328 0.141087
v 0.554980 -1.756562 0.119285
v 0.565646 -1.756397 0.118003
v 0.561370 -1.744801 0.131217
v 0.570183 -1.720983 0.152857
v 0.601934 -1.739666 0.127903
v 0.742083 -1.624148 0.156181
v 0.728770 -1.670135 0.135938
v 0.691206 -1.664508 0.157923
v 0.712482 -1.616203 0.179222
v 0.639273 -1.547636 0.276276
v 0.658016 -1.581918 0.239018
v 0.619362 -1.620957 0.220994
v 0.582391 -1.572458 0.265739
v 0.589658 -1.496566 0.306809
v 0.636471 -1.497389 0.300968
v 0.647128 -1.442989 0.299443
v 0.602251 -1.424233 0.318844
v 0.624597 -1.340847 0.299618
v 0.669369 -1.394145 0.278926
v 0.710484 -1.361882 0.254237
v 0.697497 -1.302578 0.270702
v 0.812973 -1.362158 0.212111
v 0.761592 -1.350282 0.234268
v 0.764276 -1.288664 0.247365
v 0.828908 -1.299864 0.219758
v 0.885875 -1.458092 0.145602
v 0.856512 -1.398312 0.181539
v 0.885017 -1.338771 0.179410
v 0.926902 -1.402590 0.127747
v 0.953279 -1.486254 0.064332
v 0.898168 -1.536418 0.102766
v 0.884806 -1.632792 0.053087
v 0.838176 -1.737443 0.012397
v 0.406025 -1.366608 0.323502
v 0.417330 -1.485469 0.314774
v 0.576169 -1.672626 0.193994
v 0.684089 -1.602763 0.206433
v 0.655364 -1.647871 0.186028
v 0.628410 -1.697594 0.157687
v 0.538452 -1.628606 0.236452
v 0.471701 -1.543269 0.285056
v 0.475081 -1.482441 0.301296
v 0.532377 -1.487161 0.300064
v 0.522999 -1.551724 0.278589
v 0.469422 -1.351128 0.301191
v 0.702857 -1.509601 0.233941
v 0.685663 -1.489562 0.249560
v 0.701459 -1.464895 0.232734
v 0.710895 -1.486590 0.225570
v 0.668822 -1.464887 0.268405
v 0.686557 -1.432608 0.247430
v 0.718279 -1.410364 0.231604
v 0.725131 -1.451285 0.219688
v 0.756717 -1.402290 0.217897
v 0.795255 -1.411748 0.201349
v 0.784262 -1.452410 0.194280
v 0.753925 -1.447114 0.207540
v 0.825955 -1.439706 0.181801
v 0.806759 -1.462223 0.182904
v 0.727354 -1.486309 0.214788
v 0.751181 -1.487829 0.201469
v 0.779083 -1.492408 0.186917
v 0.722439 -1.520820 0.217275
v 0.772411 -1.535581 0.179853
v 0.745503 -1.528089 0.199321
v 0.808185 -1.496063 0.172715
v 0.802725 -1.545091 0.158793
v 0.841402 -1.487708 0.160327
v 0.841429 -1.551928 0.134921
v 0.733232 -1.570606 0.194494
v 0.759443 -1.579815 0.170346
v 0.688007 -1.544329 0.244010
v 0.709421 -1.560135 0.218817
v 0.670462 -1.519841 0.267881
v 0.660004 -1.494314 0.282373
v 0.784181 -1.723179 0.070276
v 0.815488 -1.634920 0.107090
v 0.322615 -1.474612 0.383552
v 0.268028 -1.483818 0.378796
v 0.378428 -1.448570 0.366812
v 0.417796 -1.425704 0.323972
v 0.475382 -1.417135 0.306462
v 0.537885 -1.416325 0.307104
v 0.786465 -1.595328 0.145394
v 0.765951 -1.627814 0.140179
v 0.765480 -1.662692 0.120728
v 0.756171 -1.706052 0.099283
v 0.717895 -1.724883 0.105981
v 0.668985 -1.720642 0.127451
v 0.470719 -1.582083 0.269622
v 0.500958 -1.600003 0.258392
v 0.538931 -1.343312 0.295652
v -1.196531 -1.294170 -0.265714
v -1.189603 -1.310239 -0.423512
v -1.185946 -1.227589 -0.436131
v -1.207902 -1.191812 -0.281010
v -1.139096 -1.316927 -0.537218
v -1.156311 -1.249747 -0.551590
v -1.173226 -1.152554 -0.454287
v -1.186644 -1.105468 -0.315764
v -1.159964 -1.179554 -0.560425
v -1.116080 -1.407372 -0.524406
v -1.078741 -1.515370 -0.507680
v -1.173483 -0.971810 -0.574760
v -1.159435 -1.091644 -0.566756
v -1.172714 -1.068703 -0.476354
v -1.181446 -0.957371 -0.495934
v -1.190000 -0.827240 -0.579100
v -0.329167 -1.073682 0.269769
v -0.242284 -1.077503 0.276572
v -0.254167 -1.162955 0.315183
v -0.342329 -1.156759 0.307876
v -0.176822 -1.070409 0.309538
v -0.183326 -1.160666 0.345184
v -0.256393 -1.253789 0.348133
v -0.190035 -1.241631 0.392440
v -0.348323 -1.252041 0.332173
v -0.350726 -1.364332 0.370251
v -0.274146 -1.327259 0.415606
v -0.134178 -1.147866 0.391125
v -0.126962 -1.060154 0.349819
v -0.085309 -1.047615 0.389420
v -0.092002 -1.132550 0.437438
v -0.145545 -1.230428 0.439132
v -0.102270 -1.210185 0.491047
v -1.031739 -1.620924 -0.491206
v -1.160503 -0.932002 -0.408904
v -1.162771 -1.030613 -0.368021
v -1.193676 -0.823277 -0.504027
v -1.176830 -0.807555 -0.422458
v -0.183566 -0.706509 0.188312
v -0.141242 -0.680591 0.220235
v -0.124001 -0.731836 0.233678
v -0.152543 -0.748884 0.214471
v -0.120421 -0.610327 0.234924
v -0.087772 -0.707692 0.254314
v -0.980035 -1.708411 -0.482264
v -0.927546 -1.800204 -0.478474
v -0.858982 -1.904459 -0.472865
v -0.776133 -2.015612 -0.462978
v -0.780401 -1.995005 -0.287966
v -0.764578 -1.980197 -0.191840
v -0.686318 -2.082343 -0.191904
v -0.704344 -2.106326 -0.277843
v -0.729715 -1.958973 -0.101412
v -0.665981 -2.061032 -0.104457
v -0.787896 -2.011010 -0.382013
v -0.714047 -2.130061 -0.367380
v -0.689405 -2.129721 -0.448591
v -0.636715 -2.221587 -0.254542
v -0.635989 -2.245063 -0.342568
v -0.623436 -2.192523 -0.170594
v -0.608394 -2.247704 -0.424453
v -0.554551 -2.320687 -0.216332
v -0.569358 -2.300435 -0.131475
v -0.541025 -2.342027 -0.300768
v -0.518771 -2.353435 -0.382187
v -0.457473 -2.438094 -0.245690
v -0.478751 -2.416776 -0.162862
v -0.429801 -2.447979 -0.327196
v -0.339789 -2.525039 -0.268493
v -0.367648 -2.517622 -0.184385
v -0.242936 -2.573961 -0.217645
v -0.518792 -2.199522 0.059825
v -0.483186 -2.178676 0.084477
v -0.408652 -2.238724 0.100981
v -0.436831 -2.264635 0.074010
v -0.548689 -2.096009 0.095830
v -0.584436 -2.116030 0.053927
v -0.562907 -2.238021 0.024800
v -0.608334 -2.142109 -0.009252
v -0.484256 -2.312657 0.057063
v -0.338401 -2.243796 0.155591
v -0.356191 -2.295442 0.120057
v -0.386670 -2.359034 0.091254
v -0.512389 -2.366332 0.004874
v -0.416207 -2.431287 0.056184
v -0.580937 -2.276624 -0.043232
v -0.499005 -2.394770 -0.080135
v -0.406686 -2.469235 -0.021210
v -0.254703 -2.224895 0.202755
v -0.270596 -2.304091 0.173747
v -0.286176 -2.387942 0.134756
v -0.302353 -2.469799 0.098391
v -0.297766 -2.520358 0.032278
v -0.387294 -2.493589 -0.101161
v -0.283318 -2.548875 -0.044948
v -0.158634 -2.212751 0.228299
v -0.171127 -2.307348 0.205144
v -0.181781 -2.406552 0.173926
v -0.187228 -2.492663 0.130956
v -0.183017 -2.546807 0.067539
v -0.173945 -2.577491 -0.008769
v -0.266683 -2.571173 -0.130762
v -0.162785 -2.594683 -0.095568
v -0.147721 -2.595436 -0.180189
v -0.146020 -2.134316 0.240415
v -0.054364 -2.141079 0.231092
v -0.060579 -2.215364 0.233328
v -0.067177 -2.312778 0.224630
v -0.072311 -2.417156 0.199268
v -0.073668 -2.505084 0.152665
v -0.071505 -2.557904 0.083727
v -0.068896 -2.586979 0.004534
v -0.066408 -2.601293 -0.081044
v -0.063050 -2.601660 -0.162386
v -1.222715 -0.672281 -0.571987
v -0.316301 0.189463 0.105264
v -0.432866 0.242420 0.051754
v -0.549959 0.285349 -0.020376
v -0.825474 0.300797 -0.215833
v -0.978848 0.253016 -0.332327
v -1.103266 0.154392 -0.432381
v -1.181338 0.015104 -0.509104
v -1.219264 -0.142886 -0.555543
v -0.206222 -1.322365 0.464363
v -0.150131 -1.291651 0.490866
v -0.111906 -1.275920 0.535207
v -0.059831 -1.190925 0.534708
v -0.070866 -1.259806 0.584069
v -1.224064 -0.686139 -0.493688
v -1.201752 -0.682454 -0.414238
v -1.241681 -0.492756 -0.541811
v -1.234782 -0.308458 -0.563308
v -0.693558 -1.941982 -0.015866
v -0.646100 -2.040388 -0.023223
v -0.658698 -1.931469 0.064963
v -0.625750 -2.023323 0.052162
v -0.587023 -2.007938 0.108630
v -0.603856 -1.921746 0.125962
v -0.619142 -2.169637 -0.083790
v -0.686030 -1.841882 0.090367
v -0.605728 -1.836477 0.150015
v -0.677288 0.308745 -0.107284
v -0.313637 -1.004089 0.214385
v -0.229674 -0.993481 0.238182
v -0.168627 -0.982844 0.274025
v -0.301611 -0.914594 0.166138
v -0.215461 -0.905919 0.199496
v -0.162026 -0.894822 0.242393
v -0.200094 -0.808375 0.182688
v -0.155264 -0.810229 0.222088
v -0.215846 -1.395463 0.476679
v -0.266950 -1.397626 0.449054
v -0.305669 -1.430125 0.418999
v -0.306465 -1.480876 0.377848
v -0.366595 -1.468775 0.356513
v -0.280249 -1.523870 0.334395
v -0.329544 -1.537764 0.315073
v -0.275643 -1.588825 0.293917
v -0.239461 -1.554929 0.312032
v -0.190517 -1.569155 0.308651
v -0.212362 -1.615757 0.291922
v -0.138175 -1.572171 0.316905
v -0.148428 -1.630404 0.300294
v -0.077849 -0.795803 0.277260
v -0.116253 -0.805313 0.251450
v -0.120552 -0.973588 0.312348
v -0.116140 -0.888143 0.277658
v -0.077534 -0.880236 0.309910
v -0.081081 -0.963121 0.348478
v -0.100867 0.120730 0.165057
v -0.203150 0.145868 0.141424
v -0.111351 0.000619 0.225271
v -0.225022 0.028240 0.210756
v -0.113035 -0.155084 0.253241
v -0.233946 -0.130614 0.243239
v -0.101968 -0.314457 0.261688
v -0.224066 -0.316563 0.243136
v -0.079344 -0.460620 0.257042
v -0.154547 -0.475815 0.237154
v -0.059962 -0.586847 0.257587
v -0.047676 -0.694008 0.270631
v -0.080757 -1.640650 0.312972
v -0.075427 -1.572021 0.335887
v -0.006811 -1.591733 0.339409
v -0.007497 -1.646526 0.320496
v -0.048004 -1.034758 0.421660
v -0.044239 -0.955126 0.372966
v -0.088690 -1.704076 0.303068
v -0.006359 -1.709087 0.310645
v -0.096583 -1.761224 0.289481
v -0.005196 -1.765568 0.300133
v -0.051951 -1.115947 0.475084
v -0.042039 -0.873948 0.329715
v -0.042366 -0.788124 0.295029
v 0.052909 -1.537758 0.367626
v -0.045313 -1.538060 0.368884
v -0.004787 -1.549005 0.366484
v 0.052215 -1.453240 0.551004
v 0.051067 -1.487041 0.503723
v -0.033431 -1.521230 0.409627
v -0.005151 -1.522925 0.407301
v 0.026802 -1.520969 0.412010
v -0.035756 -1.513405 0.456642
v -0.004834 -1.508144 0.457513
v 0.028873 -1.511156 0.457752
v -0.004488 -1.486360 0.507466
v -0.058190 -1.487976 0.502206
v 0.188324 -1.442487 0.465163
v 0.224659 -1.443112 0.442992
v -0.176007 -1.738882 0.273163
v -0.162661 -1.687065 0.287313
v -0.238909 -1.665186 0.275119
v -0.344553 -1.636194 0.268111
v -0.257022 -1.716590 0.257620
v -0.353826 -1.712441 0.244248
v -0.480095 -1.747712 0.225002
v -0.530942 -1.836261 0.183691
v -0.239120 -2.158704 0.212539
v -0.319741 -2.200727 0.163996
v -0.388975 -2.220602 0.117449
v -0.456113 -2.168907 0.102589
v -0.512409 -2.082398 0.116057
v -0.539470 -1.993514 0.132583
v -0.542204 -1.910217 0.146874
v -0.546246 -1.456259 0.286357
v -0.567094 -1.350114 0.314013
v -0.453686 -1.350340 0.328267
v -0.441142 -1.456218 0.311412
v -0.665499 -1.462096 0.254721
v -0.683869 -1.350409 0.268074
v -0.955087 -0.867210 -0.084523
v -1.026339 -0.883100 -0.167941
v -0.585664 -0.891019 0.127350
v -0.724279 -0.857124 0.068479
v -0.480505 -0.928935 0.150145
v -0.393872 -0.955676 0.148644
v -0.263474 -0.808118 0.157306
v -0.250818 -0.711738 0.158438
v -0.252947 -0.627118 0.163879
v -0.271197 -0.547996 0.167674
v -0.311662 -0.472413 0.169039
v -0.377417 -0.420117 0.169554
v -0.465123 -0.414638 0.169962
v -0.560636 -0.445221 0.144939
v -0.657022 -0.483958 0.104733
v -0.754113 -0.519233 0.059507
v -1.115314 -0.738226 -0.229308
v -1.081694 -0.656955 -0.163674
v -1.082293 -0.858284 -0.249501
v -1.027273 -0.605237 -0.105050
v -0.946715 -0.571843 -0.047388
v -0.852090 -0.548008 0.009631
v -0.537358 -1.050272 0.249451
v -0.430814 -1.058117 0.276391
v -0.445891 -1.142368 0.317707
v -0.555643 -1.140911 0.279891
v -0.661184 -1.032956 0.222065
v -0.680430 -1.132018 0.249829
v -0.454868 -1.242752 0.334174
v -0.566960 -1.241224 0.303710
v -0.689879 -1.239048 0.268882
v -0.605852 -1.751198 0.191502
v -0.707387 -1.754381 0.122951
v -1.108700 -0.598226 -0.177050
v -1.143526 -0.656713 -0.222115
v -1.167198 -0.636918 -0.306113
v -1.138518 -0.539406 -0.218974
v -1.092930 -0.473761 -0.143070
v -1.047982 -0.539077 -0.124237
v -1.030401 -0.423483 -0.069540
v -0.975061 -0.496231 -0.066486
v -0.956612 -0.385349 0.000353
v -0.895153 -0.465301 -0.004339
v -0.874184 -0.349841 0.062437
v -0.809982 -0.437155 0.057291
v -0.779680 -0.310451 0.121434
v -0.714756 -0.403569 0.112789
v -0.671298 -0.270727 0.176771
v -0.609611 -0.365237 0.162032
v -0.567876 -0.225797 0.218195
v -0.486064 -0.323784 0.210957
v -0.487528 -0.173964 0.236907
v -0.435907 -0.242974 0.233575
v -1.193687 -0.232375 -0.331273
v -1.220947 -0.307322 -0.374223
v -1.233191 -0.311225 -0.457139
v -1.227580 -0.186269 -0.434618
v -1.198510 -0.047713 -0.379037
v -1.123425 -0.114508 -0.254506
v -1.138812 0.077786 -0.307145
v -1.092530 -0.000394 -0.243649
v -1.041579 0.167186 -0.209232
v -1.019311 0.031525 -0.167407
v -0.909331 0.217287 -0.095514
v -0.914666 0.060069 -0.067692
v -0.765268 0.224816 0.011811
v -0.794197 0.063556 0.026726
v -0.623079 0.195420 0.095060
v -0.665991 0.043438 0.102576
v -0.487250 0.142192 0.157599
v -0.540206 -0.022964 0.167820
v -0.353187 0.078929 0.196410
v -0.388912 -0.099656 0.225944
v -1.023345 -0.158212 -0.098521
v -1.101594 -0.210315 -0.183767
v -1.024388 -0.073742 -0.134494
v -0.946547 -0.049269 -0.029987
v -0.950811 -0.131214 -0.021668
v -0.843476 -0.070853 0.062464
v -0.899036 -0.128471 0.025542
v -0.837282 -0.195990 0.096600
v -0.900815 -0.166492 0.043272
v -0.924404 -0.261166 0.043924
v -0.951265 -0.193155 0.009699
v -0.997614 -0.303025 -0.021109
v -1.022486 -0.227986 -0.052784
v -1.067397 -0.350937 -0.095440
v -1.084954 -0.279563 -0.137227
v -1.134212 -0.410536 -0.170710
v -1.150087 -0.346612 -0.214844
v -1.183858 -0.481015 -0.252863
v -1.214025 -0.419273 -0.291520
v -1.206337 -0.551584 -0.341773
v -1.235529 -0.490415 -0.386467
v -0.354290 -0.254793 0.240764
v -1.220133 -0.601753 -0.406411
v -1.240109 -0.571366 -0.459439
v -1.150508 -0.772211 -0.328000
v -1.130723 -0.891731 -0.322500
v -1.137746 -0.974901 -0.269610
v -1.101947 -0.930122 -0.219235
v -0.816590 -1.238779 0.213811
v -0.813651 -1.125148 0.202749
v -0.799899 -1.013721 0.182798
v -0.629912 -0.948931 0.179612
v -0.767845 -0.917541 0.133836
v -0.512915 -0.968123 0.216441
v -0.414627 -0.993905 0.217476
v -0.370769 -0.362393 0.227376
v -0.280536 -0.419045 0.212465
v -0.216827 -0.511560 0.201352
v -0.188906 -0.607974 0.193840
v -0.003411 -1.461204 0.557553
v -0.061526 -1.450873 0.547964
v -1.168724 -1.411875 -0.413011
v -1.167836 -1.406371 -0.260703
v -0.916870 -1.359805 0.123614
v -0.938498 -1.242107 0.134385
v -0.803733 -1.353399 0.207611
v -0.404228 -1.549332 0.287317
v -0.511266 -1.555055 0.259660
v -0.632573 -1.558772 0.222551
v -0.483127 -1.650294 0.246307
v -0.613536 -1.657135 0.213913
v -1.240237 -0.415162 -0.435556
v -1.222261 -0.358099 -0.337754
v -0.705863 -0.169268 0.154017
v -0.607715 -0.143499 0.194542
v -0.540942 -0.118334 0.212386
v -0.703999 -0.068587 0.123654
v -0.619120 -0.079280 0.156876
v -1.170544 -0.284673 -0.261095
v -1.144326 -1.028799 -0.156743
v -1.079890 -0.929680 -0.137857
v -0.854007 -0.851020 -0.006439
v -0.903769 -0.901102 0.066592
v -1.013669 -0.910460 -0.027731
v -0.936845 -1.005263 0.113376
v -1.052676 -1.011475 0.005039
v -0.946050 -1.123182 0.132049
v -1.065107 -1.130156 0.026861
v -1.051469 -1.251690 0.030343
v -1.019841 -1.370800 0.018382
v -1.156108 -1.152814 -0.116968
v -1.143328 -1.270032 -0.104689
v -1.106660 -1.387247 -0.110493
v 0.060439 -1.412578 0.594306
v -0.002759 -1.419280 0.611129
v -0.069176 -1.407951 0.590599
v -0.002980 -1.338039 0.634267
v 0.069023 -1.338873 0.612863
v -0.075037 -1.336798 0.607675
v 0.107149 -1.395787 0.559499
v -0.113431 -1.432018 0.526658
v -0.117003 -1.389719 0.551603
v 0.152187 -1.370993 0.522506
v -0.163740 -1.412473 0.500733
v -0.161251 -1.367026 0.515464
v 0.114213 -1.515430 0.370389
v 0.075754 -1.519302 0.389892
v 0.051651 -1.521985 0.419412
v 0.075238 -1.503592 0.481613
v 0.112967 -1.489160 0.487664
v 0.149679 -1.477118 0.476764
v 0.181110 -1.470363 0.457906
v 0.205543 -1.469602 0.436777
v 0.222191 -1.473595 0.416087
v 0.231707 -1.480165 0.396102
v 0.234436 -1.488580 0.378497
v 0.180360 -1.517288 0.347243
v 0.149415 -1.514759 0.354894
v 0.051923 -1.517298 0.454755
v 0.205405 -1.515289 0.347179
v 0.221878 -1.508000 0.353879
v 0.231051 -1.498405 0.364733
v 0.111302 -1.337616 0.564231
v 0.139093 -1.334184 0.529185
v -0.116137 -1.335093 0.557054
v -0.146167 -1.326565 0.518646
v -0.157233 -1.471776 0.474621
v -0.115313 -1.489347 0.486269
v -0.195439 -1.460618 0.451295
v -0.258025 -1.478007 0.387867
v -0.228351 -1.462114 0.423115
v -0.246890 -1.511401 0.348364
v -0.178316 -1.535241 0.330837
v -0.217221 -1.530727 0.331020
v -0.136883 -1.530136 0.341719
v -0.071303 -1.521151 0.383397
v -0.098605 -1.525988 0.358932
v -0.055890 -1.521826 0.415011
v -0.076397 -1.505145 0.477777
v -0.054615 -1.519585 0.450770
v -0.112574 -1.464941 0.503028
v -0.203059 -1.434811 0.461294
v -0.157832 -1.444980 0.484173
v -0.244142 -1.439015 0.437161
v -0.271250 -1.450947 0.416580
v -1.122505 -1.523019 -0.401877
v -1.130964 -1.526033 -0.258081
v -1.070060 -1.507350 -0.116263
v -0.986716 -1.489208 0.006678
v -0.889526 -1.476266 0.109453
v -0.779668 -1.466359 0.189509
v -0.745530 -1.564104 0.159437
v -0.849366 -1.575720 0.081137
v -0.724278 -1.661183 0.144271
v -0.813904 -1.669755 0.056409
v -1.062105 -1.627343 -0.393341
v -1.071755 -1.633509 -0.262712
v -1.020185 -1.614992 -0.130451
v -0.941121 -1.592734 -0.015933
v -0.891931 -1.685039 -0.042419
v -0.963009 -1.708490 -0.150715
v -1.005634 -1.725388 -0.273667
v -0.996948 -1.716211 -0.391685
v -0.778075 -1.757611 0.029627
v -0.844145 -1.772149 -0.066426
v -0.907672 -1.796689 -0.168683
v -0.939440 -1.809996 -0.285053
v -0.932552 -1.802785 -0.393333
v -0.865708 -1.897968 -0.290959
v -0.863439 -1.900387 -0.391273
v -0.842152 -1.884703 -0.183667
v -0.791982 -1.861716 -0.086866
v -0.739410 -1.846314 0.003716

# UV coordinates
vt 0.818140 0.441950
vt 0.840860 0.421520
vt 0.857130 0.456680
vt 0.833980 0.474440
vt 0.863620 0.401940
vt 0.879700 0.439250
vt 0.824210 0.388790
vt 0.847230 0.367790
vt 0.801070 0.411240
vt 0.887170 0.384170
vt 0.870040 0.348570
vt 0.903850 0.422820
vt 0.893380 0.477460
vt 0.871470 0.492990
vt 0.917500 0.462870
vt 0.913030 0.367790
vt 0.893110 0.331730
vt 0.931270 0.405520
vt 0.944440 0.447750
vt 0.925780 0.504990
vt 0.903070 0.515840
vt 0.952460 0.492840
vt 0.952200 0.391980
vt 0.964990 0.435860
vt 0.932220 0.356230
vt 0.972200 0.483650
vt 0.956700 0.538650
vt 0.976010 0.531670
vt 0.930850 0.547170
vt 0.978030 0.581850
vt 0.959010 0.586450
vt 0.727280 0.720470
vt 0.726290 0.739390
vt 0.698610 0.738090
vt 0.703100 0.720560
vt 0.750430 0.714470
vt 0.753090 0.735690
vt 0.671210 0.731000
vt 0.693950 0.764930
vt 0.662440 0.754520
vt 0.726430 0.768470
vt 0.678810 0.714640
vt 0.633210 0.739330
vt 0.654500 0.781550
vt 0.620470 0.764280
vt 0.690900 0.792800
vt 0.646240 0.719320
vt 0.657190 0.704940
vt 0.590770 0.739700
vt 0.611150 0.794470
vt 0.569110 0.767080
vt 0.650620 0.811180
vt 0.608090 0.719100
vt 0.625080 0.702870
vt 0.638460 0.690730
vt 0.570810 0.708530
vt 0.590640 0.694200
vt 0.551110 0.720870
vt 0.611300 0.682650
vt 0.559360 0.679010
vt 0.542670 0.687160
vt 0.580240 0.664210
vt 0.708810 0.520320
vt 0.686090 0.522090
vt 0.687160 0.504220
vt 0.708320 0.502940
vt 0.665360 0.523710
vt 0.667160 0.504850
vt 0.684630 0.541630
vt 0.662870 0.543760
vt 0.709170 0.540080
vt 0.668590 0.485410
vt 0.648930 0.505870
vt 0.650030 0.486130
vt 0.647090 0.525810
vt 0.688080 0.486560
vt 0.707730 0.486660
vt 0.729940 0.499400
vt 0.726870 0.482730
vt 0.732910 0.517680
vt 0.598900 0.556950
vt 0.584230 0.560250
vt 0.584550 0.535800
vt 0.599350 0.532930
vt 0.569070 0.562470
vt 0.569940 0.538380
vt 0.613240 0.553770
vt 0.614460 0.530590
vt 0.628380 0.550610
vt 0.630400 0.528280
vt 0.644610 0.547060
vt 0.584020 0.510800
vt 0.569350 0.513680
vt 0.599480 0.508150
vt 0.615420 0.507420
vt 0.631870 0.506910
vt 0.597450 0.480350
vt 0.616140 0.485230
vt 0.580260 0.485670
vt 0.632950 0.486550
vt 0.630820 0.387850
vt 0.622740 0.397800
vt 0.611270 0.388230
vt 0.620560 0.378200
vt 0.614940 0.412810
vt 0.601400 0.399810
vt 0.647460 0.368770
vt 0.639370 0.378770
vt 0.629010 0.370890
vt 0.636790 0.365970
vt 0.651760 0.358250
vt 0.635630 0.356310
vt 0.634360 0.346010
vt 0.616750 0.343760
vt 0.614780 0.332070
vt 0.634260 0.336550
vt 0.581990 0.360220
vt 0.580680 0.336390
vt 0.598840 0.332560
vt 0.602030 0.347890
vt 0.609480 0.364370
vt 0.597050 0.374930
vt 0.621340 0.357630
vt 0.586040 0.387630
vt 0.531110 0.361670
vt 0.556870 0.363900
vt 0.550580 0.375960
vt 0.528660 0.375100
vt 0.532380 0.351460
vt 0.558280 0.349270
vt 0.605260 0.260730
vt 0.609350 0.251290
vt 0.627010 0.261510
vt 0.620430 0.270360
vt 0.641710 0.275480
vt 0.633380 0.282770
vt 0.634420 0.250930
vt 0.651660 0.266120
vt 0.614350 0.239620
vt 0.588270 0.244330
vt 0.586900 0.252180
vt 0.563270 0.251050
vt 0.563420 0.243830
vt 0.538650 0.260850
vt 0.537880 0.253360
vt 0.555720 0.540520
vt 0.554020 0.563930
vt 0.539400 0.564900
vt 0.541480 0.542050
vt 0.555800 0.517510
vt 0.542150 0.520310
vt 0.821920 0.521820
vt 0.793070 0.532420
vt 0.784260 0.504560
vt 0.809810 0.491110
vt 0.763690 0.536610
vt 0.758060 0.512720
vt 0.751890 0.491720
vt 0.735760 0.538650
vt 0.774040 0.479400
vt 0.796000 0.462290
vt 0.781330 0.436110
vt 0.763530 0.457040
vt 0.793800 0.326230
vt 0.767690 0.337530
vt 0.752690 0.303070
vt 0.775330 0.290850
vt 0.778840 0.378920
vt 0.808290 0.358480
vt 0.833900 0.341210
vt 0.856830 0.322750
vt 0.907100 0.318700
vt 0.745470 0.472850
vt 0.847790 0.508180
vt 0.856960 0.541220
vt 0.881090 0.528300
vt 0.886990 0.563550
vt 0.908160 0.554440
vt 0.933390 0.591180
vt 0.912010 0.594300
vt 0.832890 0.636800
vt 0.851330 0.637130
vt 0.842780 0.661770
vt 0.824140 0.655980
vt 0.830030 0.683240
vt 0.812650 0.671950
vt 0.863940 0.669150
vt 0.850610 0.698650
vt 0.871910 0.637230
vt 0.814020 0.702110
vt 0.833370 0.724760
vt 0.798380 0.687100
vt 0.891270 0.637430
vt 0.872190 0.605440
vt 0.892400 0.599120
vt 0.851110 0.613440
vt 0.883460 0.676750
vt 0.869880 0.714070
vt 0.851020 0.747070
vt 0.552360 0.655300
vt 0.564180 0.650620
vt 0.538490 0.659640
vt 0.877720 0.304790
vt 0.892310 0.292430
vt 0.819970 0.314000
vt 0.798840 0.277070
vt 0.841870 0.295800
vt 0.819460 0.259270
vt 0.860820 0.276560
vt 0.837170 0.240340
vt 0.875510 0.265950
vt 0.849360 0.228960
vt 0.735110 0.271230
vt 0.754020 0.256970
vt 0.730690 0.314580
vt 0.716080 0.284470
vt 0.773560 0.240510
vt 0.792600 0.221730
vt 0.809460 0.203130
vt 0.820970 0.190500
vt 0.730630 0.226830
vt 0.746540 0.208630
vt 0.715270 0.242630
vt 0.763000 0.188230
vt 0.778960 0.168500
vt 0.790570 0.154280
vt 0.717600 0.181940
vt 0.730620 0.160350
vt 0.704700 0.201540
vt 0.744100 0.139110
vt 0.755000 0.123660
vt 0.685270 0.160780
vt 0.675830 0.181720
vt 0.694510 0.138380
vt 0.704660 0.115330
vt 0.713450 0.098430
vt 0.655500 0.123110
vt 0.650020 0.146080
vt 0.662260 0.098310
vt 0.668920 0.079380
vt 0.619690 0.088190
vt 0.615870 0.113660
vt 0.624190 0.068480
vt 0.580870 0.062950
vt 0.578630 0.082380
vt 0.685250 0.332760
vt 0.671080 0.334480
vt 0.663490 0.312800
vt 0.677610 0.305660
vt 0.653220 0.292520
vt 0.665860 0.284430
vt 0.643350 0.237720
vt 0.620560 0.225420
vt 0.662770 0.254660
vt 0.655050 0.219350
vt 0.678720 0.236300
vt 0.628540 0.206470
vt 0.590900 0.232420
vt 0.594760 0.217650
vt 0.599810 0.198170
vt 0.636190 0.187540
vt 0.604750 0.178570
vt 0.665460 0.200970
vt 0.643510 0.167780
vt 0.609330 0.158530
vt 0.564950 0.232210
vt 0.566890 0.215670
vt 0.569550 0.195140
vt 0.572210 0.174110
vt 0.574310 0.152860
vt 0.613040 0.136710
vt 0.575820 0.130820
vt 0.538650 0.239220
vt 0.538820 0.218970
vt 0.539680 0.195620
vt 0.540400 0.172880
vt 0.540820 0.150360
vt 0.540750 0.128220
vt 0.576890 0.107800
vt 0.540060 0.105080
vt 0.539950 0.080090
vt 0.512980 0.273100
vt 0.513680 0.263550
vt 0.513220 0.246700
vt 0.511910 0.223790
vt 0.511380 0.197060
vt 0.510940 0.172890
vt 0.510370 0.150240
vt 0.509380 0.128000
vt 0.507750 0.105890
vt 0.505200 0.081240
vt 0.539980 0.060980
vt 0.503310 0.063520
vt 0.757850 0.765760
vt 0.727530 0.796720
vt 0.762970 0.793890
vt 0.729910 0.824370
vt 0.768340 0.820520
vt 0.690400 0.820980
vt 0.735150 0.854050
vt 0.775920 0.849570
vt 0.693360 0.851080
vt 0.651970 0.843340
vt 0.977940 0.634840
vt 0.958580 0.637310
vt 0.573870 0.903380
vt 0.623710 0.918470
vt 0.636790 0.949790
vt 0.572140 0.929040
vt 0.668540 0.929370
vt 0.683630 0.961430
vt 0.614290 0.873010
vt 0.657220 0.882740
vt 0.572870 0.860750
vt 0.508250 0.848720
vt 0.537670 0.851900
vt 0.536510 0.894290
vt 0.507950 0.891760
vt 0.533410 0.919510
vt 0.507800 0.917710
vt 0.865060 0.948440
vt 0.809780 0.965860
vt 0.799430 0.931360
vt 0.848830 0.915000
vt 0.757730 0.970380
vt 0.751140 0.937010
vt 0.912990 0.918590
vt 0.892950 0.886640
vt 0.929250 0.846980
vt 0.868640 0.847800
vt 0.901580 0.817880
vt 0.829410 0.871320
vt 0.953370 0.868560
vt 0.950970 0.803760
vt 0.973580 0.816890
vt 0.924140 0.791790
vt 0.563880 0.487130
vt 0.552850 0.497410
vt 0.541120 0.501610
vt 0.510560 0.506270
vt 0.527140 0.504440
vt 0.527210 0.522350
vt 0.511090 0.523890
vt 0.709560 0.610480
vt 0.738980 0.607530
vt 0.738520 0.625510
vt 0.708540 0.628330
vt 0.681090 0.626880
vt 0.682540 0.610340
vt 0.660350 0.608970
vt 0.659560 0.623310
vt 0.511340 0.544550
vt 0.526900 0.543250
vt 0.525560 0.565680
vt 0.511640 0.566230
vt 0.910510 0.638090
vt 0.903480 0.684380
vt 0.932550 0.639130
vt 0.928100 0.691720
vt 0.889770 0.729310
vt 0.917720 0.751350
vt 0.956920 0.692280
vt 0.957240 0.750420
vt 0.977280 0.690200
vt 0.654650 0.318690
vt 0.644830 0.298360
vt 0.662520 0.338390
vt 0.979120 0.751740
vt 0.786310 0.886140
vt 0.814940 0.836810
vt 0.742730 0.891710
vt 0.851140 0.816540
vt 0.884030 0.788710
vt 0.570690 0.816330
vt 0.610740 0.831050
vt 0.826430 0.771620
vt 0.812250 0.745200
vt 0.796820 0.717600
vt 0.786910 0.758350
vt 0.776880 0.728480
vt 0.796460 0.786350
vt 0.837920 0.792640
vt 0.804700 0.810230
vt 0.866760 0.766050
vt 0.627060 0.672160
vt 0.622740 0.655620
vt 0.605210 0.661010
vt 0.620150 0.641780
vt 0.605880 0.641140
vt 0.627600 0.624860
vt 0.618590 0.614760
vt 0.627080 0.610230
vt 0.633110 0.621920
vt 0.610100 0.624300
vt 0.621390 0.631390
vt 0.635240 0.608810
vt 0.640630 0.621760
vt 0.647610 0.622400
vt 0.645280 0.608400
vt 0.694220 0.298820
vt 0.707790 0.329220
vt 0.699750 0.257420
vt 0.679460 0.275060
vt 0.692090 0.219210
vt 0.511400 0.692220
vt 0.526630 0.691050
vt 0.529280 0.724750
vt 0.510340 0.725740
vt 0.533520 0.764560
vt 0.509370 0.763660
vt 0.512180 0.662650
vt 0.525180 0.662030
vt 0.835390 0.619930
vt 0.784670 0.699380
vt 0.769710 0.707260
vt 0.512540 0.636220
vt 0.524560 0.635920
vt 0.536430 0.807900
vt 0.508690 0.804980
vt 0.700020 0.889500
vt 0.709140 0.935570
vt 0.719870 0.968180
vt 0.768330 0.601450
vt 0.767720 0.618880
vt 0.800080 0.595070
vt 0.799230 0.609920
vt 0.827960 0.591570
vt 0.822790 0.602970
vt 0.831780 0.606820
vt 0.843370 0.596070
vt 0.831420 0.573310
vt 0.860400 0.575600
vt 0.800940 0.575910
vt 0.768810 0.579430
vt 0.738780 0.584210
vt 0.709820 0.587190
vt 0.682620 0.588410
vt 0.658980 0.589210
vt 0.642370 0.590590
vt 0.617740 0.595330
vt 0.629430 0.592520
vt 0.605710 0.600000
vt 0.589230 0.611490
vt 0.585700 0.637150
vt 0.829120 0.549440
vt 0.799270 0.556280
vt 0.768000 0.559960
vt 0.737870 0.562710
vt 0.709520 0.564470
vt 0.683060 0.565990
vt 0.659880 0.567960
vt 0.642300 0.570270
vt 0.613610 0.576240
vt 0.599990 0.579940
vt 0.627400 0.573060
vt 0.584870 0.584580
vt 0.568480 0.586490
vt 0.568040 0.610520
vt 0.565870 0.633370
vt 0.548120 0.462540
vt 0.534490 0.458960
vt 0.534480 0.449550
vt 0.546310 0.452200
vt 0.561320 0.465780
vt 0.573210 0.464330
vt 0.583010 0.458960
vt 0.588260 0.449550
vt 0.602920 0.460820
vt 0.599140 0.419110
vt 0.603750 0.431980
vt 0.589480 0.429280
vt 0.586070 0.420570
vt 0.589820 0.408390
vt 0.578380 0.413140
vt 0.576000 0.398850
vt 0.567010 0.407530
vt 0.555410 0.404770
vt 0.561750 0.392590
vt 0.542860 0.403710
vt 0.545710 0.390120
vt 0.526410 0.389020
vt 0.525840 0.402190
vt 0.572350 0.445960
vt 0.575860 0.439780
vt 0.576980 0.427010
vt 0.573950 0.421030
vt 0.560340 0.413790
vt 0.551560 0.413440
vt 0.541100 0.413470
vt 0.568150 0.416290
vt 0.537220 0.634900
vt 0.550890 0.633380
vt 0.552630 0.587330
vt 0.551820 0.610640
vt 0.537300 0.611260
vt 0.537780 0.587920
vt 0.512190 0.588440
vt 0.524570 0.588350
vt 0.524320 0.611680
vt 0.512550 0.611930
vt 0.570160 0.379010
vt 0.654890 0.351360
vt 0.656310 0.343000
vt 0.661210 0.345870
vt 0.662160 0.342330
vt 0.668100 0.345710
vt 0.664430 0.350750
vt 0.664780 0.356310
vt 0.674880 0.348810
vt 0.693010 0.373000
vt 0.704040 0.370280
vt 0.705460 0.383120
vt 0.696470 0.386630
vt 0.670510 0.388450
vt 0.678620 0.399760
vt 0.670940 0.410970
vt 0.658640 0.404390
vt 0.658690 0.425970
vt 0.668880 0.424810
vt 0.669990 0.462730
vt 0.661820 0.443730
vt 0.672420 0.437750
vt 0.680500 0.448280
vt 0.692820 0.454180
vt 0.689520 0.469020
vt 0.706980 0.470530
vt 0.706240 0.455430
vt 0.719680 0.451080
vt 0.723550 0.465920
vt 0.739230 0.454970
vt 0.732070 0.440860
vt 0.741260 0.424450
vt 0.753230 0.437190
vt 0.747870 0.403320
vt 0.765400 0.414010
vt 0.750150 0.375700
vt 0.743400 0.344790
vt 0.617660 0.466470
vt 0.618110 0.432780
vt 0.662040 0.372550
vt 0.682100 0.379060
vt 0.687560 0.392140
vt 0.677520 0.363460
vt 0.649720 0.387790
vt 0.645420 0.429160
vt 0.631560 0.432130
vt 0.631050 0.414090
vt 0.643630 0.410840
vt 0.633380 0.467740
vt 0.691480 0.428400
vt 0.685600 0.423370
vt 0.690810 0.417550
vt 0.694040 0.422670
vt 0.687320 0.436880
vt 0.680360 0.430550
vt 0.698010 0.430580
vt 0.696010 0.440980
vt 0.713240 0.428660
vt 0.715740 0.438670
vt 0.705630 0.442150
vt 0.705280 0.430870
vt 0.719400 0.425520
vt 0.724230 0.430780
vt 0.698560 0.421930
vt 0.704760 0.420700
vt 0.712350 0.418560
vt 0.696610 0.413840
vt 0.703270 0.410840
vt 0.711110 0.407610
vt 0.720270 0.416660
vt 0.719830 0.403830
vt 0.728830 0.417860
vt 0.730520 0.400680
vt 0.700410 0.400200
vt 0.708750 0.396090
vt 0.685730 0.409740
vt 0.692860 0.404510
vt 0.679400 0.416780
vt 0.675960 0.423970
vt 0.723670 0.352140
vt 0.727340 0.378110
vt 0.590600 0.439000
vt 0.577660 0.433230
vt 0.605020 0.446440
vt 0.618870 0.449450
vt 0.632660 0.449690
vt 0.647600 0.447660
vt 0.717310 0.390550
vt 0.712560 0.381600
vt 0.714010 0.371370
vt 0.714080 0.358400
vt 0.704080 0.353570
vt 0.689820 0.355650
vt 0.631430 0.402660
vt 0.639190 0.396990
vt 0.649890 0.466430
vt 0.104290 0.478490
vt 0.110880 0.457140
vt 0.150890 0.468080
vt 0.143910 0.495850
vt 0.074580 0.463090
vt 0.080080 0.446210
vt 0.097840 0.499560
vt 0.135020 0.519820
vt 0.070350 0.485550
vt 0.055450 0.452310
vt 0.062580 0.436470
vt 0.103680 0.381060
vt 0.088200 0.416560
vt 0.067050 0.403840
vt 0.084130 0.370940
vt 0.054210 0.476760
vt 0.047740 0.501170
vt 0.066410 0.508780
vt 0.062850 0.547820
vt 0.044100 0.541650
vt 0.092640 0.520400
vt 0.087710 0.555370
vt 0.040360 0.589140
vt 0.060560 0.593110
vt 0.433550 0.538780
vt 0.435600 0.562890
vt 0.415060 0.558970
vt 0.413570 0.534470
vt 0.452370 0.564860
vt 0.449810 0.541050
vt 0.433110 0.513510
vt 0.448870 0.516160
vt 0.414030 0.508430
vt 0.417330 0.477890
vt 0.435970 0.487710
vt 0.482210 0.565840
vt 0.467530 0.565610
vt 0.464510 0.542390
vt 0.479340 0.543130
vt 0.463220 0.519350
vt 0.477930 0.521310
vt 0.122110 0.346440
vt 0.106570 0.334800
vt 0.122160 0.537490
vt 0.110790 0.565070
vt 0.085630 0.597160
vt 0.107830 0.602450
vt 0.472570 0.653250
vt 0.468030 0.666880
vt 0.450270 0.661620
vt 0.462890 0.649390
vt 0.478180 0.685550
vt 0.486270 0.659220
vt 0.135940 0.319940
vt 0.120870 0.310750
vt 0.171350 0.257580
vt 0.150860 0.292010
vt 0.136080 0.284610
vt 0.158300 0.247810
vt 0.195910 0.221040
vt 0.183220 0.209020
vt 0.276420 0.240160
vt 0.258070 0.270280
vt 0.235150 0.254390
vt 0.258440 0.223250
vt 0.280880 0.284730
vt 0.296800 0.256830
vt 0.214550 0.237940
vt 0.241110 0.205220
vt 0.223250 0.186090
vt 0.209890 0.172190
vt 0.284880 0.194940
vt 0.270640 0.175530
vt 0.299510 0.213520
vt 0.255070 0.155100
vt 0.243050 0.140730
vt 0.315240 0.171890
vt 0.326600 0.191740
vt 0.304350 0.151290
vt 0.291950 0.129000
vt 0.281830 0.112720
vt 0.341900 0.133590
vt 0.349330 0.154940
vt 0.332810 0.109690
vt 0.324480 0.091550
vt 0.374060 0.097880
vt 0.380500 0.122730
vt 0.367480 0.078570
vt 0.408670 0.070330
vt 0.413110 0.090030
vt 0.395790 0.233240
vt 0.373080 0.248530
vt 0.363250 0.241930
vt 0.386930 0.226770
vt 0.355580 0.269470
vt 0.344380 0.261120
vt 0.330320 0.247610
vt 0.351050 0.228510
vt 0.375940 0.213910
vt 0.417730 0.236900
vt 0.410780 0.223040
vt 0.403070 0.205700
vt 0.366590 0.195530
vt 0.396650 0.185400
vt 0.340780 0.211880
vt 0.357180 0.175360
vt 0.390690 0.165030
vt 0.440990 0.247270
vt 0.435310 0.225360
vt 0.430470 0.201460
vt 0.427130 0.179150
vt 0.424300 0.158910
vt 0.385540 0.144630
vt 0.421470 0.138680
vt 0.465120 0.251590
vt 0.460690 0.226580
vt 0.457510 0.199190
vt 0.455990 0.175230
vt 0.454970 0.155120
vt 0.453760 0.134420
vt 0.417500 0.115710
vt 0.451410 0.111520
vt 0.448880 0.085780
vt 0.493620 0.279160
vt 0.471950 0.280420
vt 0.469410 0.270630
vt 0.492190 0.269670
vt 0.489160 0.251340
vt 0.486090 0.226710
vt 0.484240 0.198220
vt 0.483380 0.173390
vt 0.482460 0.152200
vt 0.481150 0.131070
vt 0.479300 0.108890
vt 0.477320 0.085180
vt 0.446630 0.066790
vt 0.475680 0.068960
vt 0.040990 0.639570
vt 0.061050 0.641490
vt 0.365790 0.953130
vt 0.369440 0.922840
vt 0.409320 0.909850
vt 0.408270 0.938680
vt 0.328360 0.932350
vt 0.325250 0.962860
vt 0.229840 0.933390
vt 0.224320 0.964740
vt 0.154060 0.948660
vt 0.170450 0.916340
vt 0.102470 0.918180
vt 0.123340 0.886710
vt 0.088110 0.845630
vt 0.062800 0.867870
vt 0.067080 0.801180
vt 0.043590 0.816320
vt 0.452820 0.489530
vt 0.465060 0.499780
vt 0.477720 0.503220
vt 0.493990 0.523420
vt 0.492450 0.505480
vt 0.109130 0.641690
vt 0.086510 0.640880
vt 0.066220 0.694560
vt 0.042240 0.692910
vt 0.060970 0.750300
vt 0.039520 0.752500
vt 0.314830 0.271320
vt 0.302640 0.297400
vt 0.323070 0.307860
vt 0.331860 0.283920
vt 0.346180 0.293170
vt 0.341470 0.316690
vt 0.317080 0.232250
vt 0.342170 0.339280
vt 0.318470 0.332730
vt 0.284340 0.936440
vt 0.285020 0.968250
vt 0.415500 0.582270
vt 0.437780 0.586730
vt 0.455090 0.588400
vt 0.414430 0.607230
vt 0.438700 0.610340
vt 0.457470 0.611930
vt 0.443700 0.635350
vt 0.461070 0.633650
vt 0.453690 0.469540
vt 0.441870 0.467420
vt 0.431530 0.458800
vt 0.429100 0.438100
vt 0.413750 0.442690
vt 0.422540 0.416190
vt 0.434250 0.419410
vt 0.456410 0.406520
vt 0.444980 0.410330
vt 0.435150 0.402450
vt 0.450160 0.395350
vt 0.468950 0.405520
vt 0.466320 0.391780
vt 0.473400 0.633850
vt 0.487940 0.634930
vt 0.470520 0.588680
vt 0.472450 0.611860
vt 0.485610 0.588770
vt 0.487570 0.611760
vt 0.450370 0.926430
vt 0.447380 0.900210
vt 0.479900 0.893910
vt 0.482530 0.919080
vt 0.445770 0.858980
vt 0.478820 0.851780
vt 0.446180 0.814620
vt 0.480360 0.807960
vt 0.449430 0.765640
vt 0.484260 0.764870
vt 0.468710 0.721190
vt 0.491050 0.725030
vt 0.496380 0.690970
vt 0.499350 0.661830
vt 0.506170 0.400360
vt 0.485960 0.405160
vt 0.485310 0.389630
vt 0.505790 0.388280
vt 0.496890 0.566210
vt 0.499590 0.588670
vt 0.482780 0.374850
vt 0.505590 0.374380
vt 0.478770 0.356180
vt 0.504470 0.356840
vt 0.494690 0.544100
vt 0.500820 0.611930
vt 0.500550 0.635850
vt 0.477220 0.345820
vt 0.504040 0.344720
vt 0.524560 0.413770
vt 0.506490 0.410440
vt 0.493720 0.413600
vt 0.521560 0.455600
vt 0.521100 0.443810
vt 0.498150 0.421630
vt 0.506760 0.419890
vt 0.516570 0.421830
vt 0.507120 0.431490
vt 0.499600 0.432130
vt 0.516050 0.431900
vt 0.507580 0.443970
vt 0.494850 0.444170
vt 0.557210 0.452600
vt 0.566080 0.450140
vt 0.458840 0.363140
vt 0.463060 0.378810
vt 0.443520 0.384680
vt 0.417670 0.392530
vt 0.456610 0.353280
vt 0.437060 0.371020
vt 0.435090 0.360600
vt 0.412860 0.372780
vt 0.412600 0.360740
vt 0.382920 0.364370
vt 0.389720 0.352120
vt 0.364200 0.341580
vt 0.373790 0.337350
vt 0.445940 0.271910
vt 0.445340 0.264250
vt 0.423940 0.255520
vt 0.422100 0.249100
vt 0.400950 0.236990
vt 0.403320 0.240650
vt 0.384640 0.252040
vt 0.380330 0.250880
vt 0.370140 0.276050
vt 0.365070 0.274790
vt 0.365160 0.302300
vt 0.358520 0.300580
vt 0.366890 0.321090
vt 0.357990 0.322820
vt 0.391270 0.474970
vt 0.364640 0.471500
vt 0.367960 0.442250
vt 0.393370 0.443420
vt 0.335170 0.467920
vt 0.338560 0.439090
vt 0.195450 0.594770
vt 0.225950 0.600520
vt 0.225610 0.611100
vt 0.196360 0.607170
vt 0.340840 0.598960
vt 0.349300 0.613390
vt 0.303040 0.619580
vt 0.298640 0.606710
vt 0.367920 0.594620
vt 0.374740 0.609850
vt 0.389210 0.595760
vt 0.390260 0.610100
vt 0.403940 0.615980
vt 0.426060 0.635310
vt 0.414300 0.636890
vt 0.430570 0.659660
vt 0.417690 0.659090
vt 0.432050 0.680140
vt 0.417390 0.676680
vt 0.428600 0.698940
vt 0.414490 0.693050
vt 0.419960 0.717870
vt 0.409480 0.708940
vt 0.402850 0.734510
vt 0.398370 0.724410
vt 0.378140 0.740150
vt 0.379400 0.728250
vt 0.349540 0.729540
vt 0.355890 0.716710
vt 0.323050 0.716990
vt 0.331390 0.702930
vt 0.295320 0.705110
vt 0.305630 0.691010
vt 0.164160 0.635310
vt 0.174110 0.629630
vt 0.186670 0.650920
vt 0.183740 0.661180
vt 0.166570 0.597060
vt 0.177610 0.610600
vt 0.204320 0.676030
vt 0.207120 0.664890
vt 0.236790 0.673600
vt 0.233790 0.686340
vt 0.271150 0.680860
vt 0.265420 0.694770
vt 0.389280 0.530290
vt 0.389540 0.554340
vt 0.363560 0.553150
vt 0.362780 0.527830
vt 0.332490 0.551700
vt 0.332130 0.524850
vt 0.363010 0.500450
vt 0.389860 0.503780
vt 0.332870 0.496950
vt 0.347500 0.362810
vt 0.317160 0.357410
vt 0.140250 0.660170
vt 0.164750 0.660080
vt 0.181160 0.678110
vt 0.161750 0.690100
vt 0.201040 0.694120
vt 0.185280 0.711720
vt 0.224600 0.706850
vt 0.210580 0.727520
vt 0.250750 0.717410
vt 0.237740 0.739750
vt 0.276900 0.727200
vt 0.263600 0.750090
vt 0.307930 0.738870
vt 0.291370 0.761640
vt 0.339380 0.750730
vt 0.323690 0.773090
vt 0.357360 0.786550
vt 0.378820 0.764340
vt 0.393710 0.783600
vt 0.380540 0.801740
vt 0.094610 0.744800
vt 0.119580 0.745890
vt 0.132580 0.768510
vt 0.101270 0.779030
vt 0.159400 0.800080
vt 0.121500 0.816950
vt 0.167020 0.828670
vt 0.148000 0.850500
vt 0.196950 0.840400
vt 0.186300 0.874730
vt 0.234330 0.889870
vt 0.236480 0.850550
vt 0.277540 0.853290
vt 0.281780 0.894360
vt 0.318980 0.851460
vt 0.325770 0.890620
vt 0.359440 0.838560
vt 0.367760 0.880790
vt 0.403800 0.821630
vt 0.408170 0.868380
vt 0.178170 0.777710
vt 0.209210 0.792810
vt 0.201450 0.813670
vt 0.237530 0.801350
vt 0.237050 0.821040
vt 0.256020 0.803000
vt 0.272410 0.817530
vt 0.258030 0.792490
vt 0.277490 0.787540
vt 0.241890 0.785040
vt 0.252240 0.769990
vt 0.217170 0.774640
vt 0.226800 0.757920
vt 0.189370 0.760160
vt 0.199710 0.744500
vt 0.163700 0.740840
vt 0.173460 0.726470
vt 0.138230 0.719460
vt 0.149130 0.703910
vt 0.110990 0.697240
vt 0.127710 0.681740
vt 0.416110 0.781900
vt 0.110130 0.665590
vt 0.092060 0.674700
vt 0.136930 0.619240
vt 0.138510 0.581700
vt 0.149760 0.558260
vt 0.166990 0.575080
vt 0.298470 0.521460
vt 0.300280 0.493350
vt 0.297780 0.550000
vt 0.334330 0.577110
vt 0.297180 0.580130
vt 0.364000 0.574910
vt 0.389100 0.575740
vt 0.412600 0.755540
vt 0.433780 0.736400
vt 0.448800 0.709770
vt 0.453610 0.685970
vt 0.508550 0.454210
vt 0.494000 0.456260
vt 0.119850 0.427430
vt 0.158590 0.436710
vt 0.266170 0.489180
vt 0.269780 0.459040
vt 0.303200 0.464070
vt 0.375090 0.414820
vt 0.403710 0.414840
vt 0.343250 0.412210
vt 0.347340 0.387440
vt 0.382100 0.390880
vt 0.126820 0.733780
vt 0.097930 0.714910
vt 0.344510 0.806390
vt 0.314130 0.797360
vt 0.363450 0.815330
vt 0.338860 0.822490
vt 0.312200 0.822180
vt 0.151440 0.756100
vt 0.177160 0.543490
vt 0.190550 0.572530
vt 0.260000 0.618320
vt 0.259140 0.606430
vt 0.224340 0.575080
vt 0.260070 0.578370
vt 0.260990 0.547760
vt 0.222630 0.546100
vt 0.226410 0.515310
vt 0.263410 0.518060
vt 0.230340 0.484730
vt 0.235080 0.453760
vt 0.185370 0.510230
vt 0.191350 0.478620
vt 0.197870 0.446230
vt 0.523070 0.469000
vt 0.509200 0.468550
vt 0.493250 0.470060
vt 0.525590 0.486030
vt 0.509680 0.486990
vt 0.492080 0.487100
vt 0.536430 0.470880
vt 0.478920 0.473290
vt 0.479550 0.461090
vt 0.549580 0.475310
vt 0.465960 0.478390
vt 0.465870 0.466150
vt 0.540720 0.419440
vt 0.540630 0.422180
vt 0.531450 0.422100
vt 0.530070 0.420140
vt 0.523860 0.424890
vt 0.521690 0.424260
vt 0.526610 0.439570
vt 0.528000 0.438600
vt 0.537810 0.442410
vt 0.536310 0.444210
vt 0.545720 0.442930
vt 0.545560 0.445710
vt 0.554070 0.445160
vt 0.553010 0.441920
vt 0.558420 0.439120
vt 0.560680 0.442720
vt 0.561950 0.435500
vt 0.565150 0.439100
vt 0.567580 0.434590
vt 0.563450 0.431700
vt 0.563840 0.428540
vt 0.568760 0.430250
vt 0.548610 0.421440
vt 0.549430 0.418640
vt 0.556550 0.418110
vt 0.554990 0.420680
vt 0.521130 0.432190
vt 0.561970 0.419170
vt 0.558910 0.421070
vt 0.565810 0.421950
vt 0.561340 0.422850
vt 0.568110 0.426080
vt 0.563070 0.425560
vt 0.522670 0.431880
vt 0.538720 0.485370
vt 0.547640 0.485340
vt 0.478390 0.487500
vt 0.469180 0.488060
vt 0.469470 0.449400
vt 0.469960 0.445850
vt 0.482080 0.442220
vt 0.481720 0.445230
vt 0.458750 0.450770
vt 0.459680 0.445640
vt 0.441770 0.437670
vt 0.447550 0.434120
vt 0.452270 0.442550
vt 0.450000 0.447290
vt 0.442360 0.424200
vt 0.448700 0.424540
vt 0.459650 0.415480
vt 0.461180 0.420030
vt 0.454510 0.419970
vt 0.450780 0.416870
vt 0.469670 0.416460
vt 0.470740 0.421810
vt 0.487230 0.419160
vt 0.484630 0.422170
vt 0.477990 0.422050
vt 0.479460 0.416880
vt 0.493720 0.423780
vt 0.490840 0.424750
vt 0.490260 0.436330
vt 0.491940 0.438880
vt 0.493170 0.430010
vt 0.495970 0.431680
vt 0.480700 0.451420
vt 0.456830 0.458660
vt 0.467940 0.456280
vt 0.446610 0.455810
vt 0.439830 0.449570
vt 0.132150 0.392960
vt 0.167930 0.403730
vt 0.205150 0.413870
vt 0.240690 0.422390
vt 0.274300 0.428970
vt 0.307010 0.434530
vt 0.311370 0.407320
vt 0.279320 0.400880
vt 0.315040 0.382180
vt 0.284000 0.375040
vt 0.147240 0.359360
vt 0.178730 0.371420
vt 0.212990 0.382900
vt 0.246850 0.392920
vt 0.220730 0.354300
vt 0.252870 0.365800
vt 0.160180 0.329800
vt 0.188850 0.341490
vt 0.288420 0.350410
vt 0.259310 0.340250
vt 0.229100 0.327770
vt 0.199360 0.313900
vt 0.173270 0.301610
vt 0.190100 0.271030
vt 0.213150 0.285250
vt 0.240360 0.300310
vt 0.267750 0.313910
vt 0.293600 0.325180
vt 1.852880 0.456680
vt 1.836610 0.421520
vt 1.813890 0.441950
vt 1.829740 0.474440
vt 1.859380 0.401940
vt 1.875450 0.439250
vt 1.819960 0.388790
vt 1.842980 0.367790
vt 1.796820 0.411240
vt 1.882920 0.384170
vt 1.865790 0.348570
vt 1.899600 0.422820
vt 1.889130 0.477460
vt 1.867220 0.492990
vt 1.913250 0.462870
vt 1.908790 0.367790
vt 1.888860 0.331730
vt 1.927020 0.405520
vt 1.940190 0.447750
vt 1.921540 0.504990
vt 1.898820 0.515840
vt 1.948210 0.492840
vt 1.947950 0.391980
vt 1.960740 0.435860
vt 1.927970 0.356230
vt 1.967950 0.483650
vt 1.952450 0.538650
vt 1.971760 0.531670
vt 1.926600 0.547170
vt 1.973780 0.581850
vt 1.954760 0.586450
vt 1.694360 0.738090
vt 1.722040 0.739390
vt 1.723030 0.720470
vt 1.698850 0.720560
vt 1.748840 0.735690
vt 1.746180 0.714470
vt 1.689700 0.764930
vt 1.666960 0.731000
vt 1.658190 0.754520
vt 1.722180 0.768470
vt 1.674560 0.714640
vt 1.650250 0.781550
vt 1.628970 0.739330
vt 1.616220 0.764280
vt 1.686650 0.792800
vt 1.641990 0.719320
vt 1.652940 0.704940
vt 1.606900 0.794470
vt 1.586520 0.739700
vt 1.564860 0.767080
vt 1.646370 0.811180
vt 1.603840 0.719100
vt 1.620840 0.702870
vt 1.634220 0.690730
vt 1.566570 0.708530
vt 1.586390 0.694200
vt 1.546860 0.720870
vt 1.607060 0.682650
vt 1.555120 0.679010
vt 1.538420 0.687160
vt 1.575990 0.664210
vt 1.682910 0.504220
vt 1.681840 0.522090
vt 1.704560 0.520320
vt 1.704070 0.502940
vt 1.661110 0.523710
vt 1.662920 0.504850
vt 1.680380 0.541630
vt 1.658620 0.543760
vt 1.704930 0.540080
vt 1.644680 0.505870
vt 1.664340 0.485410
vt 1.645790 0.486130
vt 1.642840 0.525810
vt 1.683830 0.486560
vt 1.703480 0.486660
vt 1.725690 0.499400
vt 1.722620 0.482730
vt 1.728660 0.517680
vt 1.580300 0.535800
vt 1.579980 0.560250
vt 1.594660 0.556950
vt 1.595110 0.532930
vt 1.564820 0.562470
vt 1.565690 0.538380
vt 1.608990 0.553770
vt 1.610210 0.530590
vt 1.624130 0.550610
vt 1.626150 0.528280
vt 1.640360 0.547060
vt 1.579770 0.510800
vt 1.565100 0.513680
vt 1.595230 0.508150
vt 1.611180 0.507420
vt 1.627620 0.506910
vt 1.593200 0.480350
vt 1.611890 0.485230
vt 1.576010 0.485670
vt 1.628710 0.486550
vt 1.607020 0.388230
vt 1.618490 0.397800
vt 1.626570 0.387850
vt 1.616310 0.378200
vt 1.610690 0.412810
vt 1.597150 0.399810
vt 1.624760 0.370890
vt 1.635130 0.378770
vt 1.643220 0.368770
vt 1.632540 0.365970
vt 1.647510 0.358250
vt 1.631380 0.356310
vt 1.610530 0.332070
vt 1.612500 0.343760
vt 1.630110 0.346010
vt 1.630010 0.336550
vt 1.594600 0.332560
vt 1.576440 0.336390
vt 1.577740 0.360220
vt 1.597780 0.347890
vt 1.605230 0.364370
vt 1.592800 0.374930
vt 1.617100 0.357630
vt 1.581790 0.387630
vt 1.546340 0.375960
vt 1.552620 0.363900
vt 1.526870 0.361670
vt 1.524410 0.375100
vt 1.554030 0.349270
vt 1.528140 0.351460
vt 1.622760 0.261510
vt 1.605100 0.251290
vt 1.601010 0.260730
vt 1.616180 0.270360
vt 1.637460 0.275480
vt 1.629130 0.282770
vt 1.630180 0.250930
vt 1.647410 0.266120
vt 1.610100 0.239620
vt 1.584020 0.244330
vt 1.582650 0.252180
vt 1.559180 0.243830
vt 1.559020 0.251050
vt 1.533630 0.253360
vt 1.534400 0.260850
vt 1.535150 0.564900
vt 1.549770 0.563930
vt 1.551470 0.540520
vt 1.537230 0.542050
vt 1.551550 0.517510
vt 1.537900 0.520310
vt 1.780010 0.504560
vt 1.788830 0.532420
vt 1.817670 0.521820
vt 1.805560 0.491110
vt 1.759440 0.536610
vt 1.753810 0.512720
vt 1.747640 0.491720
vt 1.731510 0.538650
vt 1.769790 0.479400
vt 1.791750 0.462290
vt 1.777080 0.436110
vt 1.759290 0.457040
vt 1.748440 0.303070
vt 1.763440 0.337530
vt 1.789550 0.326230
vt 1.771080 0.290850
vt 1.804040 0.358480
vt 1.774590 0.378920
vt 1.829650 0.341210
vt 1.852590 0.322750
vt 1.902850 0.318700
vt 1.741220 0.472850
vt 1.843540 0.508180
vt 1.852720 0.541220
vt 1.876850 0.528300
vt 1.882740 0.563550
vt 1.903910 0.554440
vt 1.929140 0.591180
vt 1.907760 0.594300
vt 1.838530 0.661770
vt 1.847080 0.637130
vt 1.828640 0.636800
vt 1.819890 0.655980
vt 1.808400 0.671950
vt 1.825780 0.683240
vt 1.859690 0.669150
vt 1.846370 0.698650
vt 1.867660 0.637230
vt 1.809770 0.702110
vt 1.829120 0.724760
vt 1.794130 0.687100
vt 1.867940 0.605440
vt 1.887020 0.637430
vt 1.888150 0.599120
vt 1.846860 0.613440
vt 1.879210 0.676750
vt 1.865630 0.714070
vt 1.846770 0.747070
vt 1.548110 0.655300
vt 1.559940 0.650620
vt 1.534250 0.659640
vt 1.873470 0.304790
vt 1.888060 0.292430
vt 1.815730 0.314000
vt 1.794590 0.277070
vt 1.837620 0.295800
vt 1.815210 0.259270
vt 1.856570 0.276560
vt 1.832920 0.240340
vt 1.871270 0.265950
vt 1.845110 0.228960
vt 1.730860 0.271230
vt 1.749780 0.256970
vt 1.726440 0.314580
vt 1.711840 0.284470
vt 1.769310 0.240510
vt 1.788350 0.221730
vt 1.805210 0.203130
vt 1.816720 0.190500
vt 1.726380 0.226830
vt 1.742300 0.208630
vt 1.711020 0.242630
vt 1.758750 0.188230
vt 1.774720 0.168500
vt 1.786330 0.154280
vt 1.713350 0.181940
vt 1.726370 0.160350
vt 1.700450 0.201540
vt 1.739850 0.139110
vt 1.750760 0.123660
vt 1.681030 0.160780
vt 1.671580 0.181720
vt 1.690260 0.138380
vt 1.700410 0.115330
vt 1.709200 0.098430
vt 1.651250 0.123110
vt 1.645770 0.146080
vt 1.658010 0.098310
vt 1.664680 0.079380
vt 1.615440 0.088190
vt 1.611630 0.113660
vt 1.619950 0.068480
vt 1.576620 0.062950
vt 1.574380 0.082380
vt 1.659240 0.312800
vt 1.666830 0.334480
vt 1.681000 0.332760
vt 1.673360 0.305660
vt 1.648970 0.292520
vt 1.661610 0.284430
vt 1.639100 0.237720
vt 1.616310 0.225420
vt 1.658520 0.254660
vt 1.674470 0.236300
vt 1.650800 0.219350
vt 1.624290 0.206470
vt 1.586650 0.232420
vt 1.590510 0.217650
vt 1.595570 0.198170
vt 1.631940 0.187540
vt 1.600500 0.178570
vt 1.661210 0.200970
vt 1.639260 0.167780
vt 1.605080 0.158530
vt 1.560700 0.232210
vt 1.562640 0.215670
vt 1.565300 0.195140
vt 1.567960 0.174110
vt 1.570060 0.152860
vt 1.608790 0.136710
vt 1.571570 0.130820
vt 1.534400 0.239220
vt 1.534570 0.218970
vt 1.535430 0.195620
vt 1.536150 0.172880
vt 1.536580 0.150360
vt 1.536500 0.128220
vt 1.572650 0.107800
vt 1.535820 0.105080
vt 1.535700 0.080090
vt 1.509430 0.263550
vt 1.508730 0.273100
vt 1.508970 0.246700
vt 1.507660 0.223790
vt 1.507130 0.197060
vt 1.506690 0.172890
vt 1.506120 0.150240
vt 1.505130 0.128000
vt 1.503500 0.105890
vt 1.500950 0.081240
vt 1.535730 0.060980
vt 1.499060 0.063520
vt 1.753600 0.765760
vt 1.723280 0.796720
vt 1.758730 0.793890
vt 1.725660 0.824370
vt 1.764090 0.820520
vt 1.686150 0.820980
vt 1.730900 0.854050
vt 1.771670 0.849570
vt 1.689110 0.851080
vt 1.647720 0.843340
vt 1.973690 0.634840
vt 1.954340 0.637310
vt 1.632540 0.949790
vt 1.619470 0.918470
vt 1.569620 0.903380
vt 1.567890 0.929040
vt 1.664300 0.929370
vt 1.679390 0.961430
vt 1.610040 0.873010
vt 1.652970 0.882740
vt 1.568630 0.860750
vt 1.532260 0.894290
vt 1.533420 0.851900
vt 1.504000 0.848720
vt 1.503700 0.891760
vt 1.529160 0.919510
vt 1.503550 0.917710
vt 1.795180 0.931360
vt 1.805530 0.965860
vt 1.860810 0.948440
vt 1.844580 0.915000
vt 1.753480 0.970380
vt 1.746890 0.937010
vt 1.908740 0.918590
vt 1.888700 0.886640
vt 1.864390 0.847800
vt 1.925000 0.846980
vt 1.897330 0.817880
vt 1.825170 0.871320
vt 1.949120 0.868560
vt 1.946720 0.803760
vt 1.969330 0.816890
vt 1.919890 0.791790
vt 1.559630 0.487130
vt 1.548610 0.497410
vt 1.536880 0.501610
vt 1.522960 0.522350
vt 1.522890 0.504440
vt 1.506310 0.506270
vt 1.506850 0.523890
vt 1.734270 0.625510
vt 1.734740 0.607530
vt 1.705310 0.610480
vt 1.704300 0.628330
vt 1.678290 0.610340
vt 1.676850 0.626880
vt 1.656100 0.608970
vt 1.655310 0.623310
vt 1.521310 0.565680
vt 1.522650 0.543250
vt 1.507090 0.544550
vt 1.507390 0.566230
vt 1.906260 0.638090
vt 1.899230 0.684380
vt 1.928300 0.639130
vt 1.923850 0.691720
vt 1.885530 0.729310
vt 1.913470 0.751350
vt 1.952670 0.692280
vt 1.952990 0.750420
vt 1.973030 0.690200
vt 1.640580 0.298360
vt 1.650400 0.318690
vt 1.658270 0.338390
vt 1.974880 0.751740
vt 1.782060 0.886140
vt 1.810690 0.836810
vt 1.738480 0.891710
vt 1.846890 0.816540
vt 1.879780 0.788710
vt 1.606490 0.831050
vt 1.566440 0.816330
vt 1.808010 0.745200
vt 1.822180 0.771620
vt 1.792570 0.717600
vt 1.782660 0.758350
vt 1.772630 0.728480
vt 1.792210 0.786350
vt 1.833670 0.792640
vt 1.800460 0.810230
vt 1.862510 0.766050
vt 1.622810 0.672160
vt 1.618490 0.655620
vt 1.600960 0.661010
vt 1.615900 0.641780
vt 1.601640 0.641140
vt 1.622830 0.610230
vt 1.614340 0.614760
vt 1.623350 0.624860
vt 1.628860 0.621920
vt 1.605850 0.624300
vt 1.617140 0.631390
vt 1.630990 0.608810
vt 1.636380 0.621760
vt 1.641030 0.608400
vt 1.643360 0.622400
vt 1.689970 0.298820
vt 1.703540 0.329220
vt 1.695500 0.257420
vt 1.675210 0.275060
vt 1.687840 0.219210
vt 1.525030 0.724750
vt 1.522380 0.691050
vt 1.507160 0.692220
vt 1.506090 0.725740
vt 1.529270 0.764560
vt 1.505120 0.763660
vt 1.520930 0.662030
vt 1.507930 0.662650
vt 1.831140 0.619930
vt 1.780420 0.699380
vt 1.765470 0.707260
vt 1.520320 0.635920
vt 1.508300 0.636220
vt 1.532180 0.807900
vt 1.504450 0.804980
vt 1.695770 0.889500
vt 1.704890 0.935570
vt 1.715620 0.968180
vt 1.764090 0.601450
vt 1.763470 0.618880
vt 1.795830 0.595070
vt 1.794980 0.609920
vt 1.818550 0.602970
vt 1.823710 0.591570
vt 1.827530 0.606820
vt 1.839120 0.596070
vt 1.856150 0.575600
vt 1.827170 0.573310
vt 1.796690 0.575910
vt 1.764560 0.579430
vt 1.734530 0.584210
vt 1.705570 0.587190
vt 1.678380 0.588410
vt 1.654730 0.589210
vt 1.638120 0.590590
vt 1.625180 0.592520
vt 1.613490 0.595330
vt 1.601460 0.600000
vt 1.584990 0.611490
vt 1.581460 0.637150
vt 1.824870 0.549440
vt 1.795030 0.556280
vt 1.763760 0.559960
vt 1.733630 0.562710
vt 1.705270 0.564470
vt 1.678810 0.565990
vt 1.655630 0.567960
vt 1.638050 0.570270
vt 1.609360 0.576240
vt 1.595750 0.579940
vt 1.623150 0.573060
vt 1.580620 0.584580
vt 1.564230 0.586490
vt 1.563790 0.610520
vt 1.561630 0.633370
vt 1.530230 0.449550
vt 1.530240 0.458960
vt 1.543870 0.462540
vt 1.542060 0.452200
vt 1.557070 0.465780
vt 1.568960 0.464330
vt 1.578760 0.458960
vt 1.584010 0.449550
vt 1.598670 0.460820
vt 1.585240 0.429280
vt 1.599500 0.431980
vt 1.594890 0.419110
vt 1.581820 0.420570
vt 1.585570 0.408390
vt 1.574130 0.413140
vt 1.551170 0.404770
vt 1.562760 0.407530
vt 1.571750 0.398850
vt 1.557500 0.392590
vt 1.538610 0.403710
vt 1.541460 0.390120
vt 1.522160 0.389020
vt 1.521590 0.402190
vt 1.571610 0.439780
vt 1.568100 0.445960
vt 1.572730 0.427010
vt 1.569700 0.421030
vt 1.556100 0.413790
vt 1.547320 0.413440
vt 1.536850 0.413470
vt 1.563900 0.416290
vt 1.546640 0.633380
vt 1.532970 0.634900
vt 1.548390 0.587330
vt 1.547570 0.610640
vt 1.533530 0.587920
vt 1.533050 0.611260
vt 1.520070 0.611680
vt 1.520330 0.588350
vt 1.507940 0.588440
vt 1.508300 0.611930
vt 1.565920 0.379010
vt 1.650650 0.351360
vt 1.656960 0.345870
vt 1.652070 0.343000
vt 1.657910 0.342330
vt 1.663850 0.345710
vt 1.660190 0.350750
vt 1.660530 0.356310
vt 1.670630 0.348810
vt 1.701210 0.383120
vt 1.699790 0.370280
vt 1.688760 0.373000
vt 1.692230 0.386630
vt 1.666690 0.410970
vt 1.674370 0.399760
vt 1.666260 0.388450
vt 1.654390 0.404390
vt 1.654440 0.425970
vt 1.664630 0.424810
vt 1.668180 0.437750
vt 1.657570 0.443730
vt 1.665740 0.462730
vt 1.676250 0.448280
vt 1.688570 0.454180
vt 1.685270 0.469020
vt 1.715440 0.451080
vt 1.701990 0.455430
vt 1.702730 0.470530
vt 1.719300 0.465920
vt 1.737010 0.424450
vt 1.727830 0.440860
vt 1.734980 0.454970
vt 1.748990 0.437190
vt 1.761150 0.414010
vt 1.743620 0.403320
vt 1.745900 0.375700
vt 1.739150 0.344790
vt 1.613420 0.466470
vt 1.613860 0.432780
vt 1.657790 0.372550
vt 1.683320 0.392140
vt 1.677850 0.379060
vt 1.673270 0.363460
vt 1.645470 0.387790
vt 1.626810 0.414090
vt 1.627310 0.432130
vt 1.641170 0.429160
vt 1.639390 0.410840
vt 1.629140 0.467740
vt 1.686560 0.417550
vt 1.681350 0.423370
vt 1.687230 0.428400
vt 1.689790 0.422670
vt 1.676110 0.430550
vt 1.683070 0.436880
vt 1.691760 0.440980
vt 1.693770 0.430580
vt 1.701390 0.442150
vt 1.711490 0.438670
vt 1.708990 0.428660
vt 1.701030 0.430870
vt 1.719980 0.430780
vt 1.715150 0.425520
vt 1.694320 0.421930
vt 1.700510 0.420700
vt 1.708110 0.418560
vt 1.692370 0.413840
vt 1.706860 0.407610
vt 1.699020 0.410840
vt 1.716030 0.416660
vt 1.715580 0.403830
vt 1.724580 0.417860
vt 1.726280 0.400680
vt 1.696160 0.400200
vt 1.704510 0.396090
vt 1.681480 0.409740
vt 1.688620 0.404510
vt 1.675150 0.416780
vt 1.671710 0.423970
vt 1.719420 0.352140
vt 1.723090 0.378110
vt 1.586350 0.439000
vt 1.573410 0.433230
vt 1.600770 0.446440
vt 1.614630 0.449450
vt 1.628410 0.449690
vt 1.643350 0.447660
vt 1.713060 0.390550
vt 1.708310 0.381600
vt 1.709770 0.371370
vt 1.709830 0.358400
vt 1.699830 0.353570
vt 1.685570 0.355650
vt 1.627180 0.402660
vt 1.634940 0.396990
vt 1.645640 0.466430
vt 1.146640 0.468080
vt 1.106630 0.457140
vt 1.100040 0.478490
vt 1.139670 0.495850
vt 1.075830 0.446210
vt 1.070330 0.463090
vt 1.093590 0.499560
vt 1.130770 0.519820
vt 1.066100 0.485550
vt 1.058330 0.436470
vt 1.051200 0.452310
vt 1.062800 0.403840
vt 1.083950 0.416560
vt 1.099430 0.381060
vt 1.079880 0.370940
vt 1.049960 0.476760
vt 1.058610 0.547820
vt 1.062160 0.508780
vt 1.043490 0.501170
vt 1.039850 0.541650
vt 1.088390 0.520400
vt 1.083460 0.555370
vt 1.036120 0.589140
vt 1.056310 0.593110
vt 1.410810 0.558970
vt 1.431350 0.562890
vt 1.429300 0.538780
vt 1.409320 0.534470
vt 1.448120 0.564860
vt 1.445560 0.541050
vt 1.428860 0.513510
vt 1.444620 0.516160
vt 1.409790 0.508430
vt 1.413080 0.477890
vt 1.431720 0.487710
vt 1.460260 0.542390
vt 1.463280 0.565610
vt 1.477960 0.565840
vt 1.475090 0.543130
vt 1.458970 0.519350
vt 1.473680 0.521310
vt 1.117860 0.346440
vt 1.102320 0.334800
vt 1.106540 0.565070
vt 1.117910 0.537490
vt 1.081380 0.597160
vt 1.103580 0.602450
vt 1.446020 0.661620
vt 1.463780 0.666880
vt 1.468320 0.653250
vt 1.458640 0.649390
vt 1.473930 0.685550
vt 1.482020 0.659220
vt 1.131700 0.319940
vt 1.116620 0.310750
vt 1.131830 0.284610
vt 1.146610 0.292010
vt 1.167100 0.257580
vt 1.154050 0.247810
vt 1.191660 0.221040
vt 1.178980 0.209020
vt 1.230900 0.254390
vt 1.253820 0.270280
vt 1.272170 0.240160
vt 1.254190 0.223250
vt 1.276630 0.284730
vt 1.292550 0.256830
vt 1.210310 0.237940
vt 1.236870 0.205220
vt 1.219000 0.186090
vt 1.205640 0.172190
vt 1.280630 0.194940
vt 1.266390 0.175530
vt 1.295270 0.213520
vt 1.250820 0.155100
vt 1.238800 0.140730
vt 1.310990 0.171890
vt 1.322350 0.191740
vt 1.300100 0.151290
vt 1.287710 0.129000
vt 1.277580 0.112720
vt 1.337650 0.133590
vt 1.345080 0.154940
vt 1.328570 0.109690
vt 1.320240 0.091550
vt 1.369810 0.097880
vt 1.376250 0.122730
vt 1.363230 0.078570
vt 1.404420 0.070330
vt 1.408860 0.090030
vt 1.359000 0.241930
vt 1.368830 0.248530
vt 1.391540 0.233240
vt 1.382680 0.226770
vt 1.351330 0.269470
vt 1.340130 0.261120
vt 1.346800 0.228510
vt 1.326070 0.247610
vt 1.371690 0.213910
vt 1.413480 0.236900
vt 1.406530 0.223040
vt 1.398820 0.205700
vt 1.362340 0.195530
vt 1.392400 0.185400
vt 1.336530 0.211880
vt 1.352930 0.175360
vt 1.386440 0.165030
vt 1.436740 0.247270
vt 1.431060 0.225360
vt 1.426220 0.201460
vt 1.422880 0.179150
vt 1.420050 0.158910
vt 1.381290 0.144630
vt 1.417220 0.138680
vt 1.460870 0.251590
vt 1.456440 0.226580
vt 1.453260 0.199190
vt 1.451740 0.175230
vt 1.450720 0.155120
vt 1.449510 0.134420
vt 1.413250 0.115710
vt 1.447160 0.111520
vt 1.444640 0.085780
vt 1.465170 0.270630
vt 1.467710 0.280420
vt 1.489380 0.279160
vt 1.487940 0.269670
vt 1.484910 0.251340
vt 1.481850 0.226710
vt 1.479990 0.198220
vt 1.479130 0.173390
vt 1.478210 0.152200
vt 1.476900 0.131070
vt 1.475060 0.108890
vt 1.473070 0.085180
vt 1.442380 0.066790
vt 1.471430 0.068960
vt 1.036740 0.639570
vt 1.056800 0.641490
vt 1.405070 0.909850
vt 1.365190 0.922840
vt 1.361540 0.953130
vt 1.404020 0.938680
vt 1.324110 0.932350
vt 1.321000 0.962860
vt 1.149810 0.948660
vt 1.220070 0.964740
vt 1.225590 0.933390
vt 1.166200 0.916340
vt 1.098220 0.918180
vt 1.119090 0.886710
vt 1.083870 0.845630
vt 1.058550 0.867870
vt 1.062830 0.801180
vt 1.039350 0.816320
vt 1.448580 0.489530
vt 1.460810 0.499780
vt 1.473470 0.503220
vt 1.489740 0.523420
vt 1.488200 0.505480
vt 1.082260 0.640880
vt 1.104880 0.641690
vt 1.061980 0.694560
vt 1.037990 0.692910
vt 1.056720 0.750300
vt 1.035270 0.752500
vt 1.298390 0.297400
vt 1.310580 0.271320
vt 1.318820 0.307860
vt 1.327610 0.283920
vt 1.341930 0.293170
vt 1.337230 0.316690
vt 1.312830 0.232250
vt 1.314220 0.332730
vt 1.337920 0.339280
vt 1.280090 0.936440
vt 1.280780 0.968250
vt 1.411250 0.582270
vt 1.433540 0.586730
vt 1.450840 0.588400
vt 1.410180 0.607230
vt 1.434450 0.610340
vt 1.453220 0.611930
vt 1.439450 0.635350
vt 1.456820 0.633650
vt 1.449440 0.469540
vt 1.437620 0.467420
vt 1.427280 0.458800
vt 1.424850 0.438100
vt 1.409500 0.442690
vt 1.430010 0.419410
vt 1.418300 0.416190
vt 1.430900 0.402450
vt 1.440730 0.410330
vt 1.452170 0.406520
vt 1.445910 0.395350
vt 1.464700 0.405520
vt 1.462070 0.391780
vt 1.483690 0.634930
vt 1.469150 0.633850
vt 1.466270 0.588680
vt 1.468200 0.611860
vt 1.483320 0.611760
vt 1.481360 0.588770
vt 1.475650 0.893910
vt 1.443140 0.900210
vt 1.446120 0.926430
vt 1.478280 0.919080
vt 1.474570 0.851780
vt 1.441520 0.858980
vt 1.476120 0.807960
vt 1.441940 0.814620
vt 1.480010 0.764870
vt 1.445180 0.765640
vt 1.486800 0.725030
vt 1.464460 0.721190
vt 1.492130 0.690970
vt 1.495110 0.661830
vt 1.481060 0.389630
vt 1.481710 0.405160
vt 1.501920 0.400360
vt 1.501540 0.388280
vt 1.492640 0.566210
vt 1.495340 0.588670
vt 1.478530 0.374850
vt 1.501340 0.374380
vt 1.474520 0.356180
vt 1.500220 0.356840
vt 1.490440 0.544100
vt 1.496570 0.611930
vt 1.496300 0.635850
vt 1.499790 0.344720
vt 1.472970 0.345820
vt 1.520310 0.413770
vt 1.489480 0.413600
vt 1.502250 0.410440
vt 1.517310 0.455600
vt 1.516850 0.443810
vt 1.493900 0.421630
vt 1.502510 0.419890
vt 1.512320 0.421830
vt 1.495350 0.432130
vt 1.502870 0.431490
vt 1.511800 0.431900
vt 1.503330 0.443970
vt 1.490600 0.444170
vt 1.552970 0.452600
vt 1.561830 0.450140
vt 1.454600 0.363140
vt 1.458820 0.378810
vt 1.439270 0.384680
vt 1.413420 0.392530
vt 1.452370 0.353280
vt 1.430840 0.360600
vt 1.432810 0.371020
vt 1.408360 0.360740
vt 1.408610 0.372780
vt 1.385470 0.352120
vt 1.378670 0.364370
vt 1.369540 0.337350
vt 1.359950 0.341580
vt 1.441090 0.264250
vt 1.441700 0.271910
vt 1.419700 0.255520
vt 1.417850 0.249100
vt 1.396700 0.236990
vt 1.399070 0.240650
vt 1.380390 0.252040
vt 1.376080 0.250880
vt 1.365890 0.276050
vt 1.360820 0.274790
vt 1.360910 0.302300
vt 1.354270 0.300580
vt 1.362640 0.321090
vt 1.353740 0.322820
vt 1.363710 0.442250
vt 1.360400 0.471500
vt 1.387020 0.474970
vt 1.389130 0.443420
vt 1.334310 0.439090
vt 1.330920 0.467920
vt 1.221370 0.611100
vt 1.221700 0.600520
vt 1.191200 0.594770
vt 1.192110 0.607170
vt 1.298800 0.619580
vt 1.345050 0.613390
vt 1.336590 0.598960
vt 1.294390 0.606710
vt 1.370490 0.609850
vt 1.363670 0.594620
vt 1.386010 0.610100
vt 1.384960 0.595760
vt 1.399690 0.615980
vt 1.410050 0.636890
vt 1.421810 0.635310
vt 1.413440 0.659090
vt 1.426320 0.659660
vt 1.413140 0.676680
vt 1.427800 0.680140
vt 1.410240 0.693050
vt 1.424350 0.698940
vt 1.405230 0.708940
vt 1.415710 0.717870
vt 1.394120 0.724410
vt 1.398600 0.734510
vt 1.375150 0.728250
vt 1.373900 0.740150
vt 1.351640 0.716710
vt 1.345290 0.729540
vt 1.327140 0.702930
vt 1.318800 0.716990
vt 1.301390 0.691010
vt 1.291070 0.705110
vt 1.182430 0.650920
vt 1.169860 0.629630
vt 1.159910 0.635310
vt 1.179490 0.661180
vt 1.173360 0.610600
vt 1.162320 0.597060
vt 1.200080 0.676030
vt 1.202870 0.664890
vt 1.232540 0.673600
vt 1.229540 0.686340
vt 1.261180 0.694770
vt 1.266900 0.680860
vt 1.359310 0.553150
vt 1.385300 0.554340
vt 1.385030 0.530290
vt 1.358530 0.527830
vt 1.328240 0.551700
vt 1.327890 0.524850
vt 1.385610 0.503780
vt 1.358760 0.500450
vt 1.328620 0.496950
vt 1.343250 0.362810
vt 1.312910 0.357410
vt 1.176910 0.678110
vt 1.160500 0.660080
vt 1.136000 0.660170
vt 1.157500 0.690100
vt 1.181030 0.711720
vt 1.196790 0.694120
vt 1.206340 0.727520
vt 1.220350 0.706850
vt 1.233490 0.739750
vt 1.246500 0.717410
vt 1.259360 0.750090
vt 1.272650 0.727200
vt 1.287120 0.761640
vt 1.303690 0.738870
vt 1.319450 0.773090
vt 1.335130 0.750730
vt 1.353110 0.786550
vt 1.374580 0.764340
vt 1.376290 0.801740
vt 1.389460 0.783600
vt 1.128330 0.768510
vt 1.115330 0.745890
vt 1.090360 0.744800
vt 1.097020 0.779030
vt 1.117250 0.816950
vt 1.155150 0.800080
vt 1.143750 0.850500
vt 1.162780 0.828670
vt 1.182050 0.874730
vt 1.192700 0.840400
vt 1.230090 0.889870
vt 1.232230 0.850550
vt 1.277530 0.894360
vt 1.273290 0.853290
vt 1.321520 0.890620
vt 1.314730 0.851460
vt 1.363510 0.880790
vt 1.355200 0.838560
vt 1.403930 0.868380
vt 1.399550 0.821630
vt 1.204960 0.792810
vt 1.173920 0.777710
vt 1.197200 0.813670
vt 1.232800 0.821040
vt 1.233290 0.801350
vt 1.268160 0.817530
vt 1.251770 0.803000
vt 1.273240 0.787540
vt 1.253790 0.792490
vt 1.247990 0.769990
vt 1.237640 0.785040
vt 1.222560 0.757920
vt 1.212930 0.774640
vt 1.195460 0.744500
vt 1.185130 0.760160
vt 1.169210 0.726470
vt 1.159460 0.740840
vt 1.144880 0.703910
vt 1.133980 0.719460
vt 1.123460 0.681740
vt 1.106750 0.697240
vt 1.411860 0.781900
vt 1.105880 0.665590
vt 1.087810 0.674700
vt 1.132680 0.619240
vt 1.134260 0.581700
vt 1.145510 0.558260
vt 1.162750 0.575080
vt 1.296030 0.493350
vt 1.294220 0.521460
vt 1.293530 0.550000
vt 1.330080 0.577110
vt 1.292930 0.580130
vt 1.359750 0.574910
vt 1.384850 0.575740
vt 1.408350 0.755540
vt 1.429530 0.736400
vt 1.444560 0.709770
vt 1.449360 0.685970
vt 1.504300 0.454210
vt 1.489750 0.456260
vt 1.115600 0.427430
vt 1.154340 0.436710
vt 1.265530 0.459040
vt 1.261920 0.489180
vt 1.298950 0.464070
vt 1.399460 0.414840
vt 1.370850 0.414820
vt 1.339010 0.412210
vt 1.377850 0.390880
vt 1.343100 0.387440
vt 1.093680 0.714910
vt 1.122570 0.733780
vt 1.309880 0.797360
vt 1.340270 0.806390
vt 1.359200 0.815330
vt 1.307950 0.822180
vt 1.334610 0.822490
vt 1.147190 0.756100
vt 1.172910 0.543490
vt 1.186300 0.572530
vt 1.255750 0.618320
vt 1.254890 0.606430
vt 1.255820 0.578370
vt 1.220090 0.575080
vt 1.256740 0.547760
vt 1.218380 0.546100
vt 1.259160 0.518060
vt 1.222170 0.515310
vt 1.226090 0.484730
vt 1.230840 0.453760
vt 1.181120 0.510230
vt 1.187110 0.478620
vt 1.193630 0.446230
vt 1.518830 0.469000
vt 1.504950 0.468550
vt 1.489000 0.470060
vt 1.505430 0.486990
vt 1.521340 0.486030
vt 1.487830 0.487100
vt 1.532190 0.470880
vt 1.475300 0.461090
vt 1.474670 0.473290
vt 1.545330 0.475310
vt 1.461620 0.466150
vt 1.461720 0.478390
vt 1.527200 0.422100
vt 1.536380 0.422180
vt 1.536470 0.419440
vt 1.525820 0.420140
vt 1.519610 0.424890
vt 1.517440 0.424260
vt 1.533560 0.442410
vt 1.523760 0.438600
vt 1.522360 0.439570
vt 1.532060 0.444210
vt 1.541470 0.442930
vt 1.541310 0.445710
vt 1.554170 0.439120
vt 1.548760 0.441920
vt 1.549820 0.445160
vt 1.556440 0.442720
vt 1.557700 0.435500
vt 1.560900 0.439100
vt 1.559600 0.428540
vt 1.559200 0.431700
vt 1.563330 0.434590
vt 1.564510 0.430250
vt 1.552300 0.418110
vt 1.545180 0.418640
vt 1.544360 0.421440
vt 1.550740 0.420680
vt 1.516880 0.432190
vt 1.554660 0.421070
vt 1.557730 0.419170
vt 1.557090 0.422850
vt 1.561560 0.421950
vt 1.558820 0.425560
vt 1.563860 0.426080
vt 1.518420 0.431880
vt 1.534470 0.485370
vt 1.543390 0.485340
vt 1.474140 0.487500
vt 1.464930 0.488060
vt 1.477830 0.442220
vt 1.465710 0.445850
vt 1.465220 0.449400
vt 1.477470 0.445230
vt 1.455440 0.445640
vt 1.454500 0.450770
vt 1.448020 0.442550
vt 1.443300 0.434120
vt 1.437520 0.437670
vt 1.445760 0.447290
vt 1.444450 0.424540
vt 1.438110 0.424200
vt 1.450260 0.419970
vt 1.456930 0.420030
vt 1.455400 0.415480
vt 1.446530 0.416870
vt 1.466490 0.421810
vt 1.465420 0.416460
vt 1.473740 0.422050
vt 1.480380 0.422170
vt 1.482980 0.419160
vt 1.475210 0.416880
vt 1.486590 0.424750
vt 1.489470 0.423780
vt 1.487690 0.438880
vt 1.486010 0.436330
vt 1.491720 0.431680
vt 1.488930 0.430010
vt 1.476460 0.451420
vt 1.452580 0.458660
vt 1.463690 0.456280
vt 1.442360 0.455810
vt 1.435580 0.449570
vt 1.127900 0.392960
vt 1.163680 0.403730
vt 1.200900 0.413870
vt 1.236450 0.422390
vt 1.270050 0.428970
vt 1.302760 0.434530
vt 1.307130 0.407320
vt 1.275070 0.400880
vt 1.310790 0.382180
vt 1.279750 0.375040
vt 1.142990 0.359360
vt 1.174480 0.371420
vt 1.208740 0.382900
vt 1.242600 0.392920
vt 1.248620 0.365800
vt 1.216480 0.354300
vt 1.184600 0.341490
vt 1.155930 0.329800
vt 1.284170 0.350410
vt 1.255060 0.340250
vt 1.224850 0.327770
vt 1.195110 0.313900
vt 1.169020 0.301610
vt 1.208910 0.285250
vt 1.185850 0.271030
vt 1.236120 0.300310
vt 1.263500 0.313910
vt 1.289350 0.325180

# vertex normals
vn 0.895241 -0.189653 0.403206
vn 0.925199 -0.264428 0.272184
vn 0.968675 -0.122687 0.215909
vn 0.928479 -0.063998 0.365829
vn 0.939256 -0.309532 0.148282
vn 0.978833 -0.188996 0.078521
vn 0.893678 -0.352686 0.277403
vn 0.892679 -0.428762 0.138879
vn 0.867593 -0.313610 0.385916
vn 0.933572 -0.356711 -0.034648
vn 0.880955 -0.469470 -0.059300
vn 0.968809 -0.215949 -0.121554
vn 0.997153 -0.027565 0.070187
vn 0.984679 0.062182 0.162910
vn 0.982493 -0.117552 -0.144529
vn 0.845464 -0.375402 -0.379821
vn 0.807406 -0.469091 -0.357839
vn 0.884126 -0.252787 -0.392963
vn 0.900736 -0.167905 -0.400604
vn 0.997020 -0.053561 -0.055520
vn 0.989609 0.028216 0.140987
vn 0.899550 -0.114495 -0.421546
vn 0.591714 -0.272201 -0.758803
vn 0.608985 -0.158222 -0.777240
vn 0.512575 -0.342125 -0.787539
vn 0.620832 -0.091052 -0.778638
vn 0.925185 -0.122854 -0.359083
vn 0.545764 -0.086038 -0.833510
vn 0.992652 -0.120717 0.008334
vn 0.596224 -0.105329 -0.795878
vn 0.893499 -0.162442 -0.418656
vn 0.217517 -0.891468 0.397457
vn 0.349120 -0.687147 0.637137
vn 0.424915 -0.708872 0.562982
vn 0.293282 -0.940302 0.172677
vn 0.135187 -0.854275 0.501935
vn 0.344306 -0.620424 0.704647
vn 0.543306 -0.652849 0.527832
vn 0.472656 -0.499338 0.726125
vn 0.512461 -0.526129 0.678655
vn 0.434048 -0.489793 0.756112
vn 0.473858 -0.853062 0.218504
vn 0.505975 -0.463898 0.727178
vn 0.428475 -0.205533 0.879866
vn 0.331806 -0.239878 0.912340
vn 0.498476 -0.122677 0.858180
vn 0.641488 -0.566030 0.517787
vn 0.651112 -0.744405 0.148035
vn 0.251010 -0.221756 0.942241
vn 0.188816 0.043483 0.981049
vn 0.116247 -0.055203 0.991685
vn 0.326922 0.158033 0.931745
vn 0.500214 -0.393932 0.771105
vn 0.716942 -0.503000 0.482686
vn 0.687394 -0.707044 -0.166066
vn 0.281959 -0.201798 0.937964
vn 0.509801 -0.267379 0.817687
vn 0.198727 -0.097844 0.975159
vn 0.780643 -0.305883 0.545007
vn 0.376981 -0.113022 0.919299
vn 0.311718 -0.008867 0.950133
vn 0.546096 -0.113895 0.829944
vn 0.331315 0.037420 0.942778
vn 0.258102 0.053826 0.964617
vn 0.222191 0.223272 0.949095
vn 0.319455 0.256209 0.912308
vn 0.189518 0.070345 0.979354
vn 0.161734 0.214136 0.963321
vn 0.185788 0.122580 0.974914
vn 0.095557 0.168221 0.981107
vn 0.285920 0.155621 0.945533
vn 0.151363 0.231694 0.960941
vn 0.121062 0.194055 0.973492
vn 0.092962 0.205239 0.974287
vn 0.108219 0.095965 0.989484
vn 0.245594 0.238262 0.939635
vn 0.367696 0.233822 0.900070
vn 0.463078 0.196846 0.864182
vn 0.488909 0.209614 0.846776
vn 0.456878 0.031068 0.888987
vn 0.220862 0.399375 0.889786
vn 0.436779 0.385019 0.813010
vn 0.475394 0.395040 0.786094
vn 0.264345 0.373023 0.889368
vn 0.597867 0.374031 0.708982
vn 0.646540 0.420419 0.636580
vn 0.001929 0.356975 0.934112
vn 0.081697 0.279817 0.956571
vn -0.091529 0.320286 0.942889
vn 0.046887 0.173743 0.983674
vn -0.070217 0.264406 0.961852
vn 0.543729 0.466596 0.697601
vn 0.658594 0.458334 0.596811
vn 0.317205 0.381224 0.868360
vn 0.223935 0.288417 0.930950
vn 0.128608 0.196048 0.972124
vn 0.519348 0.316686 0.793718
vn 0.307050 0.226988 0.924228
vn 0.623454 0.333822 0.707013
vn 0.135384 0.188883 0.972622
vn 0.162612 -0.428306 0.888882
vn 0.152573 -0.386413 0.909619
vn 0.199550 -0.363350 0.910031
vn 0.233455 -0.394166 0.888894
vn 0.165781 -0.307111 0.937123
vn 0.183468 -0.365731 0.912458
vn 0.290393 -0.569907 0.768686
vn 0.205833 -0.472954 0.856707
vn 0.262770 -0.457471 0.849513
vn 0.307530 -0.555408 0.772624
vn 0.344716 -0.799608 0.491730
vn 0.390016 -0.639668 0.662354
vn 0.576221 -0.553170 0.601641
vn 0.506985 -0.336976 0.793356
vn 0.588899 -0.546618 0.595321
vn 0.400056 -0.896755 -0.189172
vn 0.273933 -0.146765 0.950484
vn 0.055072 -0.544974 0.836642
vn 0.390997 -0.392356 0.832573
vn 0.426669 -0.192643 0.883653
vn 0.310758 -0.247053 0.917820
vn 0.253689 -0.265512 0.930132
vn 0.391546 -0.374899 0.840323
vn 0.177355 -0.268378 0.946846
vn 0.096374 -0.427076 0.899065
vn 0.182692 -0.258865 0.948479
vn 0.198804 -0.081768 0.976622
vn 0.084113 -0.149337 0.985202
vn 0.045722 -0.867999 0.494457
vn -0.050485 -0.626720 0.777607
vn -0.170166 0.643713 0.746108
vn 0.229647 0.282125 0.931487
vn 0.153118 0.206949 0.966295
vn -0.249156 0.424607 0.870420
vn 0.146318 0.058686 0.987495
vn -0.320240 0.265946 0.909241
vn 0.401187 0.028446 0.915554
vn 0.416056 -0.114758 0.902069
vn 0.451886 0.111697 0.885055
vn 0.212810 0.482793 0.849484
vn -0.165290 0.943967 0.285666
vn 0.141525 0.941223 0.306708
vn 0.290095 0.553171 0.780927
vn 0.323496 0.850976 0.413752
vn 0.333139 0.558303 0.759813
vn 0.670098 0.417263 0.613889
vn 0.649253 0.379760 0.658979
vn 0.702336 0.368628 0.608964
vn 0.705347 0.448411 0.549011
vn 0.699193 0.456959 0.549833
vn 0.722348 0.478512 0.499239
vn 0.872485 0.161150 0.461303
vn 0.763007 0.214199 0.609869
vn 0.721640 0.038293 0.691209
vn 0.853460 -0.024440 0.520586
vn 0.604004 0.165924 0.779518
vn 0.553366 0.058803 0.830860
vn 0.607482 0.110411 0.786622
vn 0.437190 0.152047 0.886424
vn 0.748907 0.018117 0.662427
vn 0.821303 -0.078337 0.565088
vn 0.827556 -0.169093 0.535312
vn 0.755040 -0.018847 0.655408
vn 0.798793 -0.540229 0.264730
vn 0.735161 -0.533469 0.418269
vn 0.722840 -0.582239 0.372157
vn 0.774210 -0.588627 0.232631
vn 0.811543 -0.404822 0.421327
vn 0.851036 -0.457340 0.258027
vn 0.846116 -0.521642 0.109443
vn 0.830403 -0.552080 -0.075091
vn 0.490294 -0.395398 -0.776706
vn 0.637095 0.110247 0.762860
vn 0.954406 0.089918 0.284647
vn 0.930118 0.237141 0.280436
vn 0.980858 0.087782 0.173817
vn 0.946616 0.079656 0.312367
vn 0.972192 -0.076873 0.221207
vn 0.983694 -0.179618 -0.009132
vn 0.938228 -0.167805 0.302605
vn -0.131343 -0.071314 0.988769
vn 0.378162 -0.059580 0.923820
vn 0.239304 -0.202861 0.949516
vn -0.173625 -0.347595 0.921429
vn 0.252430 -0.358445 0.898775
vn -0.161572 -0.528581 0.833364
vn 0.511390 -0.179991 0.840288
vn 0.499604 -0.273391 0.821981
vn 0.561855 -0.061806 0.824924
vn 0.287995 -0.446569 0.847133
vn 0.517276 -0.290927 0.804852
vn -0.023235 -0.615993 0.787409
vn 0.730907 -0.103609 0.674567
vn 0.650462 0.099369 0.753010
vn 0.864812 -0.062256 0.498220
vn 0.374412 0.219835 0.900826
vn 0.724610 -0.145670 0.673587
vn 0.693005 -0.167419 0.701224
vn 0.741670 -0.033077 0.669948
vn 0.482160 0.021213 0.875826
vn 0.501218 0.026018 0.864930
vn 0.424662 0.120853 0.897250
vn 0.752008 -0.535477 -0.384380
vn 0.393864 -0.377131 -0.838238
vn 0.818085 -0.560837 0.127275
vn 0.798071 -0.594485 0.098337
vn 0.812089 -0.583368 -0.013903
vn 0.796062 -0.601929 -0.062984
vn 0.773505 -0.582647 -0.249423
vn 0.749280 -0.584705 -0.310966
vn 0.541576 -0.452346 -0.708575
vn 0.469370 -0.424108 -0.774483
vn 0.722989 -0.564578 0.398169
vn 0.780992 -0.582082 0.226345
vn 0.607190 -0.553888 0.569673
vn 0.605323 -0.512260 0.609241
vn 0.804546 -0.586229 0.095085
vn 0.799849 -0.594838 -0.080055
vn 0.734912 -0.582663 -0.346998
vn 0.446907 -0.422259 -0.788652
vn 0.805837 -0.533189 0.257558
vn 0.826392 -0.558311 0.073250
vn 0.748608 -0.505718 0.428760
vn 0.814033 -0.572042 -0.100584
vn 0.734284 -0.564044 -0.377731
vn 0.501674 -0.432505 -0.749175
vn 0.852190 -0.516865 0.081382
vn 0.823356 -0.554515 -0.120824
vn 0.852612 -0.446254 0.271862
vn 0.735137 -0.572644 -0.362841
vn 0.498883 -0.496643 -0.710254
vn 0.850798 -0.522202 0.058719
vn 0.868516 -0.410280 0.278117
vn 0.783890 -0.601551 -0.153793
vn 0.671382 -0.652300 -0.351784
vn 0.376055 -0.611597 -0.696083
vn 0.680654 -0.717164 -0.149621
vn 0.782939 -0.618035 0.070988
vn 0.543828 -0.756520 -0.363220
vn 0.234791 -0.704880 -0.669341
vn 0.398892 -0.856123 -0.328540
vn 0.472364 -0.871731 -0.130218
vn 0.042062 -0.691974 -0.720696
vn 0.029069 -0.794975 -0.605945
vn 0.191542 -0.955945 -0.222442
vn 0.068402 -0.487051 0.870691
vn -0.304534 -0.080579 0.949087
vn -0.103150 -0.205894 0.973123
vn 0.183278 -0.351368 0.918123
vn 0.022475 -0.093527 0.995363
vn 0.294802 -0.224315 0.928856
vn 0.624474 -0.171641 0.761953
vn 0.634456 -0.079629 0.768847
vn 0.571802 -0.292029 0.766656
vn 0.759388 -0.256041 0.598141
vn 0.714745 -0.377021 0.589063
vn 0.713551 -0.194535 0.673053
vn 0.417783 0.226047 0.879977
vn 0.568336 -0.034091 0.822090
vn 0.641263 -0.242973 0.727836
vn 0.784744 -0.309348 0.537104
vn 0.680858 -0.415066 0.603450
vn 0.838306 -0.337054 0.428530
vn 0.819241 -0.480710 0.312668
vn 0.659160 -0.618204 0.428172
vn 0.373387 0.295998 0.879185
vn 0.440312 -0.051260 0.896380
vn 0.464513 -0.322554 0.824734
vn 0.474703 -0.540058 0.694978
vn 0.434769 -0.769033 0.468578
vn 0.609808 -0.779950 0.140755
vn 0.334763 -0.911791 0.237847
vn 0.292568 0.271568 0.916872
vn 0.236036 -0.107488 0.965781
vn 0.233681 -0.370835 0.898818
vn 0.235292 -0.622555 0.746367
vn 0.184605 -0.854283 0.485923
vn 0.121866 -0.963642 0.237787
vn 0.287410 -0.957788 0.006192
vn 0.074652 -0.997052 0.017713
vn 0.033428 -0.987277 -0.155455
vn 0.331516 0.782638 0.526854
vn 0.222578 0.401687 0.888317
vn 0.057525 0.097508 0.993571
vn 0.007536 -0.157212 0.987536
vn -0.000966 -0.372864 0.927885
vn 0.039414 -0.695321 0.717618
vn 0.032105 -0.891110 0.452650
vn 0.004329 -0.971001 0.239036
vn 0.000829 -0.999883 0.015244
vn -0.029157 -0.974766 -0.221315
vn -0.084615 -0.848627 -0.522180
vn -0.180265 -0.697724 -0.693315
vn 0.499717 -0.383940 0.776449
vn 0.519969 -0.162022 0.838678
vn 0.607087 -0.008137 0.794594
vn 0.548343 0.162263 0.820360
vn 0.634514 0.225045 0.739423
vn 0.456089 0.158783 0.875654
vn 0.520540 0.350181 0.778724
vn 0.614223 0.344893 0.709773
vn 0.393977 0.385129 0.834540
vn 0.266138 0.359334 0.894455
vn 0.661462 -0.109310 -0.741970
vn 0.961087 -0.135881 -0.240518
vn 0.033461 0.685566 0.727241
vn 0.052420 0.755416 0.653145
vn -0.097998 0.904897 0.414195
vn -0.075923 0.893426 0.442749
vn 0.078469 0.779446 0.621536
vn -0.162103 0.949209 0.269676
vn 0.122179 0.523226 0.843390
vn 0.202298 0.582105 0.787547
vn 0.067686 0.401485 0.913361
vn -0.002805 0.347059 0.937839
vn 0.046618 0.382495 0.922781
vn 0.029745 0.641122 0.766862
vn 0.009088 0.616967 0.786937
vn -0.050273 0.888876 0.455382
vn 0.031584 0.894121 0.446710
vn 0.486810 0.868902 0.089585
vn 0.258637 0.962041 0.087089
vn 0.479921 0.766125 0.427467
vn 0.679194 0.664074 0.312573
vn 0.130284 0.954283 0.269018
vn 0.311776 0.773683 0.551553
vn 0.716475 0.697586 -0.006066
vn 0.797360 0.551896 0.244190
vn 0.895330 0.421133 0.145021
vn 0.820756 0.388264 0.419060
vn 0.901889 0.253057 0.350083
vn 0.698593 0.485352 0.525738
vn 0.846339 0.471540 -0.247709
vn 0.969941 0.243314 0.003591
vn 0.857818 0.200905 -0.473060
vn 0.955945 0.151844 0.251221
vn 0.687070 0.351381 0.635977
vn 0.734334 0.416367 0.536090
vn 0.750392 0.400522 0.525826
vn 0.093020 0.440320 0.893009
vn 0.572600 0.404193 0.713272
vn 0.552180 0.556280 0.621007
vn -0.022855 0.634484 0.772598
vn -0.067338 0.997645 0.013012
vn 0.073307 0.997198 0.014898
vn -0.116203 0.895377 -0.429880
vn -0.307764 0.739874 -0.598221
vn -0.386368 0.854266 -0.347778
vn -0.225087 0.961587 0.157119
vn -0.358562 0.910109 0.207690
vn -0.440819 0.849303 -0.290454
vn -0.062020 0.614234 0.786683
vn 0.533537 0.516273 0.669926
vn 0.475838 0.482138 0.735610
vn -0.091936 0.571713 0.815286
vn 0.882050 -0.141771 0.449320
vn 0.903335 -0.081779 0.421067
vn 0.982855 -0.137358 0.122998
vn 0.991593 0.003808 0.129342
vn 0.892865 0.056200 0.446805
vn 0.969198 0.113206 0.218724
vn 0.979321 -0.016559 -0.201634
vn 0.996198 0.072415 -0.048432
vn 0.615897 -0.098100 -0.781695
vn -0.671919 0.139971 0.727278
vn -0.456754 0.102943 0.883617
vn -0.810754 0.338826 0.477362
vn 0.778500 0.014993 -0.627466
vn 0.571064 0.541198 0.617244
vn 0.730125 0.268840 0.628206
vn 0.452714 0.557587 0.695806
vn 0.811312 0.233689 0.535875
vn 0.886313 0.197004 0.419093
vn 0.076541 0.186118 0.979542
vn 0.158746 0.288314 0.944285
vn 0.654080 -0.087658 0.751329
vn 0.504311 -0.323788 0.800520
vn 0.339602 -0.484416 0.806233
vn 0.500582 -0.347144 0.793037
vn 0.277242 -0.574650 0.770010
vn 0.658847 0.024070 0.751892
vn 0.777674 0.197089 0.596975
vn 0.702896 0.204448 0.681277
vn 0.835026 0.163041 0.525499
vn 0.872497 -0.483558 -0.070152
vn 0.972923 -0.220844 -0.068189
vn 0.784963 -0.140919 0.603303
vn 0.993002 -0.081257 -0.085700
vn 0.814107 -0.000406 0.580714
vn 0.829255 0.551412 -0.091001
vn 0.731811 0.397983 0.553228
vn 0.385363 0.814798 0.433128
vn 0.056118 0.996309 -0.064954
vn 0.875449 0.080921 0.476487
vn 0.987848 0.102079 -0.117200
vn -0.208643 0.903595 0.374145
vn -0.363467 0.929464 -0.063149
vn -0.385136 0.870928 -0.305212
vn -0.329461 0.919357 0.215030
vn 0.437985 -0.450190 0.778137
vn 0.394754 -0.520035 0.757452
vn 0.662427 -0.468696 0.584392
vn 0.514033 -0.394075 0.761889
vn 0.797221 -0.421316 0.432355
vn -0.040661 0.076542 0.996237
vn 0.134656 0.042247 0.989991
vn 0.066242 -0.045455 0.996768
vn -0.015551 -0.038360 0.999143
vn 0.054579 0.001365 0.998509
vn -0.009375 0.004071 0.999948
vn -0.040522 0.200766 0.978801
vn 0.218225 0.176686 0.959771
vn -0.179637 0.348218 0.920041
vn 0.060745 -0.695398 0.716053
vn 0.085421 -0.799856 0.594082
vn -0.037456 0.316883 0.947725
vn 0.290809 0.287387 0.912600
vn 0.035237 0.171005 0.984640
vn -0.014335 0.150999 0.988430
vn 0.295096 0.603966 0.740367
vn 0.161379 0.815340 0.556038
vn -0.071579 0.947985 0.310163
vn 0.192917 0.979260 0.061915
vn -0.051332 0.908432 -0.414870
vn 0.329753 0.935561 0.126445
vn -0.002027 0.946076 -0.323939
vn 0.491288 0.789372 0.368140
vn -0.154497 0.979332 -0.130536
vn -0.112355 0.823353 0.556297
vn 0.528485 0.421757 0.736767
vn 0.735390 0.590726 0.332030
vn 0.809902 0.300820 0.503554
vn 0.568976 0.769146 0.290998
vn 0.429004 0.838655 0.335580
vn 0.237896 0.916524 0.321543
vn 0.073544 0.911342 0.405028
vn -0.125712 0.860880 0.493034
vn -0.260606 0.791329 0.553066
vn -0.314895 0.776355 0.545998
vn 0.040426 0.773464 0.632549
vn -0.202238 0.796866 0.569301
vn 0.438751 0.537087 0.720441
vn 0.629502 0.230770 0.741938
vn 0.612841 0.039298 0.789229
vn 0.864749 0.390385 0.315924
vn 0.741752 0.505212 0.441095
vn 0.579551 0.588747 0.563469
vn 0.410337 0.621344 0.667499
vn 0.212645 0.586132 0.781813
vn 0.023154 0.536434 0.843625
vn -0.110169 0.502689 0.857419
vn -0.251741 0.547141 0.798288
vn -0.001873 0.531184 0.847254
vn 0.270958 0.481627 0.833437
vn -0.193011 0.573812 0.795919
vn 0.502601 0.386972 0.773075
vn 0.582429 0.347215 0.734995
vn 0.581630 0.243281 0.776222
vn 0.545347 0.101467 0.832047
vn 0.643743 -0.438621 0.627062
vn 0.500848 -0.620299 0.603640
vn 0.391150 -0.763123 0.514436
vn 0.499727 -0.586771 0.637161
vn 0.662106 -0.063000 0.746758
vn 0.574716 -0.051046 0.816759
vn 0.619668 0.023638 0.784508
vn 0.543462 -0.114045 0.831650
vn 0.551982 0.125859 0.824303
vn 0.294790 -0.358105 0.885923
vn 0.494356 -0.365881 0.788507
vn 0.319747 -0.522318 0.790535
vn 0.190104 -0.512993 0.837077
vn 0.172910 -0.414271 0.893578
vn 0.097202 -0.481949 0.870791
vn 0.105838 -0.405150 0.908104
vn 0.058287 -0.447248 0.892509
vn 0.126700 -0.384161 0.914531
vn 0.160574 -0.283454 0.945447
vn 0.213132 -0.377761 0.901039
vn 0.199727 -0.151446 0.968077
vn 0.103609 -0.190074 0.976287
vn 0.123579 -0.407434 0.904835
vn 0.381717 -0.523718 0.761585
vn 0.265933 -0.628013 0.731355
vn 0.141267 -0.599154 0.788073
vn 0.036309 -0.542727 0.839124
vn 0.086399 -0.396407 0.914000
vn 0.221643 -0.412760 0.883461
vn 0.292697 -0.472296 0.831423
vn 0.006855 -0.468060 0.883670
vn 0.524689 0.218216 0.822851
vn 0.596630 0.156556 0.787098
vn 0.665342 0.331005 0.669145
vn 0.651802 0.267031 0.709823
vn 0.596151 0.331681 0.731158
vn 0.666399 0.352411 0.657054
vn -0.069996 0.524874 0.848297
vn 0.371874 0.482577 0.792987
vn 0.324623 0.411329 0.851721
vn -0.041298 0.430988 0.901412
vn 0.218961 -0.108569 0.969675
vn 0.536291 -0.810897 0.234174
vn 0.182189 -0.869671 -0.458780
vn 0.359962 -0.932931 -0.008227
vn -0.814679 -0.081814 0.574112
vn -0.495031 -0.498532 0.711625
vn 0.033933 -0.991166 0.128209
vn 0.215974 -0.802641 0.555988
vn -0.103887 -0.753045 0.649716
vn 0.349169 -0.534468 0.769691
vn 0.380168 -0.498280 0.779223
vn 0.445562 -0.456064 0.770377
vn 0.432729 -0.472754 0.767625
vn 0.275761 -0.523192 0.806366
vn 0.394606 -0.402986 0.825765
vn 0.328945 -0.342615 0.880005
vn 0.198004 -0.446960 0.872365
vn 0.200519 -0.238602 0.950190
vn 0.400477 -0.130784 0.906926
vn 0.240901 0.085381 0.966787
vn 0.246377 -0.049656 0.967901
vn 0.455981 -0.058823 0.888044
vn 0.458883 -0.075805 0.885257
vn 0.401210 -0.134612 0.906041
vn 0.291518 0.075855 0.953553
vn 0.366410 0.008431 0.930415
vn 0.381454 -0.171645 0.908312
vn 0.413610 -0.166894 0.895027
vn 0.475848 0.040743 0.878583
vn 0.577659 -0.101640 0.809925
vn 0.492606 -0.181390 0.851139
vn 0.613153 -0.237053 0.753557
vn 0.709220 -0.140655 0.690814
vn 0.640075 -0.341557 0.688217
vn 0.758135 -0.292954 0.582588
vn 0.680087 -0.445824 0.581999
vn 0.603572 -0.541213 0.585482
vn 0.350624 0.143342 0.925481
vn 0.215042 -0.180427 0.959793
vn 0.242768 -0.598241 0.763656
vn 0.321595 -0.561056 0.762753
vn 0.409693 -0.469699 0.782007
vn 0.208776 -0.608597 0.765521
vn 0.200212 -0.508510 0.837456
vn 0.086680 -0.168598 0.981866
vn 0.047372 -0.127182 0.990747
vn 0.082445 -0.293903 0.952273
vn 0.106943 -0.336649 0.935538
vn 0.081057 0.123964 0.988971
vn 0.494180 -0.102433 0.863304
vn 0.536477 -0.077308 0.840366
vn 0.522985 -0.094807 0.847052
vn 0.486865 -0.093305 0.868480
vn 0.516270 -0.106906 0.849727
vn 0.525769 -0.080937 0.846768
vn 0.426792 -0.134253 0.894329
vn 0.450963 -0.149476 0.879937
vn 0.394936 -0.174055 0.902070
vn 0.378498 -0.180182 0.907895
vn 0.387347 -0.172669 0.905620
vn 0.404448 -0.147922 0.902519
vn 0.419796 -0.205842 0.883969
vn 0.428629 -0.182643 0.884827
vn 0.443936 -0.116459 0.888458
vn 0.448221 -0.161244 0.879260
vn 0.436951 -0.223371 0.871309
vn 0.500891 -0.144126 0.853426
vn 0.507305 -0.208736 0.836105
vn 0.491196 -0.278002 0.825494
vn 0.440078 -0.264089 0.858247
vn 0.466018 -0.341808 0.816085
vn 0.506467 -0.236479 0.829198
vn 0.538913 -0.338387 0.771406
vn 0.490806 -0.362212 0.792409
vn 0.495840 -0.384248 0.778779
vn 0.476708 -0.270177 0.836513
vn 0.482827 -0.328930 0.811593
vn 0.488174 -0.193628 0.850996
vn 0.494120 -0.119793 0.861101
vn 0.513211 -0.516937 0.685121
vn 0.528906 -0.433510 0.729607
vn 0.411848 -0.517625 0.749964
vn 0.141400 -0.673095 0.725913
vn 0.623882 -0.230181 0.746852
vn 0.382552 -0.087847 0.919748
vn 0.071523 -0.002335 0.997436
vn 0.072956 0.019141 0.997151
vn 0.479476 -0.393429 0.784421
vn 0.452951 -0.439724 0.775550
vn 0.435885 -0.460194 0.773450
vn 0.441472 -0.488735 0.752490
vn 0.369161 -0.513320 0.774740
vn 0.268356 -0.557268 0.785772
vn 0.127362 -0.388132 0.912761
vn 0.111428 -0.436912 0.892576
vn 0.083289 0.155006 0.984396
vn -0.992194 -0.032879 -0.120290
vn -0.967868 -0.177729 -0.177886
vn -0.974295 -0.191580 0.118514
vn -0.995675 0.030506 0.087755
vn -0.956348 -0.104327 -0.272974
vn -0.896035 -0.237893 -0.374871
vn -0.993481 0.016443 -0.112806
vn -0.981503 0.175451 0.076601
vn -0.951711 -0.102532 -0.289366
vn -0.788768 -0.201493 -0.580728
vn -0.624140 -0.224776 -0.748281
vn -0.866931 -0.384089 -0.317657
vn -0.896313 -0.294536 -0.331469
vn -0.725911 -0.286880 -0.625102
vn -0.693286 -0.373177 -0.616517
vn -0.717437 -0.126780 -0.684990
vn -0.782887 -0.082468 -0.616674
vn -0.974351 -0.068768 -0.214271
vn -0.960366 -0.125725 -0.248778
vn -0.656272 -0.091435 -0.748963
vn -0.999807 -0.005573 -0.018813
vn -0.992516 -0.116259 0.037349
vn -0.736562 -0.134388 -0.662885
vn -0.941932 -0.162176 -0.294045
vn -0.275557 0.385095 0.880778
vn -0.285937 0.460738 0.840215
vn -0.133735 0.504293 0.853114
vn -0.132596 0.357152 0.924587
vn -0.504760 0.402405 0.763733
vn -0.575897 0.410706 0.706869
vn -0.447320 0.401450 0.799214
vn -0.632431 0.460511 0.622864
vn -0.144382 0.261203 0.954425
vn -0.421633 0.120633 0.898706
vn -0.631854 0.297365 0.715775
vn -0.699767 0.369790 0.611213
vn -0.621773 0.389825 0.679290
vn -0.652348 0.418840 0.631676
vn -0.703279 0.450759 0.549741
vn -0.690964 0.456581 0.560449
vn -0.722394 0.474800 0.502703
vn -0.847439 -0.464324 -0.257390
vn -0.706117 -0.435151 -0.558608
vn -0.981121 0.140551 0.132844
vn -0.972293 -0.051511 0.228019
vn -0.986541 -0.158004 0.042082
vn -0.931603 -0.123917 0.341702
vn -0.548864 0.047242 0.834576
vn -0.585740 0.021096 0.810224
vn -0.651646 0.011332 0.758438
vn -0.568378 0.074257 0.819410
vn -0.431737 -0.034974 0.901321
vn -0.462420 0.105118 0.880408
vn -0.820605 -0.541373 -0.183091
vn -0.613706 -0.441516 -0.654544
vn -0.774322 -0.605831 -0.182743
vn -0.793793 -0.587376 -0.157743
vn -0.695078 -0.554063 -0.458128
vn -0.600848 -0.558042 -0.572338
vn -0.765452 -0.599013 -0.235087
vn -0.547930 -0.510205 -0.662920
vn -0.822605 -0.493585 0.282303
vn -0.763721 -0.542123 0.350475
vn -0.803699 -0.575227 0.152255
vn -0.826245 -0.555986 0.090548
vn -0.736206 -0.481801 0.475257
vn -0.824736 -0.400046 0.399716
vn -0.805309 -0.591558 -0.039203
vn -0.817240 -0.571047 -0.077613
vn -0.760817 -0.574600 -0.301650
vn -0.515279 -0.474813 -0.713470
vn -0.849500 -0.521176 0.082012
vn -0.818854 -0.566312 -0.093643
vn -0.875854 -0.446079 0.184100
vn -0.749995 -0.586318 -0.306169
vn -0.515320 -0.538554 -0.666637
vn -0.820081 -0.570647 0.042769
vn -0.849593 -0.505563 0.150326
vn -0.779631 -0.616798 -0.108337
vn -0.694819 -0.657897 -0.290512
vn -0.479477 -0.634622 -0.606100
vn -0.693509 -0.717913 -0.060384
vn -0.736896 -0.672719 0.066580
vn -0.605494 -0.747464 -0.273267
vn -0.348518 -0.734342 -0.582475
vn -0.460243 -0.858719 -0.225338
vn -0.537757 -0.842493 -0.031978
vn -0.117478 -0.757176 -0.642560
vn -0.068782 -0.847196 -0.526810
vn -0.267389 -0.948801 -0.168167
vn -0.360659 0.052613 0.931213
vn -0.285320 -0.141050 0.947997
vn -0.529789 -0.210717 0.821536
vn -0.475234 -0.123210 0.871190
vn -0.444154 -0.258248 0.857925
vn -0.695846 -0.276606 0.662787
vn -0.835457 -0.310459 0.453460
vn -0.778843 -0.311634 0.544324
vn -0.602808 -0.327240 0.727693
vn -0.509678 0.122558 0.851591
vn -0.453336 -0.165179 0.875901
vn -0.529987 -0.325992 0.782843
vn -0.716936 -0.482419 0.503264
vn -0.610357 -0.526338 0.591974
vn -0.854854 -0.420799 0.303566
vn -0.756736 -0.617301 0.215151
vn -0.624709 -0.687553 0.370148
vn -0.439657 -0.022008 0.897896
vn -0.366107 -0.198937 0.909060
vn -0.438737 -0.300969 0.846716
vn -0.485141 -0.518615 0.704043
vn -0.489527 -0.751018 0.443097
vn -0.616959 -0.773299 0.146182
vn -0.431818 -0.866394 0.250789
vn -0.245356 -0.052754 0.967997
vn -0.271385 -0.172238 0.946934
vn -0.345052 -0.284886 0.894304
vn -0.334074 -0.548841 0.766269
vn -0.289501 -0.817320 0.498174
vn -0.233262 -0.935739 0.264541
vn -0.392157 -0.917447 0.067109
vn -0.169416 -0.983775 0.059024
vn -0.087682 -0.983799 -0.156369
vn 0.103765 0.822036 0.559901
vn -0.194115 0.837592 0.510646
vn -0.210362 0.353194 0.911593
vn 0.042376 0.297473 0.953789
vn -0.080339 0.010951 0.996707
vn -0.151943 -0.141465 0.978213
vn -0.208745 -0.304696 0.929293
vn -0.147212 -0.609406 0.779072
vn -0.087966 -0.874379 0.477203
vn -0.078549 -0.966053 0.246113
vn -0.046405 -0.996713 0.066402
vn -0.014476 -0.983877 -0.178262
vn 0.047726 -0.865224 -0.499109
vn -0.013886 -0.818520 -0.574310
vn -0.859000 -0.084749 -0.504912
vn -0.984382 -0.104065 -0.141996
vn 0.182103 0.928225 0.324404
vn -0.038332 0.767507 0.639893
vn 0.009042 0.718048 0.695935
vn 0.258856 0.935117 0.241971
vn -0.113186 0.820684 0.560059
vn 0.244768 0.967364 0.065534
vn -0.442301 0.812857 0.378990
vn -0.148725 0.985611 0.080328
vn -0.450849 0.890229 0.065014
vn -0.637050 0.708206 0.304321
vn -0.757218 0.653089 -0.009794
vn -0.811114 0.545996 0.209719
vn -0.921274 0.371484 0.115129
vn -0.897899 0.397188 -0.189787
vn -0.980256 0.189186 0.057512
vn -0.932242 0.169117 -0.319882
vn -0.666150 0.336237 0.665724
vn -0.732715 0.399390 0.551015
vn -0.751582 0.372651 0.544295
vn -0.579213 0.548995 0.602592
vn -0.479420 0.414057 0.773766
vn -0.911526 -0.143609 0.385352
vn -0.979416 -0.137597 0.147688
vn -0.997958 -0.019889 -0.060698
vn -0.892563 -0.054342 -0.447636
vn -0.997433 0.060678 -0.038030
vn -0.922409 0.009581 -0.386096
vn -0.795676 -0.373801 0.476626
vn -0.739814 -0.409627 0.533742
vn -0.717906 -0.364255 0.593237
vn -0.753006 -0.321382 0.574191
vn -0.587102 -0.312255 0.746866
vn -0.557236 -0.340737 0.757223
vn -0.869261 -0.349250 0.349872
vn -0.512681 -0.308046 0.801415
vn -0.644989 -0.376648 0.664925
vn -0.283821 0.847526 0.448493
vn 0.092107 0.991844 0.088105
vn -0.215045 0.635657 0.741415
vn -0.438125 0.478315 0.761093
vn -0.547347 0.372554 0.749410
vn -0.518603 0.566211 0.640668
vn -0.616794 0.314731 0.721464
vn -0.582213 0.269809 0.766962
vn -0.673173 0.152258 0.723640
vn -0.593595 0.134150 0.793504
vn -0.596610 -0.013064 0.802425
vn -0.599621 -0.035390 0.799501
vn -0.648273 -0.128190 0.750539
vn -0.492682 -0.379834 0.782937
vn -0.406873 -0.230751 0.883860
vn -0.282909 -0.449401 0.847350
vn -0.192153 -0.587602 0.786003
vn -0.110132 -0.447680 0.887386
vn -0.077455 -0.551485 0.830581
vn -0.148382 -0.410818 0.899562
vn -0.161528 -0.301488 0.939688
vn -0.210073 -0.393598 0.894958
vn -0.202920 -0.242309 0.948741
vn -0.606393 0.161716 0.778547
vn -0.556432 0.209702 0.803995
vn -0.646902 0.341328 0.681919
vn -0.648084 0.264754 0.714068
vn -0.683782 0.340648 0.645292
vn -0.626402 0.313641 0.713617
vn 0.176452 0.886871 0.426996
vn -0.015745 0.590833 0.806640
vn 0.020583 0.678584 0.734235
vn 0.152291 0.932972 0.326145
vn -0.088882 0.331085 0.939405
vn -0.049719 0.391997 0.918622
vn -0.160094 0.128144 0.978749
vn -0.084353 0.170668 0.981711
vn -0.248675 -0.075718 0.965623
vn -0.130786 0.012343 0.991334
vn -0.358518 -0.119324 0.925865
vn -0.133840 -0.067641 0.988692
vn -0.188582 0.007901 0.982026
vn -0.270087 0.147773 0.951428
vn -0.042416 -0.456749 0.888584
vn -0.201042 -0.470652 0.859109
vn -0.163198 -0.276433 0.947075
vn -0.040825 -0.233603 0.971475
vn -0.505803 0.459113 0.730328
vn -0.421424 0.447926 0.788520
vn -0.197210 -0.281265 0.939148
vn -0.086738 -0.221572 0.971279
vn -0.248031 -0.437093 0.864541
vn -0.114810 -0.446778 0.887247
vn -0.556599 0.502680 0.661446
vn -0.384122 0.379025 0.841897
vn -0.346481 0.261940 0.900743
vn -0.273444 -0.824998 0.494578
vn 0.027734 -0.921929 0.386365
vn 0.192049 -0.611299 0.767744
vn -0.004860 -0.677119 0.735857
vn -0.187526 -0.647560 0.738579
vn 0.288680 -0.800665 0.524976
vn 0.121039 -0.894559 0.430249
vn -0.196174 -0.789981 0.580901
vn 0.025470 -0.825073 0.564451
vn 0.193654 -0.843442 0.501103
vn -0.006745 -0.905176 0.424984
vn -0.129505 -0.913936 0.384643
vn 0.062182 -0.902072 0.427083
vn 0.014161 -0.921280 0.388642
vn -0.151052 -0.898170 0.412884
vn 0.522057 -0.484176 0.702161
vn 0.469012 -0.444293 0.763303
vn -0.261345 -0.476124 0.839646
vn -0.226982 -0.309779 0.923318
vn -0.186656 -0.354326 0.916304
vn -0.214729 -0.340956 0.915227
vn -0.284362 -0.810127 0.512672
vn -0.188638 -0.469205 0.862706
vn -0.159768 -0.831498 0.532057
vn -0.165754 -0.422373 0.891138
vn -0.007693 -0.774243 0.632842
vn -0.236170 -0.334698 0.912250
vn 0.101195 -0.629156 0.770663
vn -0.266235 -0.323804 0.907893
vn 0.227815 -0.538456 0.811274
vn -0.467424 0.763159 0.446210
vn -0.456010 0.212374 0.864264
vn -0.548363 0.805117 0.226020
vn -0.571513 0.294009 0.766115
vn -0.356085 0.329118 0.874577
vn 0.026398 0.986630 0.160821
vn 0.659541 0.593153 0.461709
vn -0.063347 0.031654 0.997489
vn 0.637880 0.072015 0.766761
vn -0.106455 -0.207834 0.972354
vn 0.530950 -0.216722 0.819221
vn -0.292749 -0.327166 0.898477
vn 0.404001 -0.394105 0.825508
vn -0.315993 -0.347995 0.882637
vn -0.274435 -0.100126 0.956379
vn -0.205293 -0.090619 0.974496
vn -0.291397 -0.304047 0.906997
vn -0.338386 -0.245387 0.908449
vn -0.356685 -0.162053 0.920062
vn -0.411058 -0.404155 0.817123
vn -0.420842 0.842826 0.335465
vn -0.271262 0.934913 0.228813
vn -0.056356 0.998211 0.019983
vn -0.066618 0.959955 0.272120
vn 0.089849 0.857147 0.507175
vn 0.241382 0.965431 0.098381
vn 0.165793 0.985137 0.044912
vn -0.015821 0.914818 0.403557
vn 0.093706 0.817423 0.568365
vn 0.207888 0.974213 0.087703
vn -0.095903 0.801993 0.589585
vn -0.111456 0.990927 0.075112
vn -0.690826 0.692560 0.207655
vn -0.746305 0.184150 0.639624
vn -0.893427 0.230857 0.385349
vn -0.765918 -0.016805 0.642718
vn -0.942327 0.002015 0.334687
vn -0.765118 -0.108244 0.634726
vn -0.928782 -0.122694 0.349730
vn -0.729571 -0.251771 0.635875
vn -0.896236 -0.277428 0.346113
vn -0.545323 -0.463111 0.698678
vn -0.711040 -0.552062 0.435488
vn -0.327655 -0.683646 0.652127
vn -0.472373 -0.856246 0.209061
vn -0.181454 -0.549151 0.815786
vn -0.000894 -0.911951 0.410298
vn -0.121472 -0.543465 0.830596
vn 0.195321 -0.839866 0.506434
vn -0.206756 -0.467022 0.859734
vn -0.025649 -0.665994 0.745516
vn -0.284229 -0.421008 0.861375
vn -0.184501 -0.523370 0.831891
vn -0.671062 -0.160526 0.723814
vn 0.033955 -0.350349 0.936003
vn -0.270885 -0.559685 0.783182
vn -0.538646 -0.326645 0.776636
vn -0.702105 0.393945 0.593174
vn 0.051280 0.351220 0.934888
vn -0.552391 -0.252209 0.794515
vn -0.511856 -0.403054 0.758650
vn -0.409490 -0.369182 0.834280
vn -0.497932 -0.204664 0.842720
vn -0.306759 -0.433672 0.847247
vn -0.420550 -0.296768 0.857360
vn -0.089623 0.346833 0.933635
vn -0.068023 0.509444 0.857811
vn -0.045981 0.494824 0.867776
vn -0.140174 0.313172 0.939295
vn -0.100224 0.428710 0.897866
vn -0.268138 0.218299 0.938322
vn -0.216139 0.140093 0.966260
vn -0.146970 0.171207 0.974212
vn -0.327751 0.107840 0.938589
vn -0.464117 -0.292289 0.836159
vn -0.590137 -0.353664 0.725714
vn -0.853869 -0.126016 0.505002
vn -0.779230 -0.156916 0.606776
vn -0.739121 -0.069327 0.669995
vn -0.768996 -0.155506 0.620050
vn -0.637956 -0.103658 0.763064
vn -0.665044 -0.231352 0.710065
vn -0.553866 -0.198927 0.808493
vn -0.597663 -0.272123 0.754154
vn -0.508699 -0.292598 0.809699
vn -0.545306 -0.267260 0.794489
vn -0.431908 -0.308716 0.847437
vn -0.482506 -0.244357 0.841117
vn -0.334341 -0.337912 0.879791
vn -0.424090 -0.171293 0.889273
vn -0.266385 -0.340881 0.901576
vn -0.355118 -0.148458 0.922958
vn -0.275264 -0.165371 0.947039
vn -0.244179 -0.318143 0.916058
vn -0.182481 -0.086295 0.979415
vn -0.199676 0.042232 0.978952
vn -0.982562 0.075432 0.169949
vn -0.934017 0.145007 0.326474
vn -0.898259 0.173096 0.403942
vn -0.941234 0.136561 0.308918
vn -0.844656 0.165827 0.508976
vn -0.924728 0.196187 0.326173
vn -0.818394 0.172423 0.548180
vn -0.862020 0.347400 0.369099
vn -0.739680 0.248111 0.625551
vn -0.740973 0.498654 0.449781
vn -0.578439 0.573241 0.580348
vn -0.649348 0.283433 0.705700
vn -0.541534 0.303016 0.784170
vn -0.409366 0.580106 0.704199
vn -0.412742 0.281679 0.866199
vn -0.282505 0.494659 0.821890
vn -0.260010 0.259806 0.929998
vn -0.158154 0.526193 0.835529
vn -0.170748 0.138632 0.975513
vn -0.129866 0.351095 0.927290
vn -0.811514 0.209809 0.545368
vn -0.758607 0.217594 0.614140
vn -0.769211 0.168386 0.616410
vn -0.708563 0.194083 0.678432
vn -0.695200 0.198975 0.690728
vn -0.655672 0.173207 0.734911
vn -0.545081 0.219326 0.809186
vn -0.617969 0.168253 0.767988
vn -0.505448 0.073516 0.859720
vn -0.647299 0.140579 0.749161
vn -0.576215 -0.021907 0.817004
vn -0.721996 0.162371 0.672575
vn -0.651768 -0.040923 0.757314
vn -0.777400 0.130754 0.615266
vn -0.705795 -0.065946 0.705340
vn -0.840062 0.077772 0.536887
vn -0.755878 -0.131535 0.641364
vn -0.906914 -0.010953 0.421173
vn -0.817431 -0.173373 0.549316
vn -0.958056 -0.042137 0.283466
vn -0.856335 -0.150116 0.494120
vn -0.204982 -0.130908 0.969972
vn -0.920741 -0.135592 0.365856
vn -0.993508 -0.053793 0.100244
vn -0.881688 -0.068143 0.466887
vn -0.906173 0.063674 0.418086
vn -0.933164 0.261945 0.246149
vn -0.867199 0.404398 0.290565
vn -0.399405 0.125143 0.908193
vn -0.482825 0.004187 0.875707
vn -0.271249 0.406820 0.872308
vn -0.009042 0.682666 0.730675
vn -0.141011 0.773526 0.617878
vn 0.047275 0.656772 0.752606
vn -0.035623 0.666690 0.744484
vn -0.271310 -0.406546 0.872417
vn -0.357021 -0.301930 0.883954
vn -0.533184 -0.227942 0.814713
vn -0.610165 -0.123830 0.782537
vn 0.012837 -0.850492 0.525831
vn -0.270615 -0.794516 0.543610
vn -0.940712 -0.325512 -0.095404
vn -0.907605 -0.355972 0.222571
vn -0.612844 -0.112290 0.782185
vn -0.608958 -0.314802 0.728059
vn -0.511423 -0.313576 0.800073
vn -0.307029 -0.294184 0.905091
vn -0.317404 -0.344440 0.883525
vn -0.419505 -0.306040 0.854608
vn -0.424741 -0.259321 0.867380
vn -0.287215 -0.280777 0.915790
vn -0.935336 0.097858 0.339957
vn -0.980001 0.024909 0.197429
vn -0.353846 0.077524 0.932085
vn -0.434509 0.041932 0.899691
vn -0.244504 0.191495 0.950551
vn -0.349951 0.223322 0.909759
vn -0.447110 0.191097 0.873827
vn -0.869849 0.170943 0.462753
vn -0.914496 0.283324 0.288833
vn -0.762440 0.534086 0.365291
vn -0.019836 0.999628 0.018705
vn -0.153985 0.943035 0.294913
vn -0.571234 0.691710 0.441847
vn -0.351269 0.754583 0.554270
vn -0.537204 0.352148 0.766422
vn -0.768395 0.329958 0.548359
vn -0.785634 0.076436 0.613952
vn -0.582344 0.073289 0.809632
vn -0.748350 -0.178160 0.638930
vn -0.699297 -0.377074 0.607289
vn -0.930759 0.088377 0.354793
vn -0.889247 -0.194266 0.414127
vn -0.819703 -0.375612 0.432438
vn 0.403084 -0.443089 0.800747
vn -0.104177 -0.509249 0.854291
vn -0.454123 -0.455366 0.765777
vn 0.472400 0.081052 0.877650
vn -0.052718 0.004743 0.998598
vn -0.530618 0.002362 0.847608
vn 0.642843 -0.352168 0.680243
vn -0.743112 -0.174005 0.646148
vn -0.611325 -0.531397 0.586428
vn 0.743760 -0.009792 0.668375
vn -0.755420 -0.103816 0.646964
vn -0.650735 -0.254299 0.715455
vn 0.339475 -0.029092 0.940165
vn 0.150955 0.759392 0.632880
vn 0.246896 0.678764 0.691608
vn 0.387257 -0.292617 0.874304
vn 0.647452 0.514054 0.562633
vn 0.540665 -0.583911 0.605581
vn 0.190336 -0.947146 0.258239
vn 0.434884 -0.336908 -0.835086
vn 0.158038 -0.651242 -0.742232
vn 0.311760 -0.847754 0.429091
vn 0.026622 -0.885461 -0.463950
vn 0.388829 -0.823463 0.413184
vn 0.408256 -0.813122 0.414922
vn -0.307394 -0.818330 -0.485639
vn -0.250094 -0.937921 -0.240326
vn 0.348103 -0.797580 0.492637
vn -0.345725 -0.937920 -0.027927
vn 0.194449 -0.856407 0.478286
vn -0.046863 -0.811373 0.582648
vn -0.872594 -0.401445 0.278249
vn -0.694502 -0.083800 0.714594
vn -0.132393 -0.633812 0.762072
vn 0.118573 0.743096 0.658596
vn 0.266347 0.030965 0.963380
vn 0.157858 0.082053 0.984047
vn 0.058588 0.770621 0.634595
vn 0.385032 -0.903153 0.189910
vn -0.032255 -0.206124 0.977994
vn -0.004021 0.641250 0.767321
vn -0.151563 -0.352007 0.923645
vn -0.276814 0.489538 0.826878
vn -0.176836 -0.489171 0.854073
vn -0.522898 0.293300 0.800345
vn 0.873909 0.134541 -0.467099
vn 0.741370 0.070237 0.667411
vn 0.758873 0.226132 0.610717
vn -0.774167 0.152581 0.614316
vn -0.737419 0.167123 0.654433
vn -0.438377 -0.724916 0.531340
vn -0.238985 -0.952549 -0.188511
vn -0.361656 -0.847377 -0.388790
vn -0.369773 -0.793031 0.484117
vn -0.431174 -0.688570 0.583061
vn -0.078021 -0.996398 -0.033212
vn -0.212795 -0.649686 0.729813
vn 0.475329 -0.709414 0.520380
vn 0.008072 -0.954120 0.299316
vn -0.312053 -0.695812 0.646892
vn 0.064493 -0.570698 0.818624
vn 0.800881 0.062349 0.595569
vn -0.109880 -0.334039 0.936133
vn -0.104118 0.574504 0.811852
vn 0.272575 0.258156 0.926854
vn 0.025290 -0.416393 0.908833
vn -0.281872 -0.223943 0.932951
vn -0.199118 0.696468 0.689409
vn -0.360767 -0.430835 0.827181
vn -0.281351 0.621567 0.731092
vn -0.284095 0.454626 0.844159
vn -0.311365 -0.413532 0.855595
vn -0.555834 -0.514369 0.653049
vn -0.417085 0.689353 0.592311
vn -0.566185 -0.346336 -0.747988
vn -0.228202 -0.907072 0.353759
vn -0.982312 0.187038 0.008980
vn -0.171571 -0.941805 0.289080
vn -0.403416 -0.746216 0.529545
vn -0.512938 -0.422686 0.747149
vn -0.508017 -0.532402 0.677102
vn -0.450640 -0.420056 0.787703
vn -0.438860 -0.595965 0.672478
vn -0.893607 -0.443007 -0.072193
vn -0.876572 -0.435008 0.205889
vn -0.790718 -0.425714 0.439923
vn -0.690871 -0.415985 0.591316
vn -0.594290 -0.401312 0.696971
vn -0.508922 -0.424362 0.748943
vn -0.528737 -0.309243 0.790446
vn -0.606186 -0.333748 0.721907
vn -0.554356 -0.296121 0.777819
vn -0.633680 -0.373720 0.677336
vn -0.856509 -0.512712 -0.059315
vn -0.838987 -0.511275 0.186274
vn -0.766981 -0.449444 0.457974
vn -0.681683 -0.385898 0.621603
vn -0.772160 -0.492446 0.401579
vn -0.703714 -0.435562 0.561313
vn -0.826577 -0.562816 -0.002900
vn -0.812751 -0.553392 0.182190
vn -0.653954 -0.428026 0.623809
vn -0.701090 -0.475557 0.531337
vn -0.771478 -0.522742 0.362715
vn -0.807974 -0.564162 0.169998
vn -0.809691 -0.585743 -0.036121
vn -0.795627 -0.600987 -0.076109
vn -0.804083 -0.586944 0.094594
vn -0.775595 -0.554128 0.302316
vn -0.706435 -0.513368 0.487241
vn -0.670964 -0.467834 0.575273
vn -0.451781 -0.042826 -0.891101
vn -0.213429 -0.056373 -0.975331
vn -0.583721 0.028746 -0.811446
vn 0.049764 -0.034454 -0.998167
vn 0.025600 -0.014265 -0.999571
vn -0.092418 0.005414 -0.995706
vn -0.199533 -0.547453 -0.812700
vn -0.338182 -0.606777 -0.719343
vn -0.465571 -0.633940 -0.617546
vn -0.088118 -0.465210 -0.880804
vn 0.028107 -0.375151 -0.926537
vn 0.326040 -0.435093 -0.839281
vn 0.275863 -0.961048 -0.016937
vn 0.095897 -0.801930 -0.589671
vn -0.375952 -0.926149 0.030124
vn -0.077036 -0.994675 0.068455
vn 0.131959 -0.909810 -0.393487
vn -0.256014 -0.960039 -0.113059
vn -0.750504 0.578580 0.319358
vn -0.637213 0.737451 0.223889
vn -0.803070 0.436910 0.405202
vn -0.461213 0.852401 -0.246364
vn -0.221339 0.753842 -0.618653
vn 0.036141 0.764327 -0.643815
vn -0.577975 0.124456 -0.806509
vn -0.764494 -0.461869 0.449696
vn -0.852081 -0.229259 0.470530
vn -0.738562 -0.639852 0.212405
vn -0.750648 -0.639981 -0.164168
vn -0.495262 0.201969 -0.844940
vn -0.284270 0.143179 -0.947993
vn -0.406539 0.223517 -0.885870
vn -0.119921 -0.003351 -0.992778
vn -0.268732 0.068745 -0.960759
vn -0.503739 0.124945 -0.854772
vn -0.581449 0.105776 -0.806678
vn -0.595797 0.144603 -0.790010
vn -0.543683 0.232931 -0.806320
vn -0.428779 0.299148 -0.852443
vn 0.278566 0.937257 -0.209642
vn -0.193221 0.075916 -0.978214
vn -0.325625 0.277677 -0.903805
vn -0.042704 -0.003292 -0.999082
vn -0.552792 0.393107 -0.734771
vn -0.482339 0.430150 -0.763099
vn -0.590313 0.418476 -0.690224
vn -0.328963 0.501851 -0.799956
vn -0.064530 0.557185 -0.827877
vn -0.283940 0.540088 -0.792265
vn -0.406157 0.539541 -0.737517
vn -0.526263 0.506775 -0.682808
vn -0.213841 0.417035 -0.883376
vn -0.200315 0.235661 -0.950967
vn -0.205769 0.067731 -0.976254
vn -0.304899 -0.216566 -0.927435
vn -0.298569 -0.353082 -0.886673
vn -0.287914 -0.376803 -0.880412
vn -0.287512 -0.281468 -0.915485
vn -0.120050 -0.036651 -0.992091
vn -0.913222 0.401247 -0.070901
vn -0.912650 0.349672 0.211659
vn -0.866920 0.453394 -0.207085
vn -0.197685 -0.029043 -0.979835
vn 0.836445 -0.362181 -0.411321
vn 0.565306 -0.191908 -0.802247
vn 0.532263 -0.011856 -0.846496
vn -0.280998 0.579435 -0.765046
vn 0.336444 0.655603 -0.676010
vn 0.525892 0.291289 -0.799117
vn -0.351180 0.111624 -0.929631
vn -0.292553 -0.111943 -0.949674
vn -0.872636 0.061109 0.484532
vn -0.662323 -0.637495 -0.393611
vn -0.560906 -0.642383 -0.522234
vn -0.588759 0.467905 -0.659111
vn -0.343002 0.013520 -0.939237
vn -0.384864 0.417430 -0.823184
vn -0.579121 0.755829 -0.305518
vn -0.832058 0.463802 0.304250
vn -0.235039 -0.537942 -0.809552
vn -0.819216 -0.200259 -0.537384
vn -0.031285 -0.123654 -0.991832
vn -0.029279 -0.131088 -0.990938
vn 0.225170 -0.031455 -0.973812
vn 0.463098 0.014218 -0.886193
vn 0.069079 -0.059921 -0.995810
vn 0.002960 -0.041854 -0.999119
vn 0.122013 -0.024818 -0.992218
vn -0.122630 -0.017911 -0.992291
vn 0.516848 0.052854 -0.854444
vn 0.450173 0.122241 -0.884534
vn 0.385367 0.164913 -0.907908
vn 0.355811 0.177933 -0.917463
vn 0.240456 0.070616 -0.968088
vn 0.186895 0.005698 -0.982363
vn 0.216573 -0.063791 -0.974180
vn 0.098913 -0.282407 -0.954181
vn 0.362866 -0.138781 -0.921449
vn 0.528765 0.064895 -0.846284
vn 0.500424 0.182685 -0.846287
vn 0.218140 0.967257 0.129724
vn -0.083756 0.984983 0.150972
vn 0.417688 0.123292 -0.900187
vn 0.184118 -0.115946 -0.976041
vn -0.019224 0.043115 -0.998885
vn 0.529379 0.372593 -0.762189
vn 0.589769 0.243341 -0.770038
vn 0.618286 0.146983 -0.772087
vn 0.548542 0.240175 -0.800885
vn 0.456580 0.340903 -0.821779
vn 0.278038 0.388994 -0.878282
vn 0.085794 0.317926 -0.944226
vn -0.072633 0.157281 -0.984879
vn -0.094841 -0.018695 -0.995317
vn -0.138438 -0.004853 -0.990359
vn 0.600622 0.157924 -0.783781
vn 0.223141 0.541791 -0.810352
vn 0.418897 0.470279 -0.776764
vn -0.180536 -0.915180 -0.360350
vn 0.034166 -0.869984 -0.491895
vn -0.189033 -0.928996 -0.318172
vn 0.008324 -0.963376 -0.268027
vn 0.291554 -0.912124 -0.288142
vn 0.622275 -0.653439 -0.431035
vn 0.911434 -0.287910 -0.293930
vn -0.386238 0.921730 0.035128
vn -0.455413 0.882538 -0.117157
vn 0.026861 0.980254 -0.195908
vn 0.657546 0.616844 -0.432593
vn 0.703897 0.360158 -0.612222
vn 0.958054 0.178671 -0.224073
vn 0.997301 -0.060901 -0.041001
vn 0.277957 0.841469 -0.463325
vn 0.430137 0.849174 -0.306408
vn 0.366511 0.698607 -0.614506
vn 0.422371 0.549655 -0.720751
vn 0.254556 0.821993 -0.509440
vn -0.121331 0.890949 -0.437593
vn -0.853266 0.517728 -0.062416
vn -0.965731 0.190772 -0.175981
vn -0.965602 0.021994 -0.259093
vn -0.959506 -0.117552 -0.255986
vn -0.860677 -0.298713 -0.412316
vn -0.512681 -0.447436 -0.732775
vn -0.098858 -0.596459 -0.796532
vn 0.275052 -0.666150 -0.693247
vn 0.465443 -0.842603 -0.270891
vn 0.219124 -0.858333 0.463949
vn 0.013994 -0.781122 0.624221
vn 0.761484 -0.072565 0.644109
vn 0.532870 -0.652472 0.538822
vn 0.687837 0.706335 0.167245
vn 0.635199 -0.771226 -0.041636
vn 0.571248 -0.253259 -0.780728
vn -0.061515 -0.803530 0.592077
vn 0.396567 0.624044 -0.673278
vn 0.005768 0.948969 0.315316
vn 0.048519 0.945010 0.323424
vn 0.298284 0.898519 0.322009
vn 0.365011 0.185051 -0.912427
vn 0.019091 -0.027622 -0.999436
vn -0.284560 -0.213022 -0.934691
vn -0.522680 -0.314477 -0.792408
vn -0.686772 -0.319288 -0.652993
vn -0.762936 -0.364854 -0.533677
vn -0.965508 -0.225180 -0.130724
vn -0.896240 0.294832 0.331404
vn -0.007597 0.915596 0.402027
vn 0.006671 0.933505 0.358502
vn -0.154759 0.876993 0.454898
vn -0.440624 0.767516 0.465584
vn -0.674931 0.586159 0.448202
vn 0.710130 0.656221 -0.255126
vn 0.085895 -0.819898 -0.566029
vn -0.047287 -0.451471 -0.891032
vn 0.185819 -0.958217 -0.217466
vn 0.999876 0.003636 0.015328
vn 0.604285 -0.768967 -0.208638
vn 0.715322 0.672333 0.190479
vn -0.063658 0.962911 0.262203
vn 0.218251 0.950560 0.220913
vn -0.091018 0.941204 0.325347
vn -0.117791 0.901398 0.416661
vn -0.034545 0.936773 0.348229
vn -0.463868 0.787225 0.406330
vn -0.381366 -0.063237 -0.922258
vn -0.780001 0.389829 -0.489522
vn -0.969409 0.122444 -0.212728
vn -0.926865 0.262562 -0.268295
vn -0.894850 0.194759 -0.401637
vn -0.933426 0.071044 -0.351665
vn -0.939677 0.308621 -0.147512
vn -0.979062 0.187897 -0.078309
vn -0.892819 0.353972 -0.278529
vn -0.892954 0.428394 -0.138247
vn -0.867612 0.313299 -0.386125
vn -0.935651 0.352513 0.017107
vn -0.884646 0.465342 0.029302
vn -0.972642 0.211352 0.096423
vn -0.997004 0.027284 -0.072382
vn -0.985259 -0.061259 -0.159725
vn -0.986594 0.114009 0.116766
vn -0.903822 0.363680 0.225484
vn -0.871507 0.461583 0.165581
vn -0.939069 0.239370 0.246680
vn -0.966703 0.159085 0.200444
vn -0.998203 0.054569 0.024760
vn -0.988940 -0.027253 -0.145793
vn -0.983491 0.119372 0.136001
vn -0.916387 0.282304 0.283794
vn -0.962754 0.185350 0.196852
vn -0.888035 0.373533 0.268081
vn -0.982588 0.122807 0.139427
vn -0.986744 0.126456 0.101707
vn -0.982610 0.127442 0.135044
vn -0.991781 0.117937 -0.049610
vn -0.976589 0.163932 0.139285
vn -0.978040 0.174411 0.114103
vn -0.387607 0.655243 -0.648396
vn -0.294291 0.684303 -0.667175
vn -0.325753 0.653656 -0.683095
vn -0.441462 0.592555 -0.673788
vn -0.355773 0.569097 -0.741319
vn -0.221522 0.699567 -0.679363
vn -0.433682 0.497167 -0.751495
vn -0.493794 0.608941 -0.620773
vn -0.453789 0.572534 -0.682847
vn -0.433932 0.434302 -0.789357
vn -0.488271 0.530477 -0.692954
vn -0.423548 0.181732 -0.887457
vn -0.505479 0.516594 -0.691102
vn -0.320260 0.260427 -0.910830
vn -0.494125 0.049384 -0.867987
vn -0.589078 0.515902 -0.621958
vn -0.576692 0.460433 -0.674854
vn -0.154823 -0.081534 -0.984572
vn -0.196595 0.241028 -0.950398
vn -0.086397 0.053477 -0.994824
vn -0.316347 -0.218391 -0.923163
vn -0.486682 0.427990 -0.761554
vn -0.621421 0.404355 -0.671069
vn -0.656124 0.391713 -0.645029
vn -0.262249 0.218576 -0.939920
vn -0.495376 0.273620 -0.824460
vn -0.227608 0.103505 -0.968236
vn -0.626704 0.249348 -0.738287
vn -0.394979 0.116920 -0.911220
vn -0.341914 0.022140 -0.939471
vn -0.551040 0.107107 -0.827576
vn -0.221550 -0.235099 -0.946385
vn -0.263589 -0.027178 -0.964252
vn -0.332215 -0.014866 -0.943087
vn -0.317418 -0.267778 -0.909693
vn -0.214434 -0.035398 -0.976097
vn -0.159399 -0.227071 -0.960745
vn -0.238338 -0.039427 -0.970382
vn -0.198013 -0.046946 -0.979075
vn -0.305905 -0.097115 -0.947096
vn -0.119051 -0.203082 -0.971897
vn -0.129393 -0.309227 -0.942144
vn -0.054279 -0.246155 -0.967709
vn -0.173241 -0.004009 -0.984871
vn -0.215850 -0.325809 -0.920466
vn -0.356682 -0.334717 -0.872205
vn -0.456060 -0.200753 -0.867011
vn -0.505501 -0.312592 -0.804211
vn -0.427891 0.007164 -0.903802
vn -0.484769 -0.391688 -0.782035
vn -0.460695 -0.370041 -0.806740
vn -0.217693 -0.397661 -0.891334
vn -0.255783 -0.381348 -0.888340
vn -0.639596 -0.338809 -0.690019
vn -0.664278 -0.403997 -0.628904
vn 0.092111 -0.340992 -0.935543
vn -0.057538 -0.245479 -0.967693
vn 0.193417 -0.251497 -0.948335
vn -0.077740 -0.069882 -0.994522
vn 0.017262 -0.160110 -0.986948
vn -0.500721 -0.546539 -0.671248
vn -0.647306 -0.510088 -0.566396
vn -0.297762 -0.458679 -0.837229
vn -0.237132 -0.341809 -0.909360
vn -0.146693 -0.204680 -0.967774
vn -0.508658 -0.444545 -0.737324
vn -0.363064 -0.306555 -0.879891
vn -0.546448 -0.466173 -0.695756
vn -0.169883 -0.230179 -0.958205
vn -0.198790 0.364943 -0.909560
vn -0.161154 0.405550 -0.899755
vn -0.160067 0.441210 -0.883013
vn -0.258329 0.388437 -0.884524
vn -0.189828 0.382659 -0.904178
vn -0.161151 0.370877 -0.914593
vn -0.308268 0.460847 -0.832220
vn -0.209564 0.508139 -0.835391
vn -0.245061 0.590363 -0.769037
vn -0.309455 0.543588 -0.780224
vn -0.304798 0.624093 -0.719448
vn -0.429235 0.440549 -0.788463
vn -0.506605 -0.051652 -0.860630
vn -0.481825 -0.013059 -0.876170
vn -0.582298 0.151760 -0.798685
vn -0.674989 0.285421 -0.680386
vn -0.351028 -0.100832 -0.930920
vn -0.286685 -0.093611 -0.953440
vn -0.268609 0.017183 -0.963096
vn -0.359288 -0.020808 -0.932995
vn -0.302881 0.192869 -0.933309
vn -0.236771 0.251678 -0.938402
vn -0.433386 0.210193 -0.876354
vn -0.157027 0.249200 -0.955637
vn -0.185971 0.104424 -0.976990
vn -0.186828 0.010927 -0.982332
vn -0.075470 0.132857 -0.988258
vn -0.112089 0.142769 -0.983389
vn -0.203987 -0.123084 -0.971205
vn -0.039844 -0.034269 -0.998618
vn -0.587460 0.137816 -0.797432
vn -0.515082 -0.026201 -0.856740
vn -0.638798 0.240081 -0.730957
vn -0.739645 0.314059 -0.595225
vn -0.438261 0.108246 -0.892306
vn -0.708408 0.270534 -0.651897
vn -0.413009 -0.030908 -0.910203
vn -0.403887 0.103482 -0.908937
vn -0.511307 -0.074519 -0.856161
vn -0.451305 -0.149379 -0.879778
vn -0.329511 -0.070779 -0.941495
vn -0.365268 -0.304219 -0.879790
vn -0.357064 -0.330822 -0.873535
vn -0.244510 -0.230458 -0.941862
vn -0.312256 -0.333498 -0.889537
vn -0.694867 -0.373670 -0.614435
vn -0.690956 -0.340562 -0.637649
vn -0.719797 -0.376880 -0.582970
vn -0.728427 -0.427734 -0.535199
vn -0.718492 -0.459109 -0.522482
vn -0.749234 -0.445875 -0.489739
vn -0.702179 0.029136 -0.711404
vn -0.773134 -0.196056 -0.603179
vn -0.898420 -0.145010 -0.414504
vn -0.855216 0.049817 -0.515872
vn -0.560487 -0.102766 -0.821762
vn -0.523262 -0.022012 -0.851887
vn -0.593418 -0.097118 -0.799014
vn -0.415046 -0.090619 -0.905276
vn -0.740919 -0.004084 -0.671582
vn -0.814673 0.089387 -0.572990
vn -0.841455 0.160283 -0.516007
vn -0.773545 -0.017651 -0.633496
vn -0.724342 0.583437 -0.367327
vn -0.735977 0.536070 -0.413482
vn -0.798241 0.542666 -0.261389
vn -0.774539 0.588977 -0.230642
vn -0.851511 0.457425 -0.256304
vn -0.818403 0.406056 -0.406615
vn -0.845967 0.521745 -0.110100
vn -0.834657 0.549767 0.033235
vn -0.870319 0.459091 0.178272
vn -0.666699 -0.171634 -0.725296
vn -0.961856 -0.084020 -0.260333
vn -0.931645 -0.235367 -0.276838
vn -0.980742 -0.084907 -0.175884
vn -0.947616 -0.073136 -0.310925
vn -0.971263 0.074920 -0.225910
vn -0.983857 0.176050 -0.032122
vn -0.938190 0.165141 -0.304183
vn -0.521553 0.176931 -0.834672
vn -0.527939 0.052246 -0.847674
vn -0.549188 0.021427 -0.835424
vn -0.424026 0.196164 -0.884150
vn -0.331598 0.271412 -0.903537
vn -0.470037 0.304069 -0.828618
vn -0.565610 0.179069 -0.804997
vn -0.574144 0.257311 -0.777270
vn -0.574786 0.054502 -0.816487
vn -0.462641 0.401094 -0.790624
vn -0.565110 0.282086 -0.775292
vn -0.275270 0.451035 -0.848996
vn -0.654107 -0.107332 -0.748748
vn -0.722898 0.103230 -0.683200
vn -0.867078 0.058524 -0.494722
vn -0.573475 -0.174226 -0.800482
vn -0.716423 0.162752 -0.678418
vn -0.687553 0.220562 -0.691826
vn -0.772373 0.026208 -0.634628
vn -0.493643 -0.038781 -0.868799
vn -0.512063 -0.071284 -0.855985
vn -0.424750 -0.117222 -0.897690
vn -0.829673 0.546012 0.116243
vn -0.834401 0.534416 0.134811
vn -0.816780 0.562532 -0.128171
vn -0.797902 0.594344 -0.100537
vn -0.811987 0.583607 -0.008944
vn -0.797698 0.602334 0.029526
vn -0.799568 0.593823 0.089804
vn -0.791549 0.605308 0.083981
vn -0.804596 0.588164 0.081777
vn -0.793352 0.607400 0.040718
vn -0.725133 0.564680 -0.394104
vn -0.781908 0.581292 -0.225207
vn -0.609252 0.555161 -0.566223
vn -0.609769 0.513171 -0.604018
vn -0.804682 0.585693 -0.097212
vn -0.802631 0.594647 0.046682
vn -0.792594 0.602181 0.095774
vn -0.793829 0.604879 0.062900
vn -0.806005 0.533335 -0.256727
vn -0.826267 0.558237 -0.075194
vn -0.750759 0.505730 -0.424968
vn -0.818490 0.570613 0.066897
vn -0.804124 0.581906 0.121530
vn -0.812943 0.576817 0.080038
vn -0.851905 0.517043 -0.083210
vn -0.828758 0.551966 0.092161
vn -0.852298 0.446810 -0.271937
vn -0.805792 0.575674 0.138920
vn -0.813633 0.576118 0.078028
vn -0.852338 0.519606 -0.059407
vn -0.868963 0.409580 -0.277756
vn -0.793214 0.595011 0.129512
vn -0.755835 0.635038 0.159498
vn -0.752558 0.651208 0.097903
vn -0.686783 0.713626 0.138082
vn -0.784885 0.615961 -0.067438
vn -0.655221 0.739721 0.153290
vn -0.629305 0.770056 0.104833
vn -0.492627 0.859121 0.138670
vn -0.473679 0.871361 0.127899
vn -0.495566 0.865535 0.072551
vn -0.343365 0.939196 0.003443
vn -0.247758 0.965129 0.084514
vn -0.185726 0.350953 -0.917789
vn -0.053388 0.471068 -0.880480
vn -0.142360 0.510624 -0.847937
vn -0.174259 0.348957 -0.920795
vn -0.342936 0.227453 -0.911405
vn -0.277484 0.210128 -0.937469
vn -0.628707 0.175990 -0.757466
vn -0.646269 0.091145 -0.757647
vn -0.575664 0.294043 -0.762987
vn -0.718518 0.379321 -0.582965
vn -0.760466 0.258893 -0.595538
vn -0.714662 0.194361 -0.671925
vn -0.500893 -0.118278 -0.857389
vn -0.587638 0.073890 -0.805743
vn -0.644020 0.239231 -0.726640
vn -0.786237 0.304790 -0.537526
vn -0.683607 0.408160 -0.605051
vn -0.838467 0.337868 -0.427573
vn -0.822634 0.475746 -0.311350
vn -0.661570 0.616929 -0.426291
vn -0.397908 -0.125537 -0.908796
vn -0.441911 0.109474 -0.890354
vn -0.468483 0.318749 -0.823968
vn -0.476150 0.537072 -0.696301
vn -0.433525 0.771025 -0.466451
vn -0.610797 0.780084 -0.135628
vn -0.329991 0.914600 -0.233694
vn -0.236469 -0.121170 -0.964054
vn -0.235807 0.130039 -0.963060
vn -0.242647 0.369958 -0.896802
vn -0.236508 0.625293 -0.743689
vn -0.180541 0.858906 -0.479254
vn -0.115488 0.965925 -0.231627
vn -0.282512 0.959255 -0.004021
vn -0.076308 0.996720 -0.026949
vn -0.086711 0.996234 0.000164
vn -0.142646 -0.140415 -0.979763
vn -0.179106 -0.113793 -0.977227
vn -0.062100 -0.052377 -0.996695
vn -0.041101 0.156991 -0.986744
vn -0.018001 0.386062 -0.922297
vn -0.043570 0.703494 -0.709364
vn -0.031839 0.896519 -0.441860
vn -0.004987 0.972633 -0.232292
vn -0.005899 0.999084 -0.042377
vn -0.039600 0.995766 -0.082957
vn -0.144577 0.985262 -0.091408
vn -0.071899 0.987903 -0.137401
vn -0.557256 0.310449 -0.770122
vn -0.513936 0.076596 -0.854402
vn -0.613639 -0.059767 -0.787321
vn -0.535887 -0.230455 -0.812229
vn -0.628102 -0.259129 -0.733717
vn -0.439306 -0.224881 -0.869735
vn -0.511105 -0.349227 -0.785374
vn -0.602760 -0.329879 -0.726540
vn -0.407551 -0.364224 -0.837403
vn -0.287025 -0.339447 -0.895764
vn -0.979424 0.147989 0.137214
vn -0.986756 0.138841 0.083877
vn -0.118414 -0.718963 -0.684887
vn -0.131761 -0.671867 -0.728858
vn -0.090269 -0.599560 -0.795223
vn -0.112008 -0.654622 -0.747612
vn -0.156747 -0.712543 -0.683896
vn -0.154396 -0.760091 -0.631208
vn -0.148341 -0.490415 -0.858771
vn -0.219455 -0.549068 -0.806452
vn -0.075611 -0.362349 -0.928970
vn -0.064927 -0.531032 -0.844861
vn -0.055308 -0.332580 -0.941452
vn -0.000562 -0.298627 -0.954370
vn -0.004987 -0.508867 -0.860831
vn -0.051084 -0.626264 -0.777936
vn -0.004886 -0.617821 -0.786304
vn -0.504400 -0.701629 -0.503286
vn -0.470311 -0.747360 -0.469320
vn -0.609963 -0.682364 -0.402894
vn -0.702180 -0.579877 -0.413141
vn -0.339672 -0.767783 -0.543262
vn -0.344091 -0.733309 -0.586395
vn -0.799120 -0.518405 -0.304408
vn -0.813405 -0.457779 -0.358901
vn -0.827370 -0.365470 -0.426486
vn -0.900448 -0.335938 -0.276295
vn -0.903324 -0.232932 -0.360206
vn -0.701348 -0.474883 -0.531599
vn -0.927497 -0.310515 -0.208157
vn -0.964637 -0.188329 -0.184411
vn -0.985544 -0.135641 -0.101511
vn -0.952076 -0.145195 -0.269203
vn -0.617051 -0.453091 -0.643395
vn -0.707177 -0.443308 -0.550799
vn -0.753573 -0.386519 -0.531724
vn -0.565492 -0.534667 -0.627972
vn -0.587318 -0.393581 -0.707214
vn -0.085301 -0.442432 -0.892736
vn 0.037661 -0.623881 -0.780612
vn -0.078082 -0.979855 -0.183811
vn -0.108686 -0.978016 -0.177968
vn 0.005899 -0.983855 -0.178870
vn 0.046675 -0.986848 -0.154768
vn 0.161809 -0.961257 -0.223165
vn 0.142463 -0.957046 -0.252523
vn 0.280587 -0.898904 -0.336515
vn 0.165882 -0.893004 -0.418362
vn -0.451678 -0.499334 -0.739360
vn -0.523467 -0.521993 -0.673428
vn 0.080701 -0.615538 -0.783965
vn 0.112189 -0.577148 -0.808896
vn -0.878999 0.144143 -0.454515
vn -0.902397 0.086990 -0.422035
vn -0.980588 0.139939 -0.137348
vn -0.990298 -0.005295 -0.138857
vn -0.905939 -0.062039 -0.418839
vn -0.967132 -0.116610 -0.225961
vn -0.999923 0.012322 -0.001676
vn -0.990648 -0.065966 -0.119436
vn -0.991382 0.074717 0.107609
vn -0.548553 0.282711 -0.786870
vn -0.271849 0.329668 -0.904111
vn -0.047358 0.325796 -0.944253
vn -0.999524 -0.022182 0.021464
vn -0.579518 -0.528527 -0.620337
vn -0.731932 -0.258791 -0.630320
vn -0.460957 -0.535092 -0.707951
vn -0.820046 -0.211732 -0.531689
vn -0.890485 -0.191101 -0.412937
vn -0.173766 -0.287030 -0.942029
vn -0.067347 -0.168860 -0.983336
vn -0.578107 0.269597 -0.770136
vn -0.662461 0.109681 -0.741023
vn -0.499916 0.356105 -0.789477
vn -0.551335 0.292165 -0.781453
vn -0.302822 0.486072 -0.819776
vn -0.669266 -0.094829 -0.736947
vn -0.793266 -0.251700 -0.554415
vn -0.709433 -0.235732 -0.664180
vn -0.851885 -0.209857 -0.479845
vn -0.704670 0.283576 -0.650403
vn -0.663761 0.151009 -0.732541
vn -0.626083 0.131890 -0.768521
vn -0.589177 0.082624 -0.803768
vn -0.684693 0.009951 -0.728763
vn -0.270628 -0.686187 -0.675210
vn -0.579409 -0.425631 -0.695070
vn -0.564047 -0.283018 -0.775727
vn -0.266521 -0.693764 -0.669073
vn -0.697154 -0.103639 -0.709390
vn -0.584493 0.022578 -0.811085
vn 0.128110 -0.800419 -0.585591
vn 0.040287 -0.808985 -0.586447
vn 0.201515 -0.846016 -0.493607
vn 0.074662 -0.857370 -0.509257
vn -0.440931 0.450881 -0.776071
vn -0.397595 0.519557 -0.756293
vn -0.666926 0.470091 -0.578122
vn -0.518572 0.393487 -0.759112
vn -0.798239 0.422051 -0.429754
vn -0.083400 0.035621 -0.995879
vn -0.155128 -0.026503 -0.987539
vn 0.037975 -0.058047 -0.997591
vn 0.022833 0.016505 -0.999603
vn -0.048815 -0.008712 -0.998770
vn 0.017603 -0.016784 -0.999704
vn -0.230544 -0.150585 -0.961339
vn 0.043595 -0.175121 -0.983581
vn -0.606762 -0.243398 -0.756702
vn -0.158704 0.635941 -0.755243
vn -0.138460 0.703906 -0.696667
vn -0.276200 -0.284355 -0.918072
vn 0.045180 -0.306707 -0.950731
vn -0.028584 -0.144319 -0.989118
vn 0.008710 -0.118264 -0.992944
vn -0.318808 -0.581705 -0.748318
vn -0.252180 -0.744178 -0.618550
vn -0.215761 -0.764444 -0.607513
vn -0.246420 -0.945136 -0.214464
vn -0.235255 -0.900767 -0.365067
vn -0.447426 -0.824734 -0.345866
vn -0.470151 -0.651722 -0.595161
vn -0.660762 -0.328487 -0.674900
vn -0.644382 -0.595291 -0.480001
vn -0.714711 -0.414297 -0.563513
vn -0.629762 -0.370147 -0.682928
vn -0.813457 -0.294776 -0.501393
vn -0.749619 -0.564869 -0.344956
vn -0.577521 -0.765689 -0.283180
vn -0.420161 -0.861277 -0.285773
vn -0.218219 -0.933133 -0.285732
vn -0.069549 -0.931280 -0.357604
vn 0.115859 -0.885547 -0.449870
vn 0.279106 -0.821324 -0.497521
vn 0.360249 -0.800212 -0.479460
vn 0.216788 -0.801729 -0.556986
vn 0.005108 -0.765501 -0.643414
vn -0.407350 -0.553455 -0.726466
vn -0.652415 -0.253729 -0.714127
vn -0.649538 -0.043146 -0.759104
vn -0.869132 -0.411299 -0.274668
vn -0.746061 -0.563137 -0.355345
vn -0.563380 -0.627384 -0.537580
vn -0.395011 -0.618606 -0.679185
vn -0.228274 -0.574107 -0.786316
vn -0.069821 -0.544872 -0.835607
vn 0.059975 -0.530627 -0.845481
vn 0.319818 -0.595295 -0.737116
vn 0.086505 -0.527847 -0.844923
vn -0.283657 -0.466715 -0.837684
vn 0.321463 -0.598741 -0.733601
vn -0.531472 -0.371633 -0.761201
vn -0.633921 -0.318683 -0.704688
vn -0.631620 -0.233518 -0.739274
vn -0.584561 -0.118719 -0.802617
vn -0.402259 0.598313 -0.692971
vn -0.497845 0.532790 -0.684314
vn -0.553285 0.408947 -0.725699
vn -0.490127 0.422296 -0.762524
vn -0.568625 0.019720 -0.822360
vn -0.487370 0.032973 -0.872573
vn -0.595010 -0.047138 -0.802335
vn -0.500272 0.139017 -0.854636
vn -0.592937 -0.224765 -0.773244
vn -0.141844 0.692777 -0.707065
vn -0.482410 0.507481 -0.713963
vn -0.245994 0.539825 -0.805032
vn -0.053345 0.628764 -0.775764
vn -0.113017 0.460743 -0.880309
vn -0.025184 0.528703 -0.848433
vn -0.141543 0.380093 -0.914054
vn -0.054503 0.475396 -0.878082
vn -0.073575 0.370642 -0.925857
vn -0.169071 0.230854 -0.958186
vn -0.231865 0.348645 -0.908122
vn -0.198007 0.162665 -0.966609
vn -0.129824 0.206359 -0.969826
vn -0.150287 0.393094 -0.907134
vn -0.202308 0.713891 -0.670396
vn -0.326923 0.581962 -0.744609
vn -0.052404 0.743051 -0.667180
vn -0.030470 0.686605 -0.726392
vn -0.092358 0.580131 -0.809270
vn -0.185791 0.562185 -0.805872
vn -0.263283 0.640577 -0.721348
vn -0.038434 0.623974 -0.780500
vn -0.581609 -0.187503 -0.791564
vn -0.494160 -0.234977 -0.837014
vn -0.674039 -0.322760 -0.664453
vn -0.638047 -0.275597 -0.718987
vn -0.622136 -0.374798 -0.687367
vn -0.550909 -0.342256 -0.761157
vn -0.292295 -0.413701 -0.862215
vn -0.342462 -0.490325 -0.801437
vn 0.090037 -0.528653 -0.844049
vn 0.054200 -0.430405 -0.901007
vn -0.191154 0.118370 -0.974397
vn -0.489058 0.487946 -0.723001
vn -0.226268 0.866052 -0.445821
vn -0.590095 0.689109 -0.420615
vn 0.175734 0.723761 -0.667299
vn 0.011150 0.653223 -0.757083
vn -0.212200 0.703677 -0.678092
vn -0.225587 0.656634 -0.719682
vn -0.131854 0.637810 -0.758824
vn -0.450285 0.466143 -0.761547
vn -0.379437 0.496536 -0.780691
vn -0.351672 0.534051 -0.768840
vn -0.439559 0.508888 -0.740149
vn -0.249410 0.511589 -0.822235
vn -0.422297 0.547730 -0.722259
vn -0.242742 0.606258 -0.757316
vn -0.112277 0.530281 -0.840355
vn 0.008694 0.346336 -0.938070
vn -0.386692 0.199037 -0.900474
vn -0.596354 -0.000463 -0.802722
vn -0.047072 -0.006530 -0.998870
vn -0.175100 -0.192479 -0.965553
vn -0.608149 0.069314 -0.790791
vn -0.442753 0.176868 -0.879027
vn -0.265908 -0.176614 -0.947682
vn -0.385670 0.236854 -0.891717
vn -0.358600 0.263965 -0.895393
vn -0.346393 -0.073565 -0.935201
vn -0.511699 -0.157148 -0.844671
vn -0.598696 0.274832 -0.752350
vn -0.454299 0.245722 -0.856290
vn -0.633871 0.073505 -0.769938
vn -0.760267 0.098869 -0.642043
vn -0.781363 0.302832 -0.545679
vn -0.624770 0.374432 -0.685174
vn -0.678179 0.460643 -0.572609
vn -0.603864 0.543096 -0.583434
vn -0.445521 -0.237579 -0.863173
vn -0.337068 0.317305 -0.886398
vn -0.225317 0.603618 -0.764773
vn -0.411154 0.552020 -0.725415
vn -0.313443 0.575399 -0.755427
vn -0.229608 0.592324 -0.772290
vn -0.176772 0.544148 -0.820155
vn -0.089901 0.320686 -0.942909
vn -0.133279 0.183081 -0.974022
vn 0.076070 0.193207 -0.978205
vn -0.003377 0.388872 -0.921285
vn -0.130030 -0.166825 -0.977375
vn -0.693243 0.009446 -0.720642
vn -0.744195 -0.027315 -0.667403
vn -0.607561 0.060442 -0.791970
vn -0.583776 0.019071 -0.811691
vn -0.761383 0.018704 -0.648032
vn -0.718093 0.122856 -0.685018
vn -0.521286 0.250513 -0.815784
vn -0.446574 0.157004 -0.880864
vn -0.366562 0.277154 -0.888154
vn -0.318624 0.289142 -0.902705
vn -0.365267 0.228362 -0.902458
vn -0.398510 0.182826 -0.898757
vn -0.358746 0.276512 -0.891540
vn -0.369303 0.260284 -0.892114
vn -0.482311 0.081436 -0.872207
vn -0.475134 0.150121 -0.867013
vn -0.433293 0.232178 -0.870833
vn -0.605313 0.093083 -0.790527
vn -0.512853 0.269117 -0.815204
vn -0.576271 0.188866 -0.795136
vn -0.409908 0.284490 -0.866626
vn -0.459315 0.341379 -0.820055
vn -0.431385 0.294914 -0.852604
vn -0.488671 0.362204 -0.793731
vn -0.538112 0.379718 -0.752495
vn -0.515909 0.387396 -0.764043
vn -0.574427 0.345044 -0.742279
vn -0.557532 0.374535 -0.740865
vn -0.622336 0.258627 -0.738789
vn -0.665565 0.116309 -0.737222
vn -0.511713 0.517980 -0.685453
vn -0.514589 0.442300 -0.734554
vn -0.257573 0.654356 -0.710967
vn -0.113348 0.789787 -0.602817
vn -0.638738 0.259344 -0.724400
vn -0.529385 0.068459 -0.845615
vn -0.175669 -0.019957 -0.984247
vn 0.051549 -0.073143 -0.995988
vn -0.482335 0.390533 -0.784115
vn -0.452592 0.439544 -0.775862
vn -0.434998 0.459511 -0.774356
vn -0.442800 0.489615 -0.751136
vn -0.369367 0.514869 -0.773614
vn -0.274177 0.552370 -0.787219
vn -0.134063 0.400790 -0.906308
vn -0.088725 0.444594 -0.891327
vn 0.002294 -0.184965 -0.982742
vn 0.973529 0.173400 -0.148911
vn 0.958811 0.162782 0.232773
vn 0.987640 -0.015311 0.155991
vn 0.993370 -0.050125 -0.103455
vn 0.919876 0.282495 0.272076
vn 0.964763 0.087683 0.248081
vn 0.987255 -0.053896 0.149739
vn 0.974050 -0.217404 -0.062944
vn 0.989211 0.052443 0.136791
vn 0.947163 0.274040 0.166688
vn 0.963493 0.193263 0.185287
vn 0.936547 0.306853 0.169474
vn 0.890841 0.296833 0.343937
vn 0.875596 0.380735 0.297273
vn 0.925177 0.365317 0.102911
vn 0.983000 0.103731 0.151494
vn 0.990223 0.113178 0.081548
vn 0.992431 0.060931 0.106624
vn 0.991529 0.075189 0.105907
vn 0.984296 0.125085 0.124558
vn 0.999855 -0.009755 0.013928
vn 0.992678 0.074020 -0.095455
vn 0.986017 0.156885 0.056199
vn 0.985023 0.168390 0.037065
vn -0.042816 -0.526349 -0.849190
vn 0.248026 -0.476015 -0.843737
vn 0.216178 -0.388077 -0.895915
vn -0.027981 -0.345844 -0.937875
vn 0.532282 -0.374930 -0.759015
vn 0.563109 -0.388130 -0.729563
vn 0.369521 -0.469417 -0.801936
vn 0.602865 -0.526920 -0.599091
vn 0.018341 -0.262770 -0.964684
vn 0.397449 -0.160849 -0.903417
vn 0.580225 -0.422031 -0.696584
vn 0.696941 -0.377267 -0.609872
vn 0.656340 -0.349071 -0.668855
vn 0.700893 -0.365979 -0.612216
vn 0.734320 -0.423422 -0.530554
vn 0.703642 -0.466499 -0.535972
vn 0.750516 -0.443458 -0.489971
vn 0.860335 0.460128 0.219330
vn 0.900502 0.434850 -0.001139
vn 0.967764 0.037577 -0.249039
vn 0.968437 -0.226872 -0.103241
vn 0.985921 0.149607 -0.074688
vn 0.940898 0.167615 -0.294306
vn 0.499099 -0.003378 -0.866538
vn 0.603291 -0.009599 -0.797464
vn 0.569685 -0.071037 -0.818788
vn 0.584963 -0.114568 -0.802928
vn 0.458457 0.043598 -0.887646
vn 0.471350 -0.111015 -0.874931
vn 0.841257 0.530638 0.103488
vn 0.867288 0.491370 -0.079798
vn 0.833804 0.551510 0.024646
vn 0.849170 0.526383 0.042807
vn 0.811420 0.581063 0.062958
vn 0.762365 0.613674 0.205434
vn 0.791065 0.591439 0.156257
vn 0.721243 0.615021 0.318682
vn 0.771369 0.597070 -0.220219
vn 0.732969 0.581931 -0.352296
vn 0.824583 0.486245 -0.289186
vn 0.836038 0.492928 -0.240963
vn 0.763169 0.505682 -0.402317
vn 0.865231 0.403011 -0.298256
vn 0.823207 0.563718 -0.067473
vn 0.837701 0.546063 -0.008507
vn 0.754492 0.593569 0.280031
vn 0.730700 0.584620 0.352558
vn 0.832895 0.502185 -0.232588
vn 0.774958 0.629620 0.054938
vn 0.883308 0.446130 -0.143995
vn 0.725911 0.642987 0.244175
vn 0.758368 0.611500 0.225710
vn 0.794861 0.603876 -0.059406
vn 0.852344 0.522972 -0.003199
vn 0.725099 0.685873 0.061718
vn 0.727266 0.675787 0.119978
vn 0.767227 0.641087 0.019247
vn 0.690330 0.721728 0.050524
vn 0.719207 0.694794 -0.001399
vn 0.686293 0.725817 0.046814
vn 0.682015 0.730884 -0.025775
vn 0.553065 0.832294 0.037495
vn 0.541340 0.840524 0.021694
vn 0.532495 0.846090 -0.024091
vn 0.389638 0.920219 -0.037133
vn 0.328148 0.944378 0.021678
vn 0.434146 0.279886 -0.856260
vn 0.387443 0.360994 -0.848275
vn 0.478187 0.278879 -0.832805
vn 0.437751 0.169622 -0.882951
vn 0.455587 0.362476 -0.813051
vn 0.701106 0.335051 -0.629437
vn 0.771889 0.300367 -0.560328
vn 0.890347 0.314369 -0.329323
vn 0.462577 0.242430 -0.852790
vn 0.532911 0.191397 -0.824241
vn 0.502512 0.246751 -0.828611
vn 0.473830 0.210095 -0.855187
vn 0.703116 0.500202 -0.505396
vn 0.578513 0.558038 -0.594909
vn 0.886692 0.432234 -0.164168
vn 0.734748 0.673951 -0.077034
vn 0.572537 0.776293 -0.263763
vn 0.394137 0.181817 -0.900888
vn 0.377937 0.260186 -0.888519
vn 0.430584 0.278453 -0.858523
vn 0.422341 0.573981 -0.701551
vn 0.436665 0.813997 -0.383057
vn 0.592057 0.800108 -0.096414
vn 0.407457 0.886706 -0.218475
vn 0.152586 0.159126 -0.975396
vn 0.216254 0.209787 -0.953532
vn 0.311091 0.333949 -0.889776
vn 0.280866 0.591027 -0.756175
vn 0.255332 0.844669 -0.470468
vn 0.220695 0.941802 -0.253581
vn 0.385685 0.919291 -0.078426
vn 0.164983 0.983530 -0.073824
vn 0.139960 0.989931 -0.021165
vn 0.102699 -0.079225 -0.991553
vn 0.143528 -0.420454 -0.895889
vn -0.101633 -0.229062 -0.968092
vn -0.096111 -0.009737 -0.995323
vn 0.021763 0.042496 -0.998860
vn 0.099933 0.150347 -0.983570
vn 0.172587 0.345039 -0.922584
vn 0.125145 0.627595 -0.768416
vn 0.076301 0.883685 -0.461821
vn 0.072310 0.968418 -0.238615
vn 0.044913 0.995352 -0.085191
vn 0.055559 0.996081 -0.068824
vn 0.203348 0.973709 -0.102669
vn 0.043827 0.981175 -0.188080
vn 0.988550 0.148247 0.028154
vn 0.987162 0.151410 0.050859
vn -0.022448 -0.704353 -0.709494
vn 0.019138 -0.777311 -0.628825
vn -0.002263 -0.836351 -0.548190
vn 0.038213 -0.761815 -0.646667
vn 0.094265 -0.845007 -0.526382
vn 0.082770 -0.903117 -0.421341
vn 0.541454 -0.783611 -0.304601
vn 0.315366 -0.887552 -0.335849
vn 0.410445 -0.848279 -0.334601
vn 0.597619 -0.759486 -0.256966
vn 0.794935 -0.570392 -0.206715
vn 0.789975 -0.596207 -0.143096
vn 0.923625 -0.376339 -0.072700
vn 0.938110 -0.307810 -0.158751
vn 0.985031 -0.167493 -0.040737
vn 0.978382 -0.140964 -0.151317
vn 0.587677 -0.449538 -0.672719
vn 0.699284 -0.445865 -0.558754
vn 0.759439 -0.362214 -0.540420
vn 0.603487 -0.523079 -0.601823
vn 0.510819 -0.406258 -0.757640
vn 0.967718 0.204228 -0.147693
vn 0.916336 0.218947 -0.335247
vn 0.999784 0.019972 -0.005769
vn 0.998040 0.062423 0.004304
vn 0.994632 -0.070848 -0.075413
vn 0.995791 -0.040737 -0.082106
vn 0.794199 0.428763 -0.430593
vn 0.851635 0.389510 -0.350712
vn 0.780451 0.366906 -0.506236
vn 0.827442 0.336051 -0.449899
vn 0.619094 0.313917 -0.719846
vn 0.515719 0.275471 -0.811264
vn 0.912345 0.332544 -0.238832
vn 0.674990 0.396045 -0.622524
vn 0.447843 0.332729 -0.829897
vn 0.251160 -0.885860 -0.390092
vn 0.141668 -0.921118 -0.362591
vn 0.145186 -0.597426 -0.788672
vn 0.397171 -0.429870 -0.810843
vn 0.590434 -0.348430 -0.728000
vn 0.451472 -0.439489 -0.776545
vn 0.474113 -0.303401 -0.826538
vn 0.627762 -0.270366 -0.729944
vn 0.534233 -0.148370 -0.832215
vn 0.620717 -0.171339 -0.765083
vn 0.503310 -0.027034 -0.863683
vn 0.534613 0.048659 -0.843695
vn 0.631614 0.160779 -0.758428
vn 0.409953 0.492695 -0.767587
vn 0.417505 0.292586 -0.860281
vn 0.066191 0.653099 -0.754375
vn 0.199478 0.527786 -0.825621
vn 0.088817 0.386361 -0.918061
vn 0.022439 0.548724 -0.835702
vn 0.110142 0.403785 -0.908200
vn 0.153355 0.242683 -0.957908
vn 0.221101 0.354675 -0.908471
vn 0.202182 0.186457 -0.961434
vn 0.533255 -0.232103 -0.813491
vn 0.606551 -0.201065 -0.769200
vn 0.654417 -0.326532 -0.681994
vn 0.635006 -0.281319 -0.719463
vn 0.581570 -0.326043 -0.745300
vn 0.642246 -0.358556 -0.677464
vn 0.040433 -0.553193 -0.832072
vn -0.008264 -0.559218 -0.828980
vn 0.016728 -0.683059 -0.730171
vn 0.039548 -0.629380 -0.776091
vn 0.040989 -0.359956 -0.932068
vn 0.009476 -0.311643 -0.950152
vn 0.050161 -0.137651 -0.989210
vn 0.083001 -0.099903 -0.991529
vn 0.093308 -0.008560 -0.995601
vn 0.148210 0.074425 -0.986152
vn 0.140957 0.055767 -0.988444
vn 0.350259 0.137820 -0.926458
vn 0.221695 0.001251 -0.975115
vn 0.291020 -0.122556 -0.948835
vn 0.177077 0.236571 -0.955342
vn 0.228824 0.457618 -0.859201
vn 0.044887 0.439130 -0.897301
vn 0.025471 0.227378 -0.973473
vn 0.503408 -0.472878 -0.723164
vn 0.405854 -0.454300 -0.793028
vn 0.176988 0.169889 -0.969440
vn 0.026458 0.176496 -0.983946
vn 0.167285 0.208913 -0.963520
vn 0.031145 0.240791 -0.970077
vn 0.569405 -0.499512 -0.652891
vn 0.362213 -0.378335 -0.851859
vn 0.339763 -0.258220 -0.904369
vn 0.054431 0.276010 -0.959612
vn 0.141166 0.234784 -0.961742
vn -0.179610 0.699018 -0.692181
vn 0.174604 0.693726 -0.698754
vn -0.007215 0.734434 -0.678642
vn -0.309972 0.738814 -0.598390
vn -0.072846 0.820774 -0.566589
vn 0.062768 0.943966 -0.324020
vn -0.025504 0.920923 -0.388909
vn 0.068245 0.964629 -0.254622
vn -0.093880 0.930043 -0.355257
vn -0.016325 0.935580 -0.352736
vn 0.098185 0.919158 -0.381455
vn -0.049368 0.883570 -0.465689
vn 0.134652 0.818054 -0.559157
vn -0.481321 0.446747 -0.754154
vn -0.405487 0.493802 -0.769246
vn 0.223899 0.173389 -0.959065
vn 0.217270 0.190259 -0.957390
vn 0.171500 0.256847 -0.951114
vn 0.154994 0.298945 -0.941599
vn 0.180889 0.054611 -0.981986
vn 0.187994 0.129109 -0.973647
vn 0.174112 0.194870 -0.965252
vn 0.118361 0.234855 -0.964797
vn 0.120490 0.234841 -0.964537
vn 0.174710 0.247977 -0.952882
vn 0.178243 0.249478 -0.951835
vn 0.362758 0.267757 -0.892588
vn 0.300122 0.325734 -0.896562
vn 0.371571 -0.010873 -0.928341
vn 0.394398 -0.357548 -0.846528
vn 0.569108 -0.205889 -0.796069
vn 0.531193 -0.043070 -0.846155
vn 0.523775 0.106454 -0.845179
vn 0.517851 0.062294 -0.853200
vn 0.390016 0.264109 -0.882119
vn 0.342164 0.300724 -0.890218
vn -0.109509 0.133478 -0.984983
vn 0.215109 0.290891 -0.932261
vn -0.089102 0.232850 -0.968422
vn 0.286019 0.241049 -0.927410
vn 0.256398 0.290659 -0.921834
vn 0.338505 0.284026 -0.897075
vn 0.239244 0.279147 -0.929967
vn 0.253831 0.092897 -0.962777
vn 0.289025 0.137232 -0.947434
vn 0.333616 0.286637 -0.898075
vn 0.374292 0.271495 -0.886677
vn 0.365666 0.100159 -0.925341
vn 0.476345 -0.750796 -0.457604
vn 0.383807 -0.875284 -0.294226
vn 0.518032 -0.771768 -0.368805
vn 0.609693 -0.490883 -0.622341
vn -0.064767 -0.959975 -0.272496
vn -0.186887 -0.920423 -0.343357
vn -0.043203 -0.846272 -0.530996
vn 0.103732 -0.851142 -0.514584
vn -0.195811 -0.870984 -0.450604
vn -0.224769 -0.845357 -0.484613
vn 0.349325 -0.740786 -0.573767
vn 0.043343 -0.795320 -0.604639
vn 0.671446 -0.375997 -0.638581
vn 0.723212 -0.198006 -0.661633
vn 0.466026 -0.147228 -0.872435
vn 0.696037 0.025934 -0.717537
vn 0.532274 0.007444 -0.846539
vn 0.648742 0.152866 -0.745497
vn 0.538275 0.108237 -0.835790
vn 0.608979 0.236081 -0.757239
vn 0.498786 0.213944 -0.839905
vn 0.553758 0.428302 -0.714079
vn 0.405617 0.451435 -0.794784
vn 0.444374 0.644238 -0.622486
vn 0.286585 0.700490 -0.653592
vn -0.041191 0.837232 -0.545294
vn 0.138417 0.568885 -0.810685
vn -0.189654 0.733079 -0.653166
vn 0.096573 0.525011 -0.845599
vn 0.029530 0.639339 -0.768358
vn 0.217619 0.437959 -0.872258
vn 0.200367 0.490213 -0.848259
vn 0.295858 0.389952 -0.872012
vn 0.255925 0.583186 -0.770971
vn 0.059929 0.414915 -0.907884
vn 0.728360 0.295856 -0.618030
vn 0.539534 0.341351 -0.769664
vn 0.253834 -0.006691 -0.967225
vn 0.746195 -0.274376 -0.606557
vn 0.568355 0.205769 -0.796638
vn 0.541548 0.376963 -0.751416
vn 0.425216 0.315469 -0.848334
vn 0.515490 0.137553 -0.845783
vn 0.442206 0.251608 -0.860899
vn 0.324706 0.389533 -0.861876
vn 0.147795 -0.434934 -0.888250
vn -0.014569 -0.530673 -0.847451
vn 0.095680 -0.306017 -0.947206
vn 0.238180 -0.280712 -0.929769
vn 0.182860 -0.390299 -0.902346
vn 0.280559 -0.218678 -0.934594
vn 0.185022 -0.130213 -0.974070
vn 0.272995 -0.139134 -0.951901
vn 0.336917 -0.083649 -0.937811
vn 0.422451 0.315572 -0.849676
vn 0.630639 0.364288 -0.685266
vn 0.789884 0.002455 -0.613251
vn 0.857255 0.144023 -0.494338
vn 0.909279 0.171723 -0.379108
vn 0.805520 0.183839 -0.563330
vn 0.671936 0.239586 -0.700786
vn 0.647589 0.055529 -0.759964
vn 0.606403 0.258317 -0.752029
vn 0.556277 0.182402 -0.810731
vn 0.556077 0.261602 -0.788887
vn 0.513865 0.298767 -0.804165
vn 0.481174 0.244773 -0.841759
vn 0.438511 0.296139 -0.848534
vn 0.415458 0.153873 -0.896503
vn 0.338823 0.316421 -0.886046
vn 0.370302 0.108473 -0.922556
vn 0.258860 0.334919 -0.905992
vn 0.253812 0.149879 -0.955571
vn 0.204569 0.285308 -0.936350
vn 0.133822 -0.090268 -0.986886
vn 0.070556 0.074547 -0.994718
vn 0.899130 -0.177678 -0.399994
vn 0.940875 -0.199735 -0.273607
vn 0.995258 -0.070791 -0.066714
vn 0.960229 -0.097997 -0.261450
vn 0.939983 -0.180146 -0.289791
vn 0.831165 -0.161215 -0.532141
vn 0.872399 -0.349381 -0.341837
vn 0.781452 -0.133411 -0.609536
vn 0.733999 -0.535187 -0.418116
vn 0.726695 -0.177697 -0.663580
vn 0.572785 -0.587547 -0.571582
vn 0.635019 -0.292932 -0.714802
vn 0.403674 -0.575244 -0.711437
vn 0.546264 -0.250172 -0.799380
vn 0.291513 -0.462361 -0.837402
vn 0.417243 -0.236462 -0.877493
vn 0.118046 -0.543148 -0.831297
vn 0.293511 -0.221003 -0.930059
vn 0.082685 -0.332793 -0.939368
vn 0.104912 -0.157596 -0.981915
vn 0.773597 -0.276687 -0.570081
vn 0.820039 -0.223432 -0.526892
vn 0.784187 -0.197178 -0.588364
vn 0.704620 -0.273181 -0.654891
vn 0.735413 -0.249589 -0.629979
vn 0.504794 -0.317215 -0.802843
vn 0.669245 -0.188143 -0.718827
vn 0.472420 -0.126349 -0.872270
vn 0.625830 -0.247905 -0.739513
vn 0.581077 0.014941 -0.813711
vn 0.651788 -0.204001 -0.730449
vn 0.691145 0.034459 -0.721894
vn 0.764717 -0.189923 -0.615742
vn 0.748026 -0.024964 -0.663200
vn 0.810825 -0.128440 -0.571022
vn 0.780964 0.028368 -0.623932
vn 0.829851 -0.160635 -0.534363
vn 0.835571 0.204785 -0.509789
vn 0.920326 -0.035004 -0.389583
vn 0.876302 0.227895 -0.424450
vn 0.974208 0.085256 -0.208929
vn 0.061469 0.067183 -0.995845
vn 0.922015 0.219024 -0.319244
vn 0.993885 0.100160 -0.046479
vn 0.925402 0.141201 -0.351700
vn 0.925351 0.002956 -0.379100
vn 0.924031 -0.320185 -0.208923
vn 0.867747 -0.440690 -0.229796
vn 0.470328 0.006695 -0.882466
vn 0.405107 -0.158436 -0.900437
vn 0.297769 -0.390692 -0.871030
vn 0.135719 -0.611497 -0.779521
vn 0.202320 -0.690872 -0.694091
vn 0.017322 -0.606387 -0.794981
vn -0.101728 -0.690740 -0.715912
vn 0.174214 0.387669 -0.905186
vn 0.147125 0.280277 -0.948577
vn 0.353834 0.235275 -0.905233
vn 0.444527 0.127362 -0.886665
vn -0.019224 0.815675 -0.578190
vn 0.334895 0.708780 -0.620868
vn 0.938604 0.305943 0.159440
vn 0.929626 0.265320 -0.255735
vn 0.614164 0.207116 -0.761515
vn 0.619982 0.092311 -0.779167
vn 0.508004 0.174776 -0.843437
vn 0.286490 0.400697 -0.870267
vn 0.222750 0.284965 -0.932297
vn 0.341071 0.297417 -0.891747
vn 0.182026 0.203424 -0.962021
vn 0.369064 0.207600 -0.905921
vn 0.995123 -0.037184 -0.091370
vn 0.941772 -0.135732 -0.307639
vn 0.426701 -0.121205 -0.896234
vn 0.369830 -0.193841 -0.908653
vn 0.233198 -0.358989 -0.903740
vn 0.386278 -0.279617 -0.878979
vn 0.337933 -0.342429 -0.876666
vn 0.857156 -0.180042 -0.482565
vn 0.903966 -0.302922 -0.301800
vn 0.757397 -0.546736 -0.356972
vn 0.180234 -0.943896 -0.276725
vn 0.249222 -0.877656 -0.409400
vn 0.384339 -0.688984 -0.614479
vn 0.604459 -0.646602 -0.465334
vn 0.539736 -0.330987 -0.774037
vn 0.756806 -0.309701 -0.575612
vn 0.588146 -0.101650 -0.802341
vn 0.777377 -0.083318 -0.623492
vn 0.753166 0.144765 -0.641704
vn 0.735940 0.261681 -0.624433
vn 0.913720 -0.086573 -0.397014
vn 0.875786 0.170387 -0.451628
vn 0.840928 0.269861 -0.469057
vn -0.434997 0.438465 -0.786464
vn 0.129944 0.504200 -0.853755
vn 0.497986 0.451321 -0.740486
vn 0.054059 -0.011886 -0.998467
vn -0.483559 -0.071351 -0.872399
vn 0.569879 0.001711 -0.821727
vn -0.618624 0.362369 -0.697132
vn 0.573873 0.470569 -0.670250
vn 0.712324 0.182343 -0.677750
vn -0.668281 0.019503 -0.743653
vn 0.568364 0.208337 -0.795964
vn 0.683061 0.093821 -0.724310
vn -0.110071 0.993564 0.026747
vn -0.136031 0.983252 -0.121287
vn -0.239064 0.831314 -0.501762
vn -0.278909 0.887606 -0.366559
vn 0.066874 0.992586 0.101495
vn -0.014032 0.978867 -0.204013
vn -0.208890 0.661388 -0.720368
vn 0.061541 0.756221 -0.651416
vn 0.004584 0.792734 -0.609550
vn -0.293861 0.551297 -0.780844
vn -0.455138 0.477166 -0.751773
vn -0.455951 0.375333 -0.806990
vn -0.594873 0.486606 -0.639798
vn -0.587632 0.436021 -0.681597
vn -0.560850 0.380329 -0.735389
vn -0.520958 0.515088 -0.680652
vn -0.659741 0.487963 -0.571519
vn -0.457191 0.688681 -0.562756
vn -0.526882 0.808103 -0.263373
vn -0.758981 0.593998 -0.266674
vn -0.418421 0.772667 -0.477399
vn -0.236068 0.819081 -0.522856
vn -0.091060 0.811727 -0.576895
vn -0.165711 0.795728 -0.582543
vn -0.141844 0.924696 -0.353296
vn -0.151118 0.844060 -0.514515
vn 0.209272 0.909618 -0.358888
vn -0.058496 0.873872 -0.482623
vn -0.075630 0.769996 -0.633550
vn -0.109240 0.893748 -0.435065
vn -0.113038 0.797703 -0.592361
vn -0.208837 0.924575 -0.318666
vn -0.180593 0.827338 -0.531881
vn 0.439603 0.830598 -0.341844
vn -0.737276 -0.059968 -0.672925
vn -0.712933 -0.273790 -0.645573
vn 0.771073 -0.161728 -0.615866
vn 0.665096 -0.230264 -0.710370
vn 0.247899 0.494809 -0.832893
vn 0.516407 0.386342 -0.764240
vn 0.466510 0.374770 -0.801197
vn 0.308791 0.470687 -0.826500
vn 0.632098 0.386758 -0.671468
vn 0.546392 0.463428 -0.697632
vn 0.554202 0.578851 -0.598157
vn 0.255194 0.855281 -0.450965
vn 0.228058 0.729783 -0.644520
vn 0.429241 0.626302 -0.650767
vn 0.009148 0.871286 -0.490690
vn 0.078323 0.745699 -0.661664
vn 0.071178 0.745900 -0.662244
vn 0.118236 0.751367 -0.649206
vn 0.114399 0.589412 -0.799691
vn 0.057850 0.627416 -0.776533
vn 0.259586 0.801799 -0.538269
vn 0.207772 0.681962 -0.701255
vn 0.184239 0.908312 -0.375532
vn 0.094091 0.995120 0.029732
vn 0.234645 0.841349 -0.486902
vn 0.292704 0.638891 -0.711437
vn -0.133247 0.961669 0.239661
vn -0.145473 0.989186 -0.018658
vn 0.034564 0.679540 -0.732824
vn -0.142405 0.628063 -0.765022
vn -0.250463 0.864332 -0.436117
vn -0.506269 0.761787 -0.404194
vn 0.402919 0.589375 -0.700210
vn 0.455169 0.428497 -0.780520
vn 0.481013 0.420568 -0.769253
vn 0.369691 0.512833 -0.774810
vn 0.322205 0.696217 -0.641456
vn 0.870732 0.452111 0.193448
vn 0.899489 0.393434 -0.190077
vn 0.820963 0.329626 -0.466226
vn 0.724485 0.341418 -0.598795
vn 0.609130 0.342484 -0.715308
vn 0.504220 0.319463 -0.802313
vn 0.505109 0.321172 -0.801071
vn 0.590449 0.388635 -0.707342
vn 0.568437 0.284008 -0.772153
vn 0.652336 0.421667 -0.629805
vn 0.823523 0.538725 0.177723
vn 0.831785 0.542772 -0.116332
vn 0.738769 0.471475 -0.481592
vn 0.647182 0.452599 -0.613441
vn 0.658049 0.503899 -0.559515
vn 0.713494 0.541357 -0.444813
vn 0.792268 0.597911 -0.121713
vn 0.800455 0.584827 0.131336
vn 0.699840 0.457548 -0.548519
vn 0.675123 0.508581 -0.534373
vn 0.714747 0.568085 -0.407941
vn 0.767055 0.628373 -0.129511
vn 0.808958 0.582469 0.079485
vn 0.777068 0.622146 -0.095389
vn 0.816400 0.576984 0.024106
vn 0.720045 0.613454 -0.324361
vn 0.687282 0.541449 -0.484228
vn 0.726161 0.482761 -0.489522

# Mesh
g mask4:Mesh1_mask4:Mesh1
usemtl defaultMat
f 3/3/3 4/4/4 1/1/1 2/2/2
f 6/6/6 3/3/3 2/2/2 5/5/5
f 5/5/5 2/2/2 7/7/7 8/8/8
f 2/2/2 1/1/1 9/9/9 7/7/7
f 10/10/10 5/5/5 8/8/8 11/11/11
f 12/12/12 6/6/6 5/5/5 10/10/10
f 13/13/13 14/14/14 3/3/3 6/6/6
f 15/15/15 13/13/13 6/6/6 12/12/12
f 16/16/16 10/10/10 11/11/11 17/17/17
f 18/18/18 12/12/12 10/10/10 16/16/16
f 15/15/15 12/12/12 18/18/18 19/19/19
f 15/15/15 20/20/20 21/21/21 13/13/13
f 20/20/20 15/15/15 19/19/19 22/22/22
f 19/19/19 18/18/18 23/23/23 24/24/24
f 18/18/18 16/16/16 25/25/25 23/23/23
f 22/22/22 19/19/19 24/24/24 26/26/26
f 27/27/27 22/22/22 26/26/26 28/28/28
f 29/29/29 20/20/20 22/22/22 27/27/27
f 31/31/31 27/27/27 28/28/28 30/30/30
f 32/32/32 33/33/33 34/34/34 35/35/35
f 36/36/36 37/37/37 33/33/33 32/32/32
f 34/34/34 39/39/39 40/40/40 38/38/38
f 33/33/33 41/41/41 39/39/39 34/34/34
f 35/35/35 34/34/34 38/38/38 42/42/42
f 40/40/40 44/44/44 45/45/45 43/43/43
f 39/39/39 46/46/46 44/44/44 40/40/40
f 38/38/38 40/40/40 43/43/43 47/47/47
f 42/42/42 38/38/38 47/47/47 48/48/48
f 45/45/45 50/50/50 51/51/51 49/49/49
f 44/44/44 52/52/52 50/50/50 45/45/45
f 43/43/43 45/45/45 49/49/49 53/53/53
f 47/47/47 43/43/43 53/53/53 54/54/54
f 48/48/48 47/47/47 54/54/54 55/55/55
f 53/53/53 49/49/49 56/56/56 57/57/57
f 49/49/49 51/51/51 58/58/58 56/56/56
f 54/54/54 53/53/53 57/57/57 59/59/59
f 60/60/60 56/56/56 58/58/58 61/61/61
f 62/62/62 57/57/57 56/56/56 60/60/60
f 66/66/66 63/63/63 64/64/64 65/65/65
f 65/65/65 64/64/64 67/67/67 68/68/68
f 64/64/64 69/69/69 70/70/70 67/67/67
f 63/63/63 71/71/71 69/69/69 64/64/64
f 72/72/72 68/68/68 73/73/73 74/74/74
f 68/68/68 67/67/67 75/75/75 73/73/73
f 76/76/76 65/65/65 68/68/68 72/72/72
f 77/77/77 66/66/66 65/65/65 76/76/76
f 79/79/79 78/78/78 66/66/66 77/77/77
f 78/78/78 80/80/80 63/63/63 66/66/66
f 84/84/84 81/81/81 82/82/82 83/83/83
f 83/83/83 82/82/82 85/85/85 86/86/86
f 88/88/88 87/87/87 81/81/81 84/84/84
f 90/90/90 89/89/89 87/87/87 88/88/88
f 67/67/67 70/70/70 91/91/91 75/75/75
f 92/92/92 83/83/83 86/86/86 93/93/93
f 94/94/94 84/84/84 83/83/83 92/92/92
f 95/95/95 88/88/88 84/84/84 94/94/94
f 96/96/96 90/90/90 88/88/88 95/95/95
f 98/98/98 95/95/95 94/94/94 97/97/97
f 97/97/97 94/94/94 92/92/92 99/99/99
f 100/100/100 96/96/96 95/95/95 98/98/98
f 101/101/101 102/102/102 103/103/103 104/104/104
f 102/102/102 105/105/105 106/106/106 103/103/103
f 107/107/107 108/108/108 109/109/109 110/110/110
f 111/111/111 107/107/107 110/110/110 112/112/112
f 116/116/116 113/113/113 114/114/114 115/115/115
f 119/119/119 120/120/120 117/117/117 118/118/118
f 104/104/104 103/103/103 122/122/122 121/121/121
f 112/112/112 110/110/110 109/109/109 123/123/123
f 103/103/103 106/106/106 124/124/124 122/122/122
f 126/126/126 127/127/127 128/128/128 125/125/125
f 130/130/130 126/126/126 125/125/125 129/129/129
f 133/133/133 134/134/134 131/131/131 132/132/132
f 135/135/135 136/136/136 134/134/134 133/133/133
f 138/138/138 135/135/135 133/133/133 137/137/137
f 137/137/137 133/133/133 132/132/132 139/139/139
f 132/132/132 131/131/131 141/141/141 140/140/140
f 140/140/140 141/141/141 142/142/142 143/143/143
f 143/143/143 142/142/142 144/144/144 145/145/145
f 146/146/146 147/147/147 148/148/148 149/149/149
f 86/86/86 85/85/85 147/147/147 146/146/146
f 93/93/93 86/86/86 146/146/146 150/150/150
f 150/150/150 146/146/146 149/149/149 151/151/151
f 155/155/155 152/152/152 153/153/153 154/154/154
f 154/154/154 153/153/153 156/156/156 157/157/157
f 158/158/158 157/157/157 80/80/80 78/78/78
f 157/157/157 156/156/156 159/159/159 80/80/80
f 160/160/160 154/154/154 157/157/157 158/158/158
f 161/161/161 155/155/155 154/154/154 160/160/160
f 1/1/1 161/161/161 162/162/162 9/9/9
f 162/162/162 161/161/161 160/160/160 163/163/163
f 1/1/1 4/4/4 155/155/155 161/161/161
f 164/164/164 165/165/165 166/166/166 167/167/167
f 7/7/7 9/9/9 168/168/168 169/169/169
f 8/8/8 7/7/7 169/169/169 170/170/170
f 11/11/11 8/8/8 170/170/170 171/171/171
f 16/16/16 17/17/17 172/172/172 25/25/25
f 80/80/80 159/159/159 71/71/71 63/63/63
f 173/173/173 158/158/158 78/78/78 79/79/79
f 4/4/4 174/174/174 152/152/152 155/155/155
f 3/3/3 14/14/14 174/174/174 4/4/4
f 14/14/14 176/176/176 175/175/175 174/174/174
f 13/13/13 21/21/21 176/176/176 14/14/14
f 21/21/21 178/178/178 177/177/177 176/176/176
f 20/20/20 29/29/29 178/178/178 21/21/21
f 31/31/31 179/179/179 29/29/29 27/27/27
f 179/179/179 180/180/180 178/178/178 29/29/29
f 182/182/182 183/183/183 184/184/184 181/181/181
f 183/183/183 185/185/185 186/186/186 184/184/184
f 187/187/187 188/188/188 185/185/185 183/183/183
f 189/189/189 187/187/187 183/183/183 182/182/182
f 188/188/188 191/191/191 190/190/190 185/185/185
f 185/185/185 190/190/190 192/192/192 186/186/186
f 195/195/195 193/193/193 189/189/189 194/194/194
f 194/194/194 189/189/189 182/182/182 196/196/196
f 193/193/193 197/197/197 187/187/187 189/189/189
f 197/197/197 198/198/198 188/188/188 187/187/187
f 198/198/198 199/199/199 191/191/191 188/188/188
f 201/201/201 62/62/62 60/60/60 200/200/200
f 200/200/200 60/60/60 61/61/61 202/202/202
f 17/17/17 11/11/11 171/171/171 203/203/203
f 172/172/172 17/17/17 203/203/203 204/204/204
f 205/205/205 164/164/164 167/167/167 206/206/206
f 207/207/207 205/205/205 206/206/206 208/208/208
f 209/209/209 207/207/207 208/208/208 210/210/210
f 211/211/211 209/209/209 210/210/210 212/212/212
f 167/167/167 166/166/166 213/213/213 214/214/214
f 166/166/166 215/215/215 216/216/216 213/213/213
f 206/206/206 167/167/167 214/214/214 217/217/217
f 208/208/208 206/206/206 217/217/217 218/218/218
f 210/210/210 208/208/208 218/218/218 219/219/219
f 212/212/212 210/210/210 219/219/219 220/220/220
f 217/217/217 214/214/214 221/221/221 222/222/222
f 214/214/214 213/213/213 223/223/223 221/221/221
f 218/218/218 217/217/217 222/222/222 224/224/224
f 219/219/219 218/218/218 224/224/224 225/225/225
f 220/220/220 219/219/219 225/225/225 226/226/226
f 224/224/224 222/222/222 227/227/227 228/228/228
f 222/222/222 221/221/221 229/229/229 227/227/227
f 225/225/225 224/224/224 228/228/228 230/230/230
f 226/226/226 225/225/225 230/230/230 231/231/231
f 227/227/227 229/229/229 233/233/233 232/232/232
f 228/228/228 227/227/227 232/232/232 234/234/234
f 230/230/230 228/228/228 234/234/234 235/235/235
f 231/231/231 230/230/230 235/235/235 236/236/236
f 234/234/234 232/232/232 238/238/238 237/237/237
f 235/235/235 234/234/234 237/237/237 239/239/239
f 236/236/236 235/235/235 239/239/239 240/240/240
f 239/239/239 237/237/237 242/242/242 241/241/241
f 240/240/240 239/239/239 241/241/241 243/243/243
f 243/243/243 241/241/241 245/245/245 244/244/244
f 249/249/249 246/246/246 247/247/247 248/248/248
f 251/251/251 249/249/249 248/248/248 250/250/250
f 252/252/252 137/137/137 139/139/139 253/253/253
f 254/254/254 138/138/138 137/137/137 252/252/252
f 256/256/256 254/254/254 252/252/252 255/255/255
f 255/255/255 252/252/252 253/253/253 257/257/257
f 139/139/139 132/132/132 140/140/140 258/258/258
f 253/253/253 139/139/139 258/258/258 259/259/259
f 257/257/257 253/253/253 259/259/259 260/260/260
f 261/261/261 257/257/257 260/260/260 262/262/262
f 263/263/263 255/255/255 257/257/257 261/261/261
f 233/233/233 263/263/263 261/261/261 264/264/264
f 264/264/264 261/261/261 262/262/262 265/265/265
f 258/258/258 140/140/140 143/143/143 266/266/266
f 259/259/259 258/258/258 266/266/266 267/267/267
f 260/260/260 259/259/259 267/267/267 268/268/268
f 262/262/262 260/260/260 268/268/268 269/269/269
f 265/265/265 262/262/262 269/269/269 270/270/270
f 238/238/238 264/264/264 265/265/265 271/271/271
f 271/271/271 265/265/265 270/270/270 272/272/272
f 266/266/266 143/143/143 145/145/145 273/273/273
f 267/267/267 266/266/266 273/273/273 274/274/274
f 268/268/268 267/267/267 274/274/274 275/275/275
f 269/269/269 268/268/268 275/275/275 276/276/276
f 270/270/270 269/269/269 276/276/276 277/277/277
f 272/272/272 270/270/270 277/277/277 278/278/278
f 279/279/279 272/272/272 278/278/278 280/280/280
f 242/242/242 271/271/271 272/272/272 279/279/279
f 241/241/241 242/242/242 279/279/279 245/245/245
f 245/245/245 279/279/279 280/280/280 281/281/281
f 145/145/145 144/144/144 282/282/282 283/283/283
f 273/273/273 145/145/145 283/283/283 284/284/284
f 274/274/274 273/273/273 284/284/284 285/285/285
f 275/275/275 274/274/274 285/285/285 286/286/286
f 276/276/276 275/275/275 286/286/286 287/287/287
f 277/277/277 276/276/276 287/287/287 288/288/288
f 280/280/280 278/278/278 289/289/289 290/290/290
f 281/281/281 280/280/280 290/290/290 291/291/291
f 292/292/292 281/281/281 291/291/291 293/293/293
f 244/244/244 245/245/245 281/281/281 292/292/292
f 37/37/37 294/294/294 41/41/41 33/33/33
f 41/41/41 295/295/295 46/46/46 39/39/39
f 294/294/294 296/296/296 295/295/295 41/41/41
f 296/296/296 298/298/298 297/297/297 295/295/295
f 295/295/295 297/297/297 299/299/299 46/46/46
f 46/46/46 299/299/299 52/52/52 44/44/44
f 298/298/298 301/301/301 300/300/300 297/297/297
f 297/297/297 300/300/300 302/302/302 299/299/299
f 299/299/299 302/302/302 303/303/303 52/52/52
f 305/305/305 31/31/31 30/30/30 304/304/304
f 307/307/307 308/308/308 309/309/309 306/306/306
f 310/310/310 311/311/311 308/308/308 307/307/307
f 313/313/313 310/310/310 307/307/307 312/312/312
f 312/312/312 307/307/307 306/306/306 314/314/314
f 316/316/316 317/317/317 318/318/318 315/315/315
f 317/317/317 319/319/319 320/320/320 318/318/318
f 324/324/324 321/321/321 322/322/322 323/323/323
f 323/323/323 322/322/322 325/325/325 326/326/326
f 328/328/328 327/327/327 321/321/321 324/324/324
f 331/331/331 329/329/329 328/328/328 330/330/330
f 330/330/330 328/328/328 324/324/324 332/332/332
f 329/329/329 333/333/333 327/327/327 328/328/328
f 334/334/334 335/335/335 333/333/333 329/329/329
f 336/336/336 334/334/334 329/329/329 331/331/331
f 337/337/337 93/93/93 150/150/150 338/338/338
f 99/99/99 92/92/92 93/93/93 337/337/337
f 338/338/338 150/150/150 151/151/151 339/339/339
f 341/341/341 342/342/342 343/343/343 340/340/340
f 345/345/345 346/346/346 347/347/347 344/344/344
f 344/344/344 347/347/347 348/348/348 349/349/349
f 349/349/349 348/348/348 351/351/351 350/350/350
f 353/353/353 354/354/354 355/355/355 352/352/352
f 356/356/356 357/357/357 197/197/197 193/193/193
f 180/180/180 356/356/356 193/193/193 195/195/195
f 358/358/358 359/359/359 357/357/357 356/356/356
f 358/358/358 356/356/356 180/180/180 179/179/179
f 357/357/357 360/360/360 198/198/198 197/197/197
f 359/359/359 361/361/361 360/360/360 357/357/357
f 362/362/362 359/359/359 358/358/358 305/305/305
f 305/305/305 358/358/358 179/179/179 31/31/31
f 359/359/359 362/362/362 363/363/363 361/361/361
f 362/362/362 305/305/305 304/304/304 364/364/364
f 178/178/178 180/180/180 195/195/195 177/177/177
f 250/250/250 248/248/248 365/365/365 366/366/366
f 248/248/248 247/247/247 367/367/367 365/365/365
f 250/250/250 366/366/366 136/136/136 135/135/135
f 138/138/138 251/251/251 250/250/250 135/135/135
f 334/334/334 363/363/363 368/368/368 335/335/335
f 363/363/363 334/334/334 336/336/336 361/361/361
f 363/363/363 362/362/362 364/364/364 368/368/368
f 332/332/332 324/324/324 323/323/323 369/369/369
f 370/370/370 332/332/332 369/369/369 301/301/301
f 301/301/301 369/369/369 371/371/371 300/300/300
f 369/369/369 323/323/323 326/326/326 371/371/371
f 372/372/372 330/330/330 332/332/332 370/370/370
f 373/373/373 331/331/331 330/330/330 372/372/372
f 361/361/361 336/336/336 331/331/331 373/373/373
f 375/375/375 312/312/312 314/314/314 374/374/374
f 303/303/303 313/313/313 312/312/312 375/375/375
f 52/52/52 303/303/303 375/375/375 50/50/50
f 50/50/50 375/375/375 374/374/374 51/51/51
f 199/199/199 376/376/376 377/377/377 191/191/191
f 191/191/191 377/377/377 378/378/378 190/190/190
f 377/377/377 379/379/379 380/380/380 378/378/378
f 377/377/377 376/376/376 381/381/381 379/379/379
f 376/376/376 382/382/382 383/383/383 381/381/381
f 199/199/199 384/384/384 382/382/382 376/376/376
f 379/379/379 381/381/381 296/296/296 294/294/294
f 381/381/381 383/383/383 298/298/298 296/296/296
f 360/360/360 361/361/361 373/373/373 384/384/384
f 198/198/198 360/360/360 384/384/384 199/199/199
f 384/384/384 373/373/373 372/372/372 382/382/382
f 382/382/382 372/372/372 370/370/370 383/383/383
f 383/383/383 370/370/370 301/301/301 298/298/298
f 55/55/55 54/54/54 59/59/59 385/385/385
f 385/385/385 59/59/59 387/387/387 386/386/386
f 388/388/388 386/386/386 387/387/387 389/389/389
f 392/392/392 393/393/393 390/390/390 391/391/391
f 391/391/391 390/390/390 395/395/395 394/394/394
f 396/396/396 397/397/397 393/393/393 392/392/392
f 350/350/350 351/351/351 398/398/398 399/399/399
f 216/216/216 215/215/215 401/401/401 400/400/400
f 213/213/213 216/216/216 402/402/402 223/223/223
f 402/402/402 216/216/216 400/400/400 403/403/403
f 402/402/402 403/403/403 254/254/254 256/256/256
f 254/254/254 403/403/403 251/251/251 138/138/138
f 403/403/403 400/400/400 249/249/249 251/251/251
f 223/223/223 402/402/402 256/256/256 404/404/404
f 221/221/221 223/223/223 404/404/404 229/229/229
f 404/404/404 256/256/256 255/255/255 263/263/263
f 229/229/229 404/404/404 263/263/263 233/233/233
f 232/232/232 233/233/233 264/264/264 238/238/238
f 237/237/237 238/238/238 271/271/271 242/242/242
f 400/400/400 401/401/401 246/246/246 249/249/249
f 163/163/163 160/160/160 158/158/158 173/173/173
f 406/406/406 407/407/407 408/408/408 405/405/405
f 407/407/407 409/409/409 410/410/410 408/408/408
f 412/412/412 406/406/406 405/405/405 411/411/411
f 196/196/196 182/182/182 181/181/181 413/413/413
f 190/190/190 378/378/378 414/414/414 192/192/192
f 415/415/415 380/380/380 37/37/37 36/36/36
f 414/414/414 378/378/378 380/380/380 415/415/415
f 380/380/380 379/379/379 294/294/294 37/37/37
f 417/417/417 412/412/412 411/411/411 416/416/416
f 409/409/409 418/418/418 419/419/419 410/410/410
f 418/418/418 316/316/316 315/315/315 419/419/419
f 300/300/300 371/371/371 420/420/420 302/302/302
f 302/302/302 420/420/420 313/313/313 303/303/303
f 420/420/420 421/421/421 310/310/310 313/313/313
f 371/371/371 326/326/326 421/421/421 420/420/420
f 326/326/326 325/325/325 422/422/422 421/421/421
f 421/421/421 422/422/422 311/311/311 310/310/310
f 342/342/342 353/353/353 352/352/352 343/343/343
f 423/423/423 424/424/424 346/346/346 345/345/345
f 425/425/425 426/426/426 424/424/424 423/423/423
f 427/427/427 428/428/428 426/426/426 425/425/425
f 427/427/427 430/430/430 429/429/429 428/428/428
f 430/430/430 196/196/196 413/413/413 429/429/429
f 395/395/395 388/388/388 389/389/389 394/394/394
f 431/431/431 432/432/432 430/430/430 427/427/427
f 432/432/432 194/194/194 196/196/196 430/430/430
f 431/431/431 427/427/427 425/425/425 433/433/433
f 433/433/433 425/425/425 423/423/423 434/434/434
f 434/434/434 423/423/423 345/345/345 435/435/435
f 436/436/436 344/344/344 349/349/349 437/437/437
f 435/435/435 345/345/345 344/344/344 436/436/436
f 437/437/437 349/349/349 350/350/350 438/438/438
f 438/438/438 350/350/350 399/399/399 439/439/439
f 441/441/441 396/396/396 392/392/392 440/440/440
f 440/440/440 392/392/392 391/391/391 442/442/442
f 391/391/391 394/394/394 443/443/443 442/442/442
f 394/394/394 389/389/389 444/444/444 443/443/443
f 389/389/389 387/387/387 62/62/62 444/444/444
f 387/387/387 59/59/59 57/57/57 62/62/62
f 177/177/177 195/195/195 194/194/194 432/432/432
f 176/176/176 177/177/177 432/432/432 175/175/175
f 174/174/174 175/175/175 445/445/445 152/152/152
f 175/175/175 432/432/432 431/431/431 445/445/445
f 152/152/152 445/445/445 446/446/446 153/153/153
f 445/445/445 431/431/431 433/433/433 446/446/446
f 446/446/446 433/433/433 434/434/434 447/447/447
f 153/153/153 446/446/446 447/447/447 156/156/156
f 447/447/447 434/434/434 435/435/435 448/448/448
f 448/448/448 435/435/435 436/436/436 449/449/449
f 449/449/449 436/436/436 437/437/437 450/450/450
f 450/450/450 437/437/437 438/438/438 451/451/451
f 451/451/451 438/438/438 439/439/439 452/452/452
f 453/453/453 440/440/440 442/442/442 454/454/454
f 455/455/455 441/441/441 440/440/440 453/453/453
f 156/156/156 447/447/447 448/448/448 159/159/159
f 159/159/159 448/448/448 449/449/449 71/71/71
f 71/71/71 449/449/449 450/450/450 69/69/69
f 69/69/69 450/450/450 451/451/451 70/70/70
f 70/70/70 451/451/451 452/452/452 91/91/91
f 89/89/89 455/455/455 453/453/453 87/87/87
f 87/87/87 453/453/453 454/454/454 81/81/81
f 81/81/81 454/454/454 456/456/456 82/82/82
f 82/82/82 456/456/456 457/457/457 85/85/85
f 454/454/454 442/442/442 443/443/443 456/456/456
f 456/456/456 443/443/443 458/458/458 457/457/457
f 443/443/443 444/444/444 459/459/459 458/458/458
f 444/444/444 62/62/62 201/201/201 459/459/459
f 463/463/463 460/460/460 461/461/461 462/462/462
f 465/465/465 99/99/99 337/337/337 464/464/464
f 466/466/466 97/97/97 99/99/99 465/465/465
f 468/468/468 97/97/97 466/466/466 467/467/467
f 469/469/469 470/470/470 471/471/471 472/472/472
f 473/473/473 469/469/469 472/472/472 474/474/474
f 475/475/475 476/476/476 477/477/477 478/478/478
f 478/478/478 477/477/477 479/479/479 480/480/480
f 480/480/480 479/479/479 482/482/482 481/481/481
f 467/467/467 466/466/466 483/483/483 484/484/484
f 472/472/472 471/471/471 485/485/485 486/486/486
f 476/476/476 487/487/487 488/488/488 477/477/477
f 477/477/477 488/488/488 489/489/489 479/479/479
f 473/473/473 474/474/474 476/476/476 475/475/475
f 474/474/474 472/472/472 486/486/486 490/490/490
f 474/474/474 490/490/490 487/487/487 476/476/476
f 106/106/106 105/105/105 469/469/469 473/473/473
f 492/492/492 200/200/200 202/202/202 491/491/491
f 457/457/457 458/458/458 494/494/494 493/493/493
f 85/85/85 457/457/457 493/493/493 147/147/147
f 458/458/458 459/459/459 492/492/492 494/494/494
f 459/459/459 201/201/201 200/200/200 492/492/492
f 493/493/493 494/494/494 495/495/495 496/496/496
f 147/147/147 493/493/493 496/496/496 148/148/148
f 494/494/494 492/492/492 491/491/491 495/495/495
f 498/498/498 499/499/499 500/500/500 497/497/497
f 354/354/354 498/498/498 497/497/497 355/355/355
f 499/499/499 417/417/417 416/416/416 500/500/500
f 122/122/122 124/124/124 501/501/501 117/117/117
f 120/120/120 121/121/121 122/122/122 117/117/117
f 113/113/113 112/112/112 123/123/123 114/114/114
f 502/502/502 111/111/111 112/112/112 113/113/113
f 169/169/169 168/168/168 165/165/165 164/164/164
f 170/170/170 169/169/169 164/164/164 205/205/205
f 171/171/171 170/170/170 205/205/205 207/207/207
f 203/203/203 171/171/171 207/207/207 209/209/209
f 204/204/204 203/203/203 209/209/209 211/211/211
f 106/106/106 473/473/473 475/475/475 124/124/124
f 124/124/124 475/475/475 478/478/478 501/501/501
f 118/118/118 117/117/117 126/126/126 130/130/130
f 117/117/117 501/501/501 127/127/127 126/126/126
f 501/501/501 478/478/478 480/480/480 127/127/127
f 127/127/127 480/480/480 481/481/481 128/128/128
f 502/502/502 503/503/503 504/504/504
f 503/503/503 505/505/505 504/504/504
f 505/505/505 506/506/506 504/504/504
f 506/506/506 507/507/507 504/504/504
f 507/507/507 502/502/502 504/504/504
f 503/503/503 502/502/502 113/113/113 116/116/116
f 507/507/507 508/508/508 111/111/111 502/502/502
f 509/509/509 508/508/508 507/507/507 506/506/506
f 511/511/511 512/512/512 513/513/513 510/510/510
f 515/515/515 516/516/516 517/517/517 514/514/514
f 516/516/516 519/519/519 518/518/518 517/517/517
f 522/522/522 523/523/523 520/520/520 521/521/521
f 524/524/524 525/525/525 520/520/520 523/523/523
f 528/528/528 529/529/529 526/526/526 527/527/527
f 532/532/532 533/533/533 530/530/530 531/531/531
f 535/535/535 533/533/533 532/532/532 534/534/534
f 165/165/165 168/168/168 536/536/536 537/537/537
f 531/531/531 530/530/530 529/529/529 528/528/528
f 538/538/538 98/98/98 97/97/97 468/468/468
f 105/105/105 539/539/539 470/470/470 469/469/469
f 508/508/508 540/540/540 107/107/107 111/111/111
f 542/542/542 515/515/515 514/514/514 541/541/541
f 509/509/509 543/543/543 540/540/540 508/508/508
f 540/540/540 544/544/544 108/108/108 107/107/107
f 548/548/548 545/545/545 546/546/546 547/547/547
f 547/547/547 546/546/546 539/539/539 105/105/105
f 549/549/549 100/100/100 98/98/98 538/538/538
f 553/553/553 550/550/550 551/551/551 552/552/552
f 550/550/550 554/554/554 555/555/555 551/551/551
f 556/556/556 557/557/557 554/554/554 550/550/550
f 558/558/558 559/559/559 560/560/560 561/561/561
f 562/562/562 563/563/563 559/559/559 558/558/558
f 564/564/564 556/556/556 550/550/550 553/553/553
f 566/566/566 558/558/558 561/561/561 565/565/565
f 567/567/567 564/564/564 553/553/553 552/552/552
f 569/569/569 566/566/566 565/565/565 568/568/568
f 570/570/570 562/562/562 558/558/558 566/566/566
f 571/571/571 570/570/570 566/566/566 569/569/569
f 572/572/572 563/563/563 562/562/562 570/570/570
f 573/573/573 572/572/572 570/570/570 571/571/571
f 512/512/512 575/575/575 574/574/574 513/513/513
f 577/577/577 576/576/576 515/515/515 542/542/542
f 576/576/576 578/578/578 516/516/516 515/515/515
f 578/578/578 579/579/579 519/519/519 516/516/516
f 555/555/555 554/554/554 523/523/523 522/522/522
f 557/557/557 524/524/524 523/523/523 554/554/554
f 559/559/559 528/528/528 527/527/527 560/560/560
f 563/563/563 531/531/531 528/528/528 559/559/559
f 532/532/532 531/531/531 563/563/563 572/572/572
f 534/534/534 532/532/532 572/572/572 573/573/573
f 537/537/537 536/536/536 581/581/581 580/580/580
f 471/471/471 582/582/582 583/583/583 485/485/485
f 470/470/470 584/584/584 582/582/582 471/471/471
f 539/539/539 585/585/585 584/584/584 470/470/470
f 546/546/546 586/586/586 585/585/585 539/539/539
f 545/545/545 587/587/587 586/586/586 546/546/546
f 519/519/519 522/522/522 521/521/521 518/518/518
f 579/579/579 555/555/555 522/522/522 519/519/519
f 551/551/551 555/555/555 579/579/579 578/578/578
f 576/576/576 552/552/552 551/551/551 578/578/578
f 577/577/577 567/567/567 552/552/552 576/576/576
f 575/575/575 569/569/569 568/568/568 574/574/574
f 588/588/588 571/571/571 569/569/569 575/575/575
f 581/581/581 573/573/573 571/571/571 588/588/588
f 536/536/536 534/534/534 573/573/573 581/581/581
f 168/168/168 535/535/535 534/534/534 536/536/536
f 589/589/589 588/588/588 575/575/575 512/512/512
f 581/581/581 588/588/588 589/589/589 590/590/590
f 590/590/590 589/589/589 512/512/512 511/511/511
f 580/580/580 581/581/581 590/590/590 591/591/591
f 591/591/591 590/590/590 511/511/511 592/592/592
f 592/592/592 511/511/511 510/510/510 593/593/593
f 543/543/543 541/541/541 514/514/514 540/540/540
f 514/514/514 517/517/517 544/544/544 540/540/540
f 594/594/594 547/547/547 105/105/105 102/102/102
f 595/595/595 594/594/594 102/102/102 101/101/101
f 595/595/595 548/548/548 547/547/547 594/594/594
f 401/401/401 592/592/592 593/593/593 246/246/246
f 580/580/580 591/591/591 592/592/592 401/401/401
f 537/537/537 580/580/580 401/401/401 215/215/215
f 165/165/165 537/537/537 215/215/215 166/166/166
f 9/9/9 162/162/162 535/535/535 168/168/168
f 162/162/162 163/163/163 533/533/533 535/535/535
f 533/533/533 163/163/163 173/173/173 530/530/530
f 530/530/530 173/173/173 79/79/79 529/529/529
f 529/529/529 79/79/79 77/77/77 526/526/526
f 247/247/247 506/506/506 505/505/505 367/367/367
f 246/246/246 509/509/509 506/506/506 247/247/247
f 593/593/593 543/543/543 509/509/509 246/246/246
f 593/593/593 510/510/510 541/541/541 543/543/543
f 510/510/510 513/513/513 542/542/542 541/541/541
f 513/513/513 574/574/574 577/577/577 542/542/542
f 574/574/574 568/568/568 567/567/567 577/577/577
f 568/568/568 565/565/565 564/564/564 567/567/567
f 565/565/565 561/561/561 556/556/556 564/564/564
f 561/561/561 560/560/560 557/557/557 556/556/556
f 560/560/560 527/527/527 524/524/524 557/557/557
f 527/527/527 526/526/526 525/525/525 524/524/524
f 526/526/526 77/77/77 76/76/76 525/525/525
f 525/525/525 76/76/76 72/72/72 520/520/520
f 115/115/115 114/114/114 120/120/120 119/119/119
f 114/114/114 123/123/123 121/121/121 120/120/120
f 123/123/123 109/109/109 104/104/104 121/121/121
f 108/108/108 101/101/101 104/104/104 109/109/109
f 544/544/544 595/595/595 101/101/101 108/108/108
f 544/544/544 517/517/517 548/548/548 595/595/595
f 517/517/517 518/518/518 545/545/545 548/548/548
f 518/518/518 521/521/521 587/587/587 545/545/545
f 582/582/582 467/467/467 484/484/484 583/583/583
f 584/584/584 468/468/468 467/467/467 582/582/582
f 585/585/585 538/538/538 468/468/468 584/584/584
f 586/586/586 549/549/549 538/538/538 585/585/585
f 520/520/520 72/72/72 74/74/74 596/596/596
f 399/399/399 398/398/398 397/397/397 396/396/396
f 439/439/439 399/399/399 396/396/396 441/441/441
f 452/452/452 439/439/439 441/441/441 455/455/455
f 91/91/91 452/452/452 455/455/455 89/89/89
f 75/75/75 91/91/91 89/89/89 90/90/90
f 73/73/73 75/75/75 90/90/90 96/96/96
f 74/74/74 73/73/73 96/96/96 100/100/100
f 596/596/596 74/74/74 100/100/100 549/549/549
f 521/521/521 520/520/520 596/596/596 587/587/587
f 587/587/587 596/596/596 549/549/549 586/586/586
f 597/597/597 598/598/598 599/599/599 600/600/600
f 601/601/601 602/602/602 598/598/598 597/597/597
f 604/604/604 603/603/603 597/597/597 600/600/600
f 605/605/605 601/601/601 597/597/597 603/603/603
f 606/606/606 607/607/607 602/602/602 601/601/601
f 611/611/611 608/608/608 609/609/609 610/610/610
f 612/612/612 606/606/606 601/601/601 605/605/605
f 616/616/616 613/613/613 614/614/614 615/615/615
f 615/615/615 614/614/614 617/617/617 618/618/618
f 619/619/619 616/616/616 615/615/615 620/620/620
f 621/621/621 622/622/622 623/623/623 624/624/624
f 626/626/626 625/625/625 622/622/622 621/621/621
f 628/628/628 626/626/626 621/621/621 627/627/627
f 627/627/627 621/621/621 624/624/624 629/629/629
f 631/631/631 627/627/627 629/629/629 630/630/630
f 635/635/635 632/632/632 633/633/633 634/634/634
f 634/634/634 633/633/633 625/625/625 626/626/626
f 636/636/636 634/634/634 626/626/626 628/628/628
f 637/637/637 635/635/635 634/634/634 636/636/636
f 639/639/639 638/638/638 608/608/608 611/611/611
f 640/640/640 641/641/641 618/618/618 617/617/617
f 615/615/615 618/618/618 642/642/642 620/620/620
f 618/618/618 641/641/641 643/643/643 642/642/642
f 644/644/644 645/645/645 646/646/646 647/647/647
f 649/649/649 648/648/648 645/645/645 644/644/644
f 651/651/651 650/650/650 638/638/638 639/639/639
f 655/655/655 652/652/652 653/653/653 654/654/654
f 657/657/657 656/656/656 652/652/652 655/655/655
f 661/661/661 658/658/658 659/659/659 660/660/660
f 658/658/658 663/663/663 662/662/662 659/659/659
f 665/665/665 661/661/661 660/660/660 664/664/664
f 666/666/666 665/665/665 664/664/664 656/656/656
f 667/667/667 666/666/666 656/656/656 657/657/657
f 669/669/669 668/668/668 661/661/661 665/665/665
f 668/668/668 670/670/670 658/658/658 661/661/661
f 671/671/671 669/669/669 665/665/665 666/666/666
f 672/672/672 671/671/671 666/666/666 667/667/667
f 673/673/673 674/674/674 670/670/670 668/668/668
f 675/675/675 673/673/673 668/668/668 669/669/669
f 676/676/676 675/675/675 669/669/669 671/671/671
f 677/677/677 676/676/676 671/671/671 672/672/672
f 678/678/678 679/679/679 673/673/673 675/675/675
f 680/680/680 678/678/678 675/675/675 676/676/676
f 681/681/681 680/680/680 676/676/676 677/677/677
f 682/682/682 683/683/683 678/678/678 680/680/680
f 684/684/684 682/682/682 680/680/680 681/681/681
f 685/685/685 686/686/686 682/682/682 684/684/684
f 690/690/690 687/687/687 688/688/688 689/689/689
f 689/689/689 688/688/688 691/691/691 692/692/692
f 694/694/694 689/689/689 692/692/692 693/693/693
f 695/695/695 690/690/690 689/689/689 694/694/694
f 697/697/697 696/696/696 687/687/687 690/690/690
f 698/698/698 697/697/697 690/690/690 695/695/695
f 700/700/700 698/698/698 695/695/695 699/699/699
f 699/699/699 695/695/695 694/694/694 701/701/701
f 702/702/702 699/699/699 701/701/701 674/674/674
f 703/703/703 700/700/700 699/699/699 702/702/702
f 705/705/705 704/704/704 696/696/696 697/697/697
f 706/706/706 705/705/705 697/697/697 698/698/698
f 707/707/707 706/706/706 698/698/698 700/700/700
f 708/708/708 707/707/707 700/700/700 703/703/703
f 709/709/709 703/703/703 702/702/702 679/679/679
f 710/710/710 708/708/708 703/703/703 709/709/709
f 712/712/712 711/711/711 704/704/704 705/705/705
f 713/713/713 712/712/712 705/705/705 706/706/706
f 714/714/714 713/713/713 706/706/706 707/707/707
f 715/715/715 714/714/714 707/707/707 708/708/708
f 716/716/716 715/715/715 708/708/708 710/710/710
f 718/718/718 716/716/716 710/710/710 717/717/717
f 717/717/717 710/710/710 709/709/709 683/683/683
f 686/686/686 717/717/717 683/683/683 682/682/682
f 719/719/719 718/718/718 717/717/717 686/686/686
f 723/723/723 720/720/720 721/721/721 722/722/722
f 724/724/724 723/723/723 722/722/722 711/711/711
f 725/725/725 724/724/724 711/711/711 712/712/712
f 726/726/726 725/725/725 712/712/712 713/713/713
f 727/727/727 726/726/726 713/713/713 714/714/714
f 728/728/728 727/727/727 714/714/714 715/715/715
f 730/730/730 729/729/729 716/716/716 718/718/718
f 731/731/731 730/730/730 718/718/718 719/719/719
f 733/733/733 731/731/731 719/719/719 732/732/732
f 732/732/732 719/719/719 686/686/686 685/685/685
f 619/619/619 620/620/620 735/735/735 734/734/734
f 738/738/738 739/739/739 736/736/736 737/737/737
f 737/737/737 736/736/736 741/741/741 740/740/740
f 742/742/742 743/743/743 744/744/744 745/745/745
f 745/745/745 744/744/744 746/746/746 747/747/747
f 747/747/747 746/746/746 749/749/749 748/748/748
f 748/748/748 749/749/749 751/751/751 750/750/750
f 753/753/753 636/636/636 628/628/628 752/752/752
f 752/752/752 628/628/628 627/627/627 631/631/631
f 754/754/754 637/637/637 636/636/636 753/753/753
f 756/756/756 755/755/755 637/637/637 754/754/754
f 643/643/643 757/757/757 758/758/758 642/642/642
f 620/620/620 642/642/642 758/758/758 735/735/735
f 760/760/760 734/734/734 735/735/735 759/759/759
f 750/750/750 751/751/751 762/762/762 761/761/761
f 762/762/762 760/760/760 759/759/759 761/761/761
f 663/663/663 763/763/763 764/764/764 662/662/662
f 763/763/763 766/766/766 765/765/765 764/764/764
f 693/693/693 692/692/692 766/766/766 763/763/763
f 691/691/691 767/767/767 766/766/766 692/692/692
f 767/767/767 768/768/768 765/765/765 766/766/766
f 769/769/769 693/693/693 763/763/763 663/663/663
f 670/670/670 769/769/769 663/663/663 658/658/658
f 701/701/701 694/694/694 693/693/693 769/769/769
f 674/674/674 701/701/701 769/769/769 670/670/670
f 679/679/679 702/702/702 674/674/674 673/673/673
f 683/683/683 709/709/709 679/679/679 678/678/678
f 768/768/768 770/770/770 771/771/771 765/765/765
f 772/772/772 773/773/773 743/743/743 742/742/742
f 740/740/740 741/741/741 773/773/773 772/772/772
f 622/622/622 775/775/775 774/774/774 623/623/623
f 625/625/625 776/776/776 775/775/775 622/622/622
f 775/775/775 778/778/778 777/777/777 774/774/774
f 776/776/776 779/779/779 778/778/778 775/775/775
f 779/779/779 781/781/781 780/780/780 778/778/778
f 781/781/781 647/647/647 646/646/646 780/780/780
f 782/782/782 752/752/752 631/631/631 783/783/783
f 783/783/783 631/631/631 630/630/630 784/784/784
f 785/785/785 784/784/784 630/630/630 786/786/786
f 788/788/788 785/785/785 786/786/786 787/787/787
f 792/792/792 789/789/789 790/790/790 791/791/791
f 794/794/794 793/793/793 789/789/789 792/792/792
f 791/791/791 790/790/790 788/788/788 787/787/787
f 796/796/796 649/649/649 644/644/644 795/795/795
f 797/797/797 798/798/798 779/779/779 776/776/776
f 633/633/633 797/797/797 776/776/776 625/625/625
f 798/798/798 795/795/795 781/781/781 779/779/779
f 795/795/795 644/644/644 647/647/647 781/781/781
f 799/799/799 800/800/800 798/798/798 797/797/797
f 632/632/632 799/799/799 797/797/797 633/633/633
f 800/800/800 796/796/796 795/795/795 798/798/798
f 803/803/803 804/804/804 801/801/801 802/802/802
f 806/806/806 803/803/803 802/802/802 805/805/805
f 808/808/808 806/806/806 805/805/805 807/807/807
f 810/810/810 808/808/808 807/807/807 809/809/809
f 812/812/812 810/810/810 809/809/809 811/811/811
f 813/813/813 812/812/812 811/811/811 648/648/648
f 814/814/814 813/813/813 648/648/648 649/649/649
f 654/654/654 653/653/653 650/650/650 651/651/651
f 818/818/818 815/815/815 816/816/816 817/817/817
f 819/819/819 820/820/820 799/799/799 632/632/632
f 822/822/822 818/818/818 817/817/817 821/821/821
f 824/824/824 822/822/822 821/821/821 823/823/823
f 755/755/755 825/825/825 635/635/635 637/637/637
f 825/825/825 819/819/819 632/632/632 635/635/635
f 820/820/820 826/826/826 800/800/800 799/799/799
f 826/826/826 827/827/827 796/796/796 800/800/800
f 827/827/827 814/814/814 649/649/649 796/796/796
f 829/829/829 824/824/824 823/823/823 828/828/828
f 479/479/479 489/489/489 830/830/830 482/482/482
f 815/815/815 831/831/831 832/832/832 816/816/816
f 482/482/482 830/830/830 831/831/831 815/815/815
f 481/481/481 482/482/482 815/815/815 818/818/818
f 128/128/128 481/481/481 818/818/818 822/822/822
f 125/125/125 128/128/128 822/822/822 824/824/824
f 129/129/129 125/125/125 824/824/824 829/829/829
f 817/817/817 816/816/816 793/793/793 794/794/794
f 462/462/462 461/461/461 833/833/833 834/834/834
f 339/339/339 151/151/151 342/342/342 341/341/341
f 151/151/151 149/149/149 353/353/353 342/342/342
f 149/149/149 148/148/148 354/354/354 353/353/353
f 148/148/148 496/496/496 498/498/498 354/354/354
f 496/496/496 495/495/495 499/499/499 498/498/498
f 495/495/495 491/491/491 417/417/417 499/499/499
f 491/491/491 202/202/202 412/412/412 417/417/417
f 202/202/202 61/61/61 406/406/406 412/412/412
f 61/61/61 58/58/58 407/407/407 406/406/406
f 58/58/58 51/51/51 409/409/409 407/407/407
f 51/51/51 374/374/374 418/418/418 409/409/409
f 374/374/374 314/314/314 316/316/316 418/418/418
f 314/314/314 306/306/306 317/317/317 316/316/316
f 306/306/306 309/309/309 319/319/319 317/317/317
f 340/340/340 343/343/343 755/755/755 756/756/756
f 343/343/343 352/352/352 825/825/825 755/755/755
f 352/352/352 355/355/355 819/819/819 825/825/825
f 355/355/355 497/497/497 820/820/820 819/819/819
f 497/497/497 500/500/500 826/826/826 820/820/820
f 500/500/500 416/416/416 827/827/827 826/826/826
f 416/416/416 411/411/411 814/814/814 827/827/827
f 411/411/411 405/405/405 813/813/813 814/814/814
f 405/405/405 408/408/408 812/812/812 813/813/813
f 408/408/408 410/410/410 810/810/810 812/812/812
f 410/410/410 419/419/419 808/808/808 810/810/810
f 419/419/419 315/315/315 806/806/806 808/808/808
f 315/315/315 318/318/318 803/803/803 806/806/806
f 318/318/318 320/320/320 804/804/804 803/803/803
f 831/831/831 836/836/836 835/835/835 832/832/832
f 830/830/830 837/837/837 836/836/836 831/831/831
f 836/836/836 838/838/838 839/839/839 835/835/835
f 837/837/837 840/840/840 838/838/838 836/836/836
f 838/838/838 841/841/841 842/842/842 839/839/839
f 840/840/840 834/834/834 841/841/841 838/838/838
f 729/729/729 728/728/728 715/715/715 716/716/716
f 278/278/278 277/277/277 288/288/288 289/289/289
f 843/843/843 464/464/464 460/460/460 463/463/463
f 844/844/844 465/465/465 464/464/464 843/843/843
f 466/466/466 465/465/465 844/844/844 483/483/483
f 823/823/823 821/821/821 846/846/846 845/845/845
f 821/821/821 817/817/817 794/794/794 846/846/846
f 847/847/847 792/792/792 791/791/791 848/848/848
f 846/846/846 794/794/794 792/792/792 847/847/847
f 828/828/828 823/823/823 845/845/845 849/849/849
f 849/849/849 845/845/845 850/850/850 851/851/851
f 851/851/851 850/850/850 852/852/852 853/853/853
f 853/853/853 852/852/852 854/854/854 855/855/855
f 855/855/855 854/854/854 856/856/856 857/857/857
f 722/722/722 721/721/721 858/858/858 859/859/859
f 859/859/859 858/858/858 860/860/860 861/861/861
f 711/711/711 722/722/722 859/859/859 704/704/704
f 704/704/704 859/859/859 861/861/861 696/696/696
f 696/696/696 861/861/861 862/862/862 687/687/687
f 861/861/861 860/860/860 863/863/863 862/862/862
f 862/862/862 863/863/863 864/864/864 865/865/865
f 865/865/865 864/864/864 866/866/866 867/867/867
f 866/866/866 868/868/868 869/869/869 867/867/867
f 868/868/868 870/870/870 871/871/871 869/869/869
f 870/870/870 857/857/857 856/856/856 871/871/871
f 293/293/293 291/291/291 731/731/731 733/733/733
f 291/291/291 290/290/290 730/730/730 731/731/731
f 290/290/290 289/289/289 729/729/729 730/730/730
f 289/289/289 288/288/288 728/728/728 729/729/729
f 288/288/288 287/287/287 727/727/727 728/728/728
f 287/287/287 286/286/286 726/726/726 727/727/727
f 286/286/286 285/285/285 725/725/725 726/726/726
f 285/285/285 284/284/284 724/724/724 725/725/725
f 284/284/284 283/283/283 723/723/723 724/724/724
f 283/283/283 282/282/282 720/720/720 723/723/723
f 845/845/845 846/846/846 847/847/847 850/850/850
f 850/850/850 847/847/847 848/848/848 852/852/852
f 875/875/875 872/872/872 873/873/873 874/874/874
f 874/874/874 873/873/873 876/876/876 877/877/877
f 879/879/879 880/880/880 881/881/881 878/878/878
f 882/882/882 883/883/883 884/884/884 885/885/885
f 886/886/886 887/887/887 883/883/883 882/882/882
f 888/888/888 889/889/889 887/887/887 886/886/886
f 777/777/777 890/890/890 889/889/889 888/888/888
f 891/891/891 892/892/892 890/890/890 777/777/777
f 891/891/891 893/893/893 894/894/894 892/892/892
f 893/893/893 895/895/895 896/896/896 894/894/894
f 895/895/895 897/897/897 898/898/898 896/896/896
f 898/898/898 897/897/897 899/899/899 900/900/900
f 900/900/900 899/899/899 901/901/901 902/902/902
f 902/902/902 901/901/901 903/903/903 904/904/904
f 904/904/904 903/903/903 905/905/905 906/906/906
f 906/906/906 905/905/905 907/907/907 908/908/908
f 908/908/908 907/907/907 909/909/909 910/910/910
f 912/912/912 913/913/913 914/914/914 911/911/911
f 916/916/916 912/912/912 911/911/911 915/915/915
f 878/878/878 881/881/881 916/916/916 915/915/915
f 918/918/918 917/917/917 914/914/914 913/913/913
f 919/919/919 920/920/920 917/917/917 918/918/918
f 921/921/921 922/922/922 920/920/920 919/919/919
f 910/910/910 909/909/909 922/922/922 921/921/921
f 923/923/923 924/924/924 925/925/925 926/926/926
f 926/926/926 925/925/925 927/927/927 928/928/928
f 930/930/930 923/923/923 926/926/926 929/929/929
f 929/929/929 926/926/926 928/928/928 931/931/931
f 770/770/770 932/932/932 933/933/933 771/771/771
f 935/935/935 936/936/936 937/937/937 934/934/934
f 938/938/938 939/939/939 937/937/937 936/936/936
f 940/940/940 941/941/941 939/939/939 938/938/938
f 942/942/942 943/943/943 941/941/941 940/940/940
f 944/944/944 945/945/945 943/943/943 942/942/942
f 946/946/946 947/947/947 945/945/945 944/944/944
f 948/948/948 949/949/949 947/947/947 946/946/946
f 951/951/951 950/950/950 949/949/949 948/948/948
f 951/951/951 952/952/952 953/953/953 950/950/950
f 955/955/955 956/956/956 957/957/957 954/954/954
f 958/958/958 959/959/959 957/957/957 956/956/956
f 958/958/958 960/960/960 961/961/961 959/959/959
f 962/962/962 963/963/963 961/961/961 960/960/960
f 965/965/965 964/964/964 963/963/963 962/962/962
f 966/966/966 967/967/967 964/964/964 965/965/965
f 968/968/968 969/969/969 967/967/967 966/966/966
f 970/970/970 971/971/971 969/969/969 968/968/968
f 972/972/972 973/973/973 971/971/971 970/970/970
f 975/975/975 976/976/976 958/958/958 974/974/974
f 977/977/977 978/978/978 976/976/976 975/975/975
f 979/979/979 980/980/980 978/978/978 977/977/977
f 982/982/982 980/980/980 979/979/979 981/981/981
f 982/982/982 981/981/981 983/983/983 984/984/984
f 984/984/984 983/983/983 985/985/985 986/986/986
f 986/986/986 985/985/985 987/987/987 988/988/988
f 988/988/988 987/987/987 989/989/989 990/990/990
f 990/990/990 989/989/989 991/991/991 992/992/992
f 992/992/992 991/991/991 993/993/993 994/994/994
f 809/809/809 807/807/807 972/972/972 995/995/995
f 995/995/995 972/972/972 953/953/953 952/952/952
f 757/757/757 996/996/996 997/997/997 758/758/758
f 996/996/996 994/994/994 993/993/993 997/997/997
f 735/735/735 758/758/758 997/997/997 759/759/759
f 939/939/939 990/990/990 992/992/992 937/937/937
f 934/934/934 937/937/937 992/992/992 994/994/994
f 934/934/934 994/994/994 996/996/996 757/757/757
f 941/941/941 988/988/988 990/990/990 939/939/939
f 943/943/943 986/986/986 988/988/988 941/941/941
f 945/945/945 984/984/984 986/986/986 943/943/943
f 947/947/947 982/982/982 984/984/984 945/945/945
f 998/998/998 934/934/934 757/757/757 643/643/643
f 999/999/999 998/998/998 643/643/643 641/641/641
f 1000/1000/1000 999/999/999 641/641/641 640/640/640
f 911/911/911 935/935/935 934/934/934 998/998/998
f 915/915/915 911/911/911 998/998/998 999/999/999
f 1001/1001/1001 915/915/915 999/999/999 1000/1000/1000
f 920/920/920 940/940/940 938/938/938 917/917/917
f 914/914/914 936/936/936 935/935/935 911/911/911
f 917/917/917 938/938/938 936/936/936 914/914/914
f 931/931/931 928/928/928 1002/1002/1002 1003/1003/1003
f 928/928/928 927/927/927 1004/1004/1004 1002/1002/1002
f 1005/1005/1005 882/882/882 885/885/885 1006/1006/1006
f 1007/1007/1007 886/886/886 882/882/882 1005/1005/1005
f 1008/1008/1008 888/888/888 886/886/886 1007/1007/1007
f 922/922/922 942/942/942 940/940/940 920/920/920
f 909/909/909 944/944/944 942/942/942 922/922/922
f 907/907/907 946/946/946 944/944/944 909/909/909
f 905/905/905 948/948/948 946/946/946 907/907/907
f 903/903/903 951/951/951 948/948/948 905/905/905
f 901/901/901 1009/1009/1009 951/951/951 903/903/903
f 899/899/899 1010/1010/1010 1009/1009/1009 901/901/901
f 897/897/897 1011/1011/1011 1010/1010/1010 899/899/899
f 1012/1012/1012 1011/1011/1011 897/897/897 895/895/895
f 774/774/774 777/777/777 888/888/888 1008/1008/1008
f 778/778/778 780/780/780 891/891/891 777/777/777
f 780/780/780 646/646/646 893/893/893 891/891/891
f 646/646/646 1012/1012/1012 895/895/895 893/893/893
f 1009/1009/1009 995/995/995 952/952/952 951/951/951
f 1010/1010/1010 809/809/809 995/995/995 1009/1009/1009
f 811/811/811 809/809/809 1010/1010/1010 1011/1011/1011
f 648/648/648 811/811/811 1011/1011/1011 1012/1012/1012
f 645/645/645 648/648/648 1012/1012/1012 646/646/646
f 841/841/841 1013/1013/1013 1014/1014/1014 842/842/842
f 834/834/834 833/833/833 1013/1013/1013 841/841/841
f 924/924/924 1008/1008/1008 1007/1007/1007 925/925/925
f 925/925/925 1007/1007/1007 1005/1005/1005 927/927/927
f 927/927/927 1005/1005/1005 1006/1006/1006 1004/1004/1004
f 640/640/640 617/617/617 603/603/603 604/604/604
f 614/614/614 605/605/605 603/603/603 617/617/617
f 613/613/613 612/612/612 605/605/605 614/614/614
f 623/623/623 774/774/774 1008/1008/1008 924/924/924
f 624/624/624 623/623/623 924/924/924 923/923/923
f 607/607/607 610/610/610 609/609/609 602/602/602
f 602/602/602 609/609/609 1015/1015/1015 598/598/598
f 1015/1015/1015 1016/1016/1016 599/599/599 598/598/598
f 1019/1019/1019 1003/1003/1003 1017/1017/1017 1018/1018/1018
f 876/876/876 931/931/931 1003/1003/1003 1019/1019/1019
f 873/873/873 929/929/929 931/931/931 876/876/876
f 872/872/872 930/930/930 929/929/929 873/873/873
f 629/629/629 624/624/624 923/923/923 930/930/930
f 630/630/630 629/629/629 930/930/930 872/872/872
f 786/786/786 630/630/630 872/872/872 875/875/875
f 1021/1021/1021 875/875/875 874/874/874 1020/1020/1020
f 787/787/787 786/786/786 875/875/875 1021/1021/1021
f 1020/1020/1020 874/874/874 877/877/877 1022/1022/1022
f 791/791/791 787/787/787 1021/1021/1021 848/848/848
f 1024/1024/1024 1020/1020/1020 1022/1022/1022 1023/1023/1023
f 848/848/848 1021/1021/1021 1020/1020/1020 1024/1024/1024
f 852/852/852 848/848/848 1024/1024/1024 854/854/854
f 856/856/856 854/854/854 932/932/932 770/770/770
f 871/871/871 856/856/856 770/770/770 768/768/768
f 687/687/687 862/862/862 865/865/865 688/688/688
f 688/688/688 865/865/865 867/867/867 691/691/691
f 867/867/867 869/869/869 767/767/767 691/691/691
f 869/869/869 871/871/871 768/768/768 767/767/767
f 854/854/854 1024/1024/1024 1023/1023/1023 932/932/932
f 991/991/991 1025/1025/1025 1026/1026/1026 993/993/993
f 1025/1025/1025 955/955/955 954/954/954 1026/1026/1026
f 993/993/993 1026/1026/1026 759/759/759 997/997/997
f 1026/1026/1026 954/954/954 761/761/761 759/759/759
f 957/957/957 750/750/750 761/761/761 954/954/954
f 959/959/959 748/748/748 750/750/750 957/957/957
f 961/961/961 747/747/747 748/748/748 959/959/959
f 963/963/963 745/745/745 747/747/747 961/961/961
f 964/964/964 742/742/742 745/745/745 963/963/963
f 967/967/967 772/772/772 742/742/742 964/964/964
f 969/969/969 740/740/740 772/772/772 967/967/967
f 971/971/971 737/737/737 740/740/740 969/969/969
f 973/973/973 738/738/738 737/737/737 971/971/971
f 807/807/807 805/805/805 973/973/973 972/972/972
f 805/805/805 802/802/802 738/738/738 973/973/973
f 802/802/802 801/801/801 739/739/739 738/738/738
f 950/950/950 1027/1027/1027 1028/1028/1028 949/949/949
f 949/949/949 1028/1028/1028 982/982/982 947/947/947
f 953/953/953 1029/1029/1029 1027/1027/1027 950/950/950
f 953/953/953 972/972/972 970/970/970 1029/1029/1029
f 1027/1027/1027 1030/1030/1030 1031/1031/1031 1028/1028/1028
f 1028/1028/1028 1031/1031/1031 980/980/980 982/982/982
f 1029/1029/1029 970/970/970 1030/1030/1030 1027/1027/1027
f 981/981/981 979/979/979 977/977/977 983/983/983
f 983/983/983 977/977/977 975/975/975 985/985/985
f 985/985/985 975/975/975 974/974/974 987/987/987
f 987/987/987 974/974/974 1032/1032/1032 989/989/989
f 989/989/989 1032/1032/1032 1025/1025/1025 991/991/991
f 1032/1032/1032 956/956/956 955/955/955 1025/1025/1025
f 974/974/974 958/958/958 956/956/956 1032/1032/1032
f 976/976/976 962/962/962 960/960/960 958/958/958
f 978/978/978 965/965/965 962/962/962 976/976/976
f 980/980/980 966/966/966 965/965/965 978/978/978
f 1031/1031/1031 968/968/968 966/966/966 980/980/980
f 1030/1030/1030 970/970/970 968/968/968 1031/1031/1031
f 1034/1034/1034 1001/1001/1001 1000/1000/1000 1033/1033/1033
f 1034/1034/1034 878/878/878 915/915/915 1001/1001/1001
f 885/885/885 884/884/884 1035/1035/1035 1036/1036/1036
f 1036/1036/1036 1035/1035/1035 880/880/880 879/879/879
f 1038/1038/1038 1036/1036/1036 879/879/879 1037/1037/1037
f 1037/1037/1037 879/879/879 878/878/878 1034/1034/1034
f 1006/1006/1006 885/885/885 1036/1036/1036 1038/1038/1038
f 1004/1004/1004 1006/1006/1006 1038/1038/1038 1039/1039/1039
f 1039/1039/1039 1038/1038/1038 1037/1037/1037 1040/1040/1040
f 1040/1040/1040 1037/1037/1037 1034/1034/1034 1033/1033/1033
f 1042/1042/1042 1039/1039/1039 1040/1040/1040 1041/1041/1041
f 1017/1017/1017 1042/1042/1042 1041/1041/1041 1043/1043/1043
f 1018/1018/1018 1017/1017/1017 1043/1043/1043 1044/1044/1044
f 1003/1003/1003 1002/1002/1002 1042/1042/1042 1017/1017/1017
f 1002/1002/1002 1004/1004/1004 1039/1039/1039 1042/1042/1042
f 1041/1041/1041 1040/1040/1040 1033/1033/1033 1045/1045/1045
f 1043/1043/1043 1041/1041/1041 1045/1045/1045 1046/1046/1046
f 1044/1044/1044 1043/1043/1043 1046/1046/1046 1047/1047/1047
f 1047/1047/1047 1046/1046/1046 599/599/599 1016/1016/1016
f 1046/1046/1046 1045/1045/1045 600/600/600 599/599/599
f 1045/1045/1045 1033/1033/1033 604/604/604 600/600/600
f 1033/1033/1033 1000/1000/1000 640/640/640 604/604/604
f 833/833/833 1048/1048/1048 1049/1049/1049 1013/1013/1013
f 1013/1013/1013 1049/1049/1049 1050/1050/1050 1014/1014/1014
f 1048/1048/1048 1051/1051/1051 1052/1052/1052 1049/1049/1049
f 1049/1049/1049 1052/1052/1052 1053/1053/1053 1050/1050/1050
f 1051/1051/1051 341/341/341 340/340/340 1052/1052/1052
f 1052/1052/1052 340/340/340 756/756/756 1053/1053/1053
f 461/461/461 1054/1054/1054 1048/1048/1048 833/833/833
f 1014/1014/1014 1050/1050/1050 1055/1055/1055 1056/1056/1056
f 460/460/460 1057/1057/1057 1054/1054/1054 461/461/461
f 1056/1056/1056 1055/1055/1055 1058/1058/1058 1059/1059/1059
f 1059/1059/1059 1058/1058/1058 752/752/752 782/782/782
f 1060/1060/1060 1061/1061/1061 1062/1062/1062 1063/1063/1063
f 1063/1063/1063 1062/1062/1062 1064/1064/1064 1065/1065/1065
f 1068/1068/1068 1069/1069/1069 1066/1066/1066 1067/1067/1067
f 1070/1070/1070 1071/1071/1071 1069/1069/1069 1068/1068/1068
f 1074/1074/1074 1075/1075/1075 1072/1072/1072 1073/1073/1073
f 1077/1077/1077 1075/1075/1075 1074/1074/1074 1076/1076/1076
f 1081/1081/1081 1078/1078/1078 1079/1079/1079 1080/1080/1080
f 1084/1084/1084 1085/1085/1085 1082/1082/1082 1083/1083/1083
f 1083/1083/1083 1082/1082/1082 1061/1061/1061 1060/1060/1060
f 488/488/488 1083/1083/1083 1060/1060/1060 489/489/489
f 489/489/489 1060/1060/1060 1063/1063/1063 830/830/830
f 830/830/830 1063/1063/1063 1065/1065/1065 837/837/837
f 1065/1065/1065 1086/1086/1086 840/840/840 837/837/837
f 1086/1086/1086 1066/1066/1066 834/834/834 840/840/840
f 1069/1069/1069 462/462/462 834/834/834 1066/1066/1066
f 1073/1073/1073 1072/1072/1072 1071/1071/1071 1070/1070/1070
f 1071/1071/1071 463/463/463 462/462/462 1069/1069/1069
f 1072/1072/1072 843/843/843 463/463/463 1071/1071/1071
f 1075/1075/1075 844/844/844 843/843/843 1072/1072/1072
f 1078/1078/1078 1077/1077/1077 1076/1076/1076 1079/1079/1079
f 483/483/483 844/844/844 1075/1075/1075 1077/1077/1077
f 484/484/484 483/483/483 1077/1077/1077 1078/1078/1078
f 1087/1087/1087 1088/1088/1088 1085/1085/1085 1084/1084/1084
f 487/487/487 1084/1084/1084 1083/1083/1083 488/488/488
f 1087/1087/1087 1089/1089/1089 1090/1090/1090 1088/1088/1088
f 490/490/490 1087/1087/1087 1084/1084/1084 487/487/487
f 490/490/490 486/486/486 1089/1089/1089 1087/1087/1087
f 1089/1089/1089 1091/1091/1091 1092/1092/1092 1090/1090/1090
f 583/583/583 484/484/484 1078/1078/1078 1081/1081/1081
f 1091/1091/1091 1081/1081/1081 1080/1080/1080 1092/1092/1092
f 485/485/485 583/583/583 1081/1081/1081 1091/1091/1091
f 486/486/486 485/485/485 1091/1091/1091 1089/1089/1089
f 1065/1065/1065 1064/1064/1064 1093/1093/1093 1086/1086/1086
f 1067/1067/1067 1066/1066/1066 1086/1086/1086 1093/1093/1093
f 1094/1094/1094 339/339/339 341/341/341 1051/1051/1051
f 1095/1095/1095 338/338/338 339/339/339 1094/1094/1094
f 464/464/464 337/337/337 1057/1057/1057 460/460/460
f 1057/1057/1057 337/337/337 338/338/338 1095/1095/1095
f 1057/1057/1057 1095/1095/1095 1094/1094/1094 1054/1054/1054
f 1054/1054/1054 1094/1094/1094 1051/1051/1051 1048/1048/1048
f 1053/1053/1053 756/756/756 754/754/754 1096/1096/1096
f 1096/1096/1096 754/754/754 753/753/753 1097/1097/1097
f 1097/1097/1097 753/753/753 752/752/752 1058/1058/1058
f 1055/1055/1055 1096/1096/1096 1097/1097/1097 1058/1058/1058
f 1050/1050/1050 1053/1053/1053 1096/1096/1096 1055/1055/1055
f 1100/1100/1100 1101/1101/1101 1098/1098/1098 1099/1099/1099
f 1099/1099/1099 1098/1098/1098 1102/1102/1102 1103/1103/1103
f 1105/1105/1105 1106/1106/1106 1107/1107/1107 1104/1104/1104
f 1109/1109/1109 1105/1105/1105 1104/1104/1104 1108/1108/1108
f 1103/1103/1103 1102/1102/1102 1107/1107/1107 1106/1106/1106
f 1110/1110/1110 1111/1111/1111 1112/1112/1112 1113/1113/1113
f 1114/1114/1114 1115/1115/1115 1111/1111/1111 1110/1110/1110
f 1116/1116/1116 1117/1117/1117 1118/1118/1118 1119/1119/1119
f 1120/1120/1120 1121/1121/1121 1117/1117/1117 1116/1116/1116
f 1122/1122/1122 1123/1123/1123 1101/1101/1101 1100/1100/1100
f 1124/1124/1124 1125/1125/1125 1123/1123/1123 1122/1122/1122
f 1125/1125/1125 1124/1124/1124 1121/1121/1121 1120/1120/1120
f 835/835/835 839/839/839 1125/1125/1125 1120/1120/1120
f 1125/1125/1125 839/839/839 842/842/842 1123/1123/1123
f 832/832/832 835/835/835 1120/1120/1120 1116/1116/1116
f 1123/1123/1123 842/842/842 1126/1126/1126 1101/1101/1101
f 842/842/842 1014/1014/1014 1056/1056/1056 1126/1126/1126
f 1098/1098/1098 1128/1128/1128 1127/1127/1127 1102/1102/1102
f 1101/1101/1101 1126/1126/1126 1128/1128/1128 1098/1098/1098
f 1126/1126/1126 1056/1056/1056 1059/1059/1059 1128/1128/1128
f 1128/1128/1128 1059/1059/1059 782/782/782 1127/1127/1127
f 1127/1127/1127 782/782/782 783/783/783 1129/1129/1129
f 1102/1102/1102 1127/1127/1127 1129/1129/1129 1107/1107/1107
f 1129/1129/1129 783/783/783 784/784/784 1130/1130/1130
f 1107/1107/1107 1129/1129/1129 1130/1130/1130 1104/1104/1104
f 1104/1104/1104 1130/1130/1130 784/784/784 785/785/785
f 1108/1108/1108 1104/1104/1104 785/785/785 788/788/788
f 1112/1112/1112 1109/1109/1109 1108/1108/1108 1113/1113/1113
f 790/790/790 1113/1113/1113 1108/1108/1108 788/788/788
f 789/789/789 1110/1110/1110 1113/1113/1113 790/790/790
f 793/793/793 1114/1114/1114 1110/1110/1110 789/789/789
f 1119/1119/1119 1118/1118/1118 1115/1115/1115 1114/1114/1114
f 816/816/816 1119/1119/1119 1114/1114/1114 793/793/793
f 816/816/816 832/832/832 1116/1116/1116 1119/1119/1119
f 608/608/608 1131/1131/1131 1015/1015/1015 609/609/609
f 1131/1131/1131 1132/1132/1132 1016/1016/1016 1015/1015/1015
f 1133/1133/1133 1047/1047/1047 1016/1016/1016 1132/1132/1132
f 1134/1134/1134 1044/1044/1044 1047/1047/1047 1133/1133/1133
f 1135/1135/1135 1018/1018/1018 1044/1044/1044 1134/1134/1134
f 1136/1136/1136 1019/1019/1019 1018/1018/1018 1135/1135/1135
f 877/877/877 876/876/876 1019/1019/1019 1136/1136/1136
f 1022/1022/1022 877/877/877 1136/1136/1136 1137/1137/1137
f 1137/1137/1137 1136/1136/1136 1135/1135/1135 1138/1138/1138
f 1023/1023/1023 1022/1022/1022 1137/1137/1137 1139/1139/1139
f 1139/1139/1139 1137/1137/1137 1138/1138/1138 1140/1140/1140
f 932/932/932 1023/1023/1023 1139/1139/1139 933/933/933
f 638/638/638 1141/1141/1141 1131/1131/1131 608/608/608
f 1141/1141/1141 1142/1142/1142 1132/1132/1132 1131/1131/1131
f 1142/1142/1142 1143/1143/1143 1133/1133/1133 1132/1132/1132
f 1144/1144/1144 1134/1134/1134 1133/1133/1133 1143/1143/1143
f 1138/1138/1138 1135/1135/1135 1134/1134/1134 1144/1144/1144
f 1146/1146/1146 1144/1144/1144 1143/1143/1143 1145/1145/1145
f 1140/1140/1140 1138/1138/1138 1144/1144/1144 1146/1146/1146
f 1147/1147/1147 1148/1148/1148 1142/1142/1142 1141/1141/1141
f 1148/1148/1148 1145/1145/1145 1143/1143/1143 1142/1142/1142
f 650/650/650 1147/1147/1147 1141/1141/1141 638/638/638
f 1149/1149/1149 1140/1140/1140 1146/1146/1146 1150/1150/1150
f 933/933/933 1139/1139/1139 1140/1140/1140 1149/1149/1149
f 1150/1150/1150 1146/1146/1146 1145/1145/1145 1151/1151/1151
f 1152/1152/1152 1151/1151/1151 1145/1145/1145 1148/1148/1148
f 1153/1153/1153 1152/1152/1152 1148/1148/1148 1147/1147/1147
f 653/653/653 1153/1153/1153 1147/1147/1147 650/650/650
f 1154/1154/1154 1155/1155/1155 1152/1152/1152 1153/1153/1153
f 652/652/652 1154/1154/1154 1153/1153/1153 653/653/653
f 656/656/656 664/664/664 1154/1154/1154 652/652/652
f 664/664/664 660/660/660 1155/1155/1155 1154/1154/1154
f 1155/1155/1155 1156/1156/1156 1151/1151/1151 1152/1152/1152
f 1156/1156/1156 1157/1157/1157 1150/1150/1150 1151/1151/1151
f 1158/1158/1158 1149/1149/1149 1150/1150/1150 1157/1157/1157
f 771/771/771 933/933/933 1149/1149/1149 1158/1158/1158
f 765/765/765 771/771/771 1158/1158/1158 764/764/764
f 764/764/764 1158/1158/1158 1157/1157/1157 662/662/662
f 659/659/659 662/662/662 1157/1157/1157 1156/1156/1156
f 660/660/660 659/659/659 1156/1156/1156 1155/1155/1155
f 1160/24/1160 24/24/24 23/23/23 1159/23/1159
f 1159/23/1159 23/23/23 25/25/25 1161/25/1161
f 1162/26/1162 26/26/26 24/24/24 1160/24/1160
f 1163/28/1163 28/28/28 26/26/26 1162/26/1162
f 1164/30/1164 30/30/30 28/28/28 1163/28/1163
f 1166/32/1166 32/32/32 35/35/35 1165/35/1165
f 1167/36/1167 36/36/36 32/32/32 1166/32/1166
f 1165/35/1165 35/35/35 42/42/42 1168/42/1168
f 1168/42/1168 42/42/42 48/48/48 1169/48/1169
f 1169/48/1169 48/48/48 55/55/55 1170/55/1170
f 1172/116/1172 116/116/116 115/115/115 1171/115/1171
f 1174/119/1174 119/119/119 118/118/118 1173/118/1173
f 1176/130/1176 130/130/130 129/129/129 1175/129/1175
f 134/134/134 1177/134/1177 1178/131/1178 131/131/131
f 136/136/136 1179/136/1179 1177/134/1177 134/134/134
f 131/131/131 1178/131/1178 1180/141/1180 141/141/141
f 141/141/141 1180/141/1180 1181/142/1181 142/142/142
f 142/142/142 1181/142/1181 1182/144/1182 144/144/144
f 1161/25/1161 25/25/25 172/172/172 1183/172/1183
f 1185/181/1185 181/181/181 184/184/184 1184/184/1184
f 1184/184/1184 184/184/184 186/186/186 1186/186/1186
f 1186/186/1186 186/186/186 192/192/192 1187/192/1187
f 1183/172/1183 172/172/172 204/204/204 1188/204/1188
f 1190/211/1190 211/211/211 212/212/212 1189/212/1189
f 1189/212/1189 212/212/212 220/220/220 1191/220/1191
f 1191/220/1191 220/220/220 226/226/226 1192/226/1192
f 1192/226/1192 226/226/226 231/231/231 1193/231/1193
f 1193/231/1193 231/231/231 236/236/236 1194/236/1194
f 1194/236/1194 236/236/236 240/240/240 1195/240/1195
f 1195/240/1195 240/240/240 243/243/243 1196/243/1196
f 1196/243/1196 243/243/243 244/244/244 1197/244/1197
f 144/144/144 1182/144/1182 1198/282/1198 282/282/282
f 1200/292/1200 292/292/292 293/293/293 1199/293/1199
f 1197/244/1197 244/244/244 292/292/292 1200/292/1200
f 1201/304/1201 304/304/304 30/30/30 1164/30/1164
f 308/308/308 1202/308/1202 1203/309/1203 309/309/309
f 311/311/311 1204/311/1204 1202/308/1202 308/308/308
f 319/319/319 1205/319/1205 1206/320/1206 320/320/320
f 321/321/321 1207/321/1207 1208/322/1208 322/322/322
f 322/322/322 1208/322/1208 1209/325/1209 325/325/325
f 327/327/327 1210/327/1210 1207/321/1207 321/321/321
f 333/333/333 1211/333/1211 1210/327/1210 327/327/327
f 335/335/335 1212/335/1212 1211/333/1211 333/333/333
f 346/346/346 1213/346/1213 1214/347/1214 347/347/347
f 347/347/347 1214/347/1214 1215/348/1215 348/348/348
f 348/348/348 1215/348/1215 1216/351/1216 351/351/351
f 1217/364/1217 364/364/364 304/304/304 1201/304/1201
f 365/365/365 1218/365/1218 1219/366/1219 366/366/366
f 367/367/367 1220/367/1220 1218/365/1218 365/365/365
f 366/366/366 1219/366/1219 1179/136/1179 136/136/136
f 335/335/335 368/368/368 1221/368/1221 1212/335/1212
f 368/368/368 364/364/364 1217/364/1217 1221/368/1221
f 1170/55/1170 55/55/55 385/385/385 1222/385/1222
f 1222/385/1222 385/385/385 386/386/386 1223/386/1223
f 386/386/386 388/388/388 1224/388/1224 1223/386/1223
f 393/393/393 1225/393/1225 1226/390/1226 390/390/390
f 395/395/395 390/390/390 1226/390/1226 1227/395/1227
f 397/397/397 1228/397/1228 1225/393/1225 393/393/393
f 351/351/351 1216/351/1216 1229/398/1229 398/398/398
f 413/413/413 181/181/181 1185/181/1185 1230/413/1230
f 1187/192/1187 192/192/192 414/414/414 1231/414/1231
f 1232/415/1232 415/415/415 36/36/36 1167/36/1167
f 1231/414/1231 414/414/414 415/415/415 1232/415/1232
f 325/325/325 1209/325/1209 1233/422/1233 422/422/422
f 422/422/422 1233/422/1233 1204/311/1204 311/311/311
f 424/424/424 1234/424/1234 1213/346/1213 346/346/346
f 426/426/426 1235/426/1235 1234/424/1234 424/424/424
f 428/428/428 1236/428/1236 1235/426/1235 426/426/426
f 429/429/429 1237/429/1237 1236/428/1236 428/428/428
f 429/429/429 413/413/413 1230/413/1230 1237/429/1237
f 388/388/388 395/395/395 1227/395/1227 1224/388/1224
f 1188/204/1188 204/204/204 211/211/211 1190/211/1190
f 1173/118/1173 118/118/118 130/130/130 1176/130/1176
f 1239/505/1239 505/505/505 503/503/503 1238/503/1238
f 1238/503/1238 503/503/503 116/116/116 1172/116/1172
f 505/505/505 1239/505/1239 1220/367/1220 367/367/367
f 1171/115/1171 115/115/115 119/119/119 1174/119/1174
f 398/398/398 1229/398/1229 1228/397/1228 397/397/397
f 1240/606/1240 1241/607/1241 607/607/607 606/606/606
f 1243/611/1243 611/611/611 610/610/610 1242/610/1242
f 1244/612/1244 1240/606/1240 606/606/606 612/612/612
f 1245/616/1245 1246/613/1246 613/613/613 616/616/616
f 1245/616/1245 616/616/616 619/619/619 1247/619/1247
f 1248/639/1248 639/639/639 611/611/611 1243/611/1243
f 1249/651/1249 651/651/651 639/639/639 1248/639/1248
f 1251/655/1251 655/655/655 654/654/654 1250/654/1250
f 1252/657/1252 657/657/657 655/655/655 1251/655/1251
f 1253/667/1253 667/667/667 657/657/657 1252/657/1252
f 1254/672/1254 672/672/672 667/667/667 1253/667/1253
f 1255/677/1255 677/677/677 672/672/672 1254/672/1254
f 1256/681/1256 681/681/681 677/677/677 1255/677/1255
f 1257/684/1257 684/684/684 681/681/681 1256/681/1256
f 1258/685/1258 685/685/685 684/684/684 1257/684/1257
f 720/720/720 1259/720/1259 1260/721/1260 721/721/721
f 1262/733/1262 733/733/733 732/732/732 1261/732/1261
f 1261/732/1261 732/732/732 685/685/685 1258/685/1258
f 1247/619/1247 619/619/619 734/734/734 1263/734/1263
f 739/739/739 1264/739/1264 1265/736/1265 736/736/736
f 736/736/736 1265/736/1265 1266/741/1266 741/741/741
f 743/743/743 1267/743/1267 1268/744/1268 744/744/744
f 744/744/744 1268/744/1268 1269/746/1269 746/746/746
f 746/746/746 1269/746/1269 1270/749/1270 749/749/749
f 749/749/749 1270/749/1270 1271/751/1271 751/751/751
f 1263/734/1263 734/734/734 760/760/760 1272/760/1272
f 751/751/751 1271/751/1271 1273/762/1273 762/762/762
f 1273/762/1273 1272/760/1272 760/760/760 762/762/762
f 773/773/773 1274/773/1274 1267/743/1267 743/743/743
f 741/741/741 1266/741/1266 1274/773/1274 773/773/773
f 804/804/804 1275/804/1275 1276/801/1276 801/801/801
f 1250/654/1250 654/654/654 651/651/651 1249/651/1249
f 1278/829/1278 829/829/829 828/828/828 1277/828/1277
f 1175/129/1175 129/129/129 829/829/829 1278/829/1278
f 309/309/309 1203/309/1203 1205/319/1205 319/319/319
f 320/320/320 1206/320/1206 1275/804/1275 804/804/804
f 1277/828/1277 828/828/828 849/849/849 1279/849/1279
f 1279/849/1279 849/849/849 851/851/851 1280/851/1280
f 1280/851/1280 851/851/851 853/853/853 1281/853/1281
f 1281/853/1281 853/853/853 855/855/855 1282/855/1282
f 1282/855/1282 855/855/855 857/857/857 1283/857/1283
f 721/721/721 1260/721/1260 1284/858/1284 858/858/858
f 858/858/858 1284/858/1284 1285/860/1285 860/860/860
f 860/860/860 1285/860/1285 1286/863/1286 863/863/863
f 863/863/863 1286/863/1286 1287/864/1287 864/864/864
f 864/864/864 1287/864/1287 1288/866/1288 866/866/866
f 866/866/866 1288/866/1288 1289/868/1289 868/868/868
f 868/868/868 1289/868/1289 1290/870/1290 870/870/870
f 1283/857/1283 857/857/857 870/870/870 1290/870/1290
f 1199/293/1199 293/293/293 733/733/733 1262/733/1262
f 282/282/282 1198/282/1198 1259/720/1259 720/720/720
f 880/880/880 1291/880/1291 1292/881/1292 881/881/881
f 883/883/883 1293/883/1293 1294/884/1294 884/884/884
f 887/887/887 1295/887/1295 1293/883/1293 883/883/883
f 889/889/889 1296/889/1296 1295/887/1295 887/887/887
f 890/890/890 1297/890/1297 1296/889/1296 889/889/889
f 892/892/892 1298/892/1298 1297/890/1297 890/890/890
f 894/894/894 1299/894/1299 1298/892/1298 892/892/892
f 1300/896/1300 1299/894/1299 894/894/894 896/896/896
f 1300/896/1300 896/896/896 898/898/898 1301/898/1301
f 1301/898/1301 898/898/898 900/900/900 1302/900/1302
f 1302/900/1302 900/900/900 902/902/902 1303/902/1303
f 1303/902/1303 902/902/902 904/904/904 1304/904/1304
f 1304/904/1304 904/904/904 906/906/906 1305/906/1305
f 1305/906/1305 906/906/906 908/908/908 1306/908/1306
f 1306/908/1306 908/908/908 910/910/910 1307/910/1307
f 1309/913/1309 913/913/913 912/912/912 1308/912/1308
f 916/916/916 1310/916/1310 1308/912/1308 912/912/912
f 881/881/881 1292/881/1292 1310/916/1310 916/916/916
f 1311/918/1311 918/918/918 913/913/913 1309/913/1309
f 1312/919/1312 919/919/919 918/918/918 1311/918/1311
f 1313/921/1313 921/921/921 919/919/919 1312/919/1312
f 1307/910/1307 910/910/910 921/921/921 1313/921/1313
f 1246/613/1246 1244/612/1244 612/612/612 613/613/613
f 1242/610/1242 610/610/610 607/607/607 1241/607/1241
f 801/801/801 1276/801/1276 1264/739/1264 739/739/739
f 884/884/884 1294/884/1294 1314/1035/1314 1035/1035/1035
f 1035/1035/1035 1314/1035/1314 1291/880/1291 880/880/880
f 1061/1061/1061 1315/1061/1315 1316/1062/1316 1062/1062/1062
f 1062/1062/1062 1316/1062/1316 1317/1064/1317 1064/1064/1064
f 1319/1068/1319 1068/1068/1068 1067/1067/1067 1318/1067/1318
f 1320/1070/1320 1070/1070/1070 1068/1068/1068 1319/1068/1319
f 1322/1074/1322 1074/1074/1074 1073/1073/1073 1321/1073/1321
f 1323/1076/1323 1076/1076/1076 1074/1074/1074 1322/1074/1322
f 1079/1079/1079 1324/1079/1324 1325/1080/1325 1080/1080/1080
f 1085/1085/1085 1326/1085/1326 1327/1082/1327 1082/1082/1082
f 1082/1082/1082 1327/1082/1327 1315/1061/1315 1061/1061/1061
f 1321/1073/1321 1073/1073/1073 1070/1070/1070 1320/1070/1320
f 1324/1079/1324 1079/1079/1079 1076/1076/1076 1323/1076/1323
f 1088/1088/1088 1328/1088/1328 1326/1085/1326 1085/1085/1085
f 1090/1090/1090 1329/1090/1329 1328/1088/1328 1088/1088/1088
f 1092/1092/1092 1330/1092/1330 1329/1090/1329 1090/1090/1090
f 1080/1080/1080 1325/1080/1325 1330/1092/1330 1092/1092/1092
f 1093/1093/1093 1064/1064/1064 1317/1064/1317 1331/1093/1331
f 1318/1067/1318 1067/1067/1067 1093/1093/1093 1331/1093/1331
f 1333/1100/1333 1100/1100/1100 1099/1099/1099 1332/1099/1332
f 1332/1099/1332 1099/1099/1099 1103/1103/1103 1334/1103/1334
f 1335/1105/1335 1336/1106/1336 1106/1106/1106 1105/1105/1105
f 1109/1109/1109 1337/1109/1337 1335/1105/1335 1105/1105/1105
f 1334/1103/1334 1103/1103/1103 1106/1106/1106 1336/1106/1336
f 1111/1111/1111 1338/1111/1338 1339/1112/1339 1112/1112/1112
f 1115/1115/1115 1340/1115/1340 1338/1111/1338 1111/1111/1111
f 1117/1117/1117 1341/1117/1341 1342/1118/1342 1118/1118/1118
f 1121/1121/1121 1343/1121/1343 1341/1117/1341 1117/1117/1117
f 1344/1122/1344 1122/1122/1122 1100/1100/1100 1333/1100/1333
f 1345/1124/1345 1124/1124/1124 1122/1122/1122 1344/1122/1344
f 1124/1124/1124 1345/1124/1345 1343/1121/1343 1121/1121/1121
f 1112/1112/1112 1339/1112/1339 1337/1109/1337 1109/1109/1109
f 1118/1118/1118 1342/1118/1342 1340/1115/1340 1115/1115/1115

# Mesh
g mask4:Mesh1_mask4:Mesh1
usemtl defaultMat
f 1349/1162/1349 1346/1159/1346 1347/1160/1347 1348/1161/1348
f 1346/1159/1346 1351/1164/1351 1350/1163/1350 1347/1160/1347
f 1347/1160/1347 1350/1163/1350 1353/1166/1353 1352/1165/1352
f 1348/1161/1348 1347/1160/1347 1352/1165/1352 1354/1167/1354
f 1350/1163/1350 1355/1168/1355 1356/1169/1356 1353/1166/1353
f 1351/1164/1351 1357/1170/1357 1355/1168/1355 1350/1163/1350
f 1359/1172/1359 1358/1171/1358 1351/1164/1351 1346/1159/1346
f 1358/1171/1358 1360/1173/1360 1357/1170/1357 1351/1164/1351
f 1355/1168/1355 1361/1174/1361 1362/1175/1362 1356/1169/1356
f 1357/1170/1357 1363/1176/1363 1361/1174/1361 1355/1168/1355
f 1357/1170/1357 1360/1173/1360 1364/1177/1364 1363/1176/1363
f 1365/1178/1365 1360/1173/1360 1358/1171/1358 1366/1179/1366
f 1360/1173/1360 1365/1178/1365 1367/1180/1367 1364/1177/1364
f 1364/1177/1364 1160/1182/1369 1159/1181/1368 1363/1176/1363
f 1363/1176/1363 1159/1181/1368 1161/1183/1370 1361/1174/1361
f 1367/1180/1367 1162/1184/1371 1160/1182/1369 1364/1177/1364
f 1368/1185/1372 1163/1186/1373 1162/1184/1371 1367/1180/1367
f 1369/1187/1374 1368/1185/1372 1367/1180/1367 1365/1178/1365
f 1370/1189/1376 1164/1188/1375 1163/1186/1373 1368/1185/1372
f 1372/1191/1378 1166/1192/1379 1165/1193/1380 1371/1190/1377
f 1373/1194/1381 1167/1195/1382 1166/1192/1379 1372/1191/1378
f 1374/1196/1383 1371/1190/1377 1375/1197/1384 1376/1198/1385
f 1377/1199/1386 1372/1191/1378 1371/1190/1377 1374/1196/1383
f 1371/1190/1377 1165/1193/1380 1168/1200/1387 1375/1197/1384
f 1378/1201/1388 1376/1198/1385 1379/1202/1389 1380/1203/1390
f 1381/1204/1391 1374/1196/1383 1376/1198/1385 1378/1201/1388
f 1376/1198/1385 1375/1197/1384 1382/1205/1392 1379/1202/1389
f 1375/1197/1384 1168/1200/1387 1169/1206/1393 1382/1205/1392
f 1383/1207/1394 1380/1203/1390 1384/1208/1395 1385/1209/1396
f 1386/1210/1397 1378/1201/1388 1380/1203/1390 1383/1207/1394
f 1380/1203/1390 1379/1202/1389 1387/1211/1398 1384/1208/1395
f 1379/1202/1389 1382/1205/1392 1388/1212/1399 1387/1211/1398
f 1382/1205/1392 1169/1206/1393 1170/1213/1400 1388/1212/1399
f 1384/1208/1395 1387/1211/1398 1390/1215/1402 1389/1214/1401
f 1385/1209/1396 1384/1208/1395 1389/1214/1401 1391/1216/1403
f 1387/1211/1398 1388/1212/1399 1392/1217/1404 1390/1215/1402
f 1389/1214/1401 1393/1218/1405 1394/1219/1406 1391/1216/1403
f 1390/1215/1402 1395/1220/1407 1393/1218/1405 1389/1214/1401
f 1398/1223/1410 1399/1224/1411 1396/1221/1408 1397/1222/1409
f 1397/1222/1409 1396/1221/1408 1401/1226/1413 1400/1225/1412
f 1402/1227/1414 1397/1222/1409 1400/1225/1412 1403/1228/1415
f 1404/1229/1416 1398/1223/1410 1397/1222/1409 1402/1227/1414
f 1401/1226/1413 1406/1231/1418 1407/1232/1419 1405/1230/1417
f 1400/1225/1412 1401/1226/1413 1405/1230/1417 1408/1233/1420
f 1396/1221/1408 1409/1234/1421 1406/1231/1418 1401/1226/1413
f 1399/1224/1411 1410/1235/1422 1409/1234/1421 1396/1221/1408
f 1411/1236/1423 1412/1237/1424 1410/1235/1422 1399/1224/1411
f 1413/1238/1425 1411/1236/1423 1399/1224/1411 1398/1223/1410
f 1416/1241/1428 1417/1242/1429 1414/1239/1426 1415/1240/1427
f 1415/1240/1427 1414/1239/1426 1419/1244/1431 1418/1243/1430
f 1420/1245/1432 1421/1246/1433 1417/1242/1429 1416/1241/1428
f 1422/1247/1434 1423/1248/1435 1421/1246/1433 1420/1245/1432
f 1403/1228/1415 1400/1225/1412 1408/1233/1420 1424/1249/1436
f 1414/1239/1426 1425/1250/1437 1426/1251/1438 1419/1244/1431
f 1417/1242/1429 1427/1252/1439 1425/1250/1437 1414/1239/1426
f 1421/1246/1433 1428/1253/1440 1427/1252/1439 1417/1242/1429
f 1423/1248/1435 1429/1254/1441 1428/1253/1440 1421/1246/1433
f 1428/1253/1440 1431/1256/1443 1430/1255/1442 1427/1252/1439
f 1427/1252/1439 1430/1255/1442 1432/1257/1444 1425/1250/1437
f 1429/1254/1441 1433/1258/1445 1431/1256/1443 1428/1253/1440
f 1435/1260/1447 1436/1261/1448 1437/1262/1449 1434/1259/1446
f 1438/1263/1450 1435/1260/1447 1434/1259/1446 1439/1264/1451
f 1441/1266/1453 1442/1267/1454 1443/1268/1455 1440/1265/1452
f 1442/1267/1454 1444/1269/1456 1445/1270/1457 1443/1268/1455
f 1447/1273/1460 1172/1274/1461 1171/1271/1458 1446/1272/1459
f 1449/1278/1465 1174/1275/1462 1173/1276/1463 1448/1277/1464
f 1434/1259/1446 1437/1262/1449 1450/1279/1466 1451/1280/1467
f 1443/1268/1455 1445/1270/1457 1452/1281/1468 1440/1265/1452
f 1439/1264/1451 1434/1259/1446 1451/1280/1467 1453/1282/1469
f 1454/1283/1470 1455/1284/1471 1456/1285/1472 1457/1286/1473
f 1455/1284/1471 1176/1287/1474 1175/1288/1475 1456/1285/1472
f 1177/1292/1479 1458/1289/1476 1459/1290/1477 1178/1291/1478
f 1179/1294/1481 1460/1293/1480 1458/1289/1476 1177/1292/1479
f 1460/1293/1480 1462/1296/1483 1461/1295/1482 1458/1289/1476
f 1458/1289/1476 1461/1295/1482 1463/1297/1484 1459/1290/1477
f 1178/1291/1478 1459/1290/1477 1464/1298/1485 1180/1299/1486
f 1180/1299/1486 1464/1298/1485 1465/1300/1487 1181/1301/1488
f 1181/1301/1488 1465/1300/1487 1466/1302/1489 1182/1303/1490
f 1468/1305/1492 1469/1306/1493 1470/1307/1494 1467/1304/1491
f 1418/1243/1430 1419/1244/1431 1469/1306/1493 1468/1305/1492
f 1419/1244/1431 1426/1251/1438 1471/1308/1495 1469/1306/1493
f 1469/1306/1493 1471/1308/1495 1472/1309/1496 1470/1307/1494
f 1475/1312/1499 1476/1313/1500 1473/1310/1497 1474/1311/1498
f 1474/1311/1498 1473/1310/1497 1478/1315/1502 1477/1314/1501
f 1478/1315/1502 1479/1316/1503 1411/1236/1423 1413/1238/1425
f 1477/1314/1501 1478/1315/1502 1413/1238/1425 1480/1317/1504
f 1473/1310/1497 1481/1318/1505 1479/1316/1503 1478/1315/1502
f 1476/1313/1500 1482/1319/1506 1481/1318/1505 1473/1310/1497
f 1482/1319/1506 1348/1161/1348 1354/1167/1354 1483/1320/1507
f 1482/1319/1506 1483/1320/1507 1484/1321/1508 1481/1318/1505
f 1349/1162/1349 1348/1161/1348 1482/1319/1506 1476/1313/1500
f 1486/1323/1510 1487/1324/1511 1488/1325/1512 1485/1322/1509
f 1354/1167/1354 1352/1165/1352 1489/1326/1513 1490/1327/1514
f 1352/1165/1352 1353/1166/1353 1491/1328/1515 1489/1326/1513
f 1353/1166/1353 1356/1169/1356 1492/1329/1516 1491/1328/1515
f 1361/1174/1361 1161/1183/1370 1183/1330/1517 1362/1175/1362
f 1480/1317/1504 1413/1238/1425 1398/1223/1410 1404/1229/1416
f 1479/1316/1503 1493/1331/1518 1412/1237/1424 1411/1236/1423
f 1494/1332/1519 1349/1162/1349 1476/1313/1500 1475/1312/1499
f 1359/1172/1359 1346/1159/1346 1349/1162/1349 1494/1332/1519
f 1496/1334/1521 1359/1172/1359 1494/1332/1519 1495/1333/1520
f 1366/1179/1366 1358/1171/1358 1359/1172/1359 1496/1334/1521
f 1498/1336/1523 1366/1179/1366 1496/1334/1521 1497/1335/1522
f 1369/1187/1374 1365/1178/1365 1366/1179/1366 1498/1336/1523
f 1499/1337/1524 1370/1189/1376 1368/1185/1372 1369/1187/1374
f 1500/1338/1525 1499/1337/1524 1369/1187/1374 1498/1336/1523
f 1501/1339/1526 1502/1340/1527 1185/1341/1528 1184/1342/1529
f 1503/1344/1531 1501/1339/1526 1184/1342/1529 1186/1343/1530
f 1505/1346/1533 1504/1345/1532 1501/1339/1526 1503/1344/1531
f 1504/1345/1532 1506/1347/1534 1502/1340/1527 1501/1339/1526
f 1508/1349/1536 1505/1346/1533 1503/1344/1531 1507/1348/1535
f 1507/1348/1535 1503/1344/1531 1186/1343/1530 1187/1350/1537
f 1510/1352/1539 1511/1353/1540 1509/1351/1538 1506/1347/1534
f 1506/1347/1534 1509/1351/1538 1512/1354/1541 1502/1340/1527
f 1513/1355/1542 1510/1352/1539 1506/1347/1534 1504/1345/1532
f 1514/1356/1543 1513/1355/1542 1504/1345/1532 1505/1346/1533
f 1515/1357/1544 1514/1356/1543 1505/1346/1533 1508/1349/1536
f 1395/1220/1407 1517/1359/1546 1516/1358/1545 1393/1218/1405
f 1393/1218/1405 1516/1358/1545 1518/1360/1547 1394/1219/1406
f 1356/1169/1356 1362/1175/1362 1519/1361/1548 1492/1329/1516
f 1362/1175/1362 1183/1330/1517 1188/1362/1549 1519/1361/1548
f 1487/1324/1511 1520/1363/1550 1521/1364/1551 1488/1325/1512
f 1520/1363/1550 1522/1365/1552 1523/1366/1553 1521/1364/1551
f 1522/1365/1552 1524/1367/1554 1525/1368/1555 1523/1366/1553
f 1524/1367/1554 1190/1369/1556 1189/1370/1557 1525/1368/1555
f 1485/1322/1509 1488/1325/1512 1527/1372/1559 1526/1371/1558
f 1528/1373/1560 1485/1322/1509 1526/1371/1558 1529/1374/1561
f 1488/1325/1512 1521/1364/1551 1530/1375/1562 1527/1372/1559
f 1521/1364/1551 1523/1366/1553 1531/1376/1563 1530/1375/1562
f 1523/1366/1553 1525/1368/1555 1532/1377/1564 1531/1376/1563
f 1525/1368/1555 1189/1370/1557 1191/1378/1565 1532/1377/1564
f 1527/1372/1559 1530/1375/1562 1534/1380/1567 1533/1379/1566
f 1526/1371/1558 1527/1372/1559 1533/1379/1566 1535/1381/1568
f 1530/1375/1562 1531/1376/1563 1536/1382/1569 1534/1380/1567
f 1531/1376/1563 1532/1377/1564 1537/1383/1570 1536/1382/1569
f 1532/1377/1564 1191/1378/1565 1192/1384/1571 1537/1383/1570
f 1534/1380/1567 1536/1382/1569 1539/1386/1573 1538/1385/1572
f 1533/1379/1566 1534/1380/1567 1538/1385/1572 1540/1387/1574
f 1536/1382/1569 1537/1383/1570 1541/1388/1575 1539/1386/1573
f 1537/1383/1570 1192/1384/1571 1193/1389/1576 1541/1388/1575
f 1540/1387/1574 1538/1385/1572 1542/1390/1577 1543/1391/1578
f 1538/1385/1572 1539/1386/1573 1544/1392/1579 1542/1390/1577
f 1539/1386/1573 1541/1388/1575 1545/1393/1580 1544/1392/1579
f 1541/1388/1575 1193/1389/1576 1194/1394/1581 1545/1393/1580
f 1542/1390/1577 1544/1392/1579 1546/1395/1582 1547/1396/1583
f 1544/1392/1579 1545/1393/1580 1548/1397/1584 1546/1395/1582
f 1545/1393/1580 1194/1394/1581 1195/1398/1585 1548/1397/1584
f 1546/1395/1582 1548/1397/1584 1549/1399/1586 1550/1400/1587
f 1548/1397/1584 1195/1398/1585 1196/1401/1588 1549/1399/1586
f 1549/1399/1586 1196/1401/1588 1197/1402/1589 1551/1403/1590
f 1554/1406/1593 1555/1407/1594 1552/1404/1591 1553/1405/1592
f 1555/1407/1594 1557/1409/1596 1556/1408/1595 1552/1404/1591
f 1461/1295/1482 1558/1410/1597 1559/1411/1598 1463/1297/1484
f 1462/1296/1483 1560/1412/1599 1558/1410/1597 1461/1295/1482
f 1560/1412/1599 1561/1413/1600 1562/1414/1601 1558/1410/1597
f 1558/1410/1597 1562/1414/1601 1563/1415/1602 1559/1411/1598
f 1459/1290/1477 1463/1297/1484 1564/1416/1603 1464/1298/1485
f 1463/1297/1484 1559/1411/1598 1565/1417/1604 1564/1416/1603
f 1559/1411/1598 1563/1415/1602 1566/1418/1605 1565/1417/1604
f 1563/1415/1602 1567/1419/1606 1568/1420/1607 1566/1418/1605
f 1562/1414/1601 1569/1421/1608 1567/1419/1606 1563/1415/1602
f 1569/1421/1608 1543/1391/1578 1570/1422/1609 1567/1419/1606
f 1567/1419/1606 1570/1422/1609 1571/1423/1610 1568/1420/1607
f 1464/1298/1485 1564/1416/1603 1572/1424/1611 1465/1300/1487
f 1564/1416/1603 1565/1417/1604 1573/1425/1612 1572/1424/1611
f 1565/1417/1604 1566/1418/1605 1574/1426/1613 1573/1425/1612
f 1566/1418/1605 1568/1420/1607 1575/1427/1614 1574/1426/1613
f 1568/1420/1607 1571/1423/1610 1576/1428/1615 1575/1427/1614
f 1570/1422/1609 1547/1396/1583 1577/1429/1616 1571/1423/1610
f 1571/1423/1610 1577/1429/1616 1578/1430/1617 1576/1428/1615
f 1465/1300/1487 1572/1424/1611 1579/1431/1618 1466/1302/1489
f 1572/1424/1611 1573/1425/1612 1580/1432/1619 1579/1431/1618
f 1573/1425/1612 1574/1426/1613 1581/1433/1620 1580/1432/1619
f 1574/1426/1613 1575/1427/1614 1582/1434/1621 1581/1433/1620
f 1575/1427/1614 1576/1428/1615 1583/1435/1622 1582/1434/1621
f 1576/1428/1615 1578/1430/1617 1584/1436/1623 1583/1435/1622
f 1578/1430/1617 1585/1437/1624 1586/1438/1625 1584/1436/1623
f 1577/1429/1616 1550/1400/1587 1585/1437/1624 1578/1430/1617
f 1550/1400/1587 1549/1399/1586 1551/1403/1590 1585/1437/1624
f 1585/1437/1624 1551/1403/1590 1587/1439/1626 1586/1438/1625
f 1182/1303/1490 1466/1302/1489 1588/1440/1627 1198/1441/1628
f 1466/1302/1489 1579/1431/1618 1589/1442/1629 1588/1440/1627
f 1579/1431/1618 1580/1432/1619 1590/1443/1630 1589/1442/1629
f 1580/1432/1619 1581/1433/1620 1591/1444/1631 1590/1443/1630
f 1581/1433/1620 1582/1434/1621 1592/1445/1632 1591/1444/1631
f 1582/1434/1621 1583/1435/1622 1593/1446/1633 1592/1445/1632
f 1584/1436/1623 1586/1438/1625 1595/1448/1635 1594/1447/1634
f 1586/1438/1625 1587/1439/1626 1596/1449/1636 1595/1448/1635
f 1587/1439/1626 1200/1450/1637 1199/1451/1638 1596/1449/1636
f 1551/1403/1590 1197/1402/1589 1200/1450/1637 1587/1439/1626
f 1597/1452/1639 1373/1194/1381 1372/1191/1378 1377/1199/1386
f 1598/1453/1640 1377/1199/1386 1374/1196/1383 1381/1204/1391
f 1599/1454/1641 1597/1452/1639 1377/1199/1386 1598/1453/1640
f 1601/1456/1643 1599/1454/1641 1598/1453/1640 1600/1455/1642
f 1600/1455/1642 1598/1453/1640 1381/1204/1391 1602/1457/1644
f 1602/1457/1644 1381/1204/1391 1378/1201/1388 1386/1210/1397
f 1604/1459/1646 1601/1456/1643 1600/1455/1642 1603/1458/1645
f 1603/1458/1645 1600/1455/1642 1602/1457/1644 1605/1460/1647
f 1605/1460/1647 1602/1457/1644 1386/1210/1397 1606/1461/1648
f 1607/1463/1650 1201/1462/1649 1164/1188/1375 1370/1189/1376
f 1202/1464/1651 1608/1465/1652 1609/1466/1653 1203/1467/1654
f 1204/1469/1656 1610/1468/1655 1608/1465/1652 1202/1464/1651
f 1610/1468/1655 1612/1471/1658 1611/1470/1657 1608/1465/1652
f 1608/1465/1652 1611/1470/1657 1613/1472/1659 1609/1466/1653
f 1614/1473/1660 1615/1474/1661 1616/1475/1662 1617/1476/1663
f 1205/1477/1664 1614/1473/1660 1617/1476/1663 1206/1478/1665
f 1207/1481/1668 1619/1482/1669 1618/1479/1666 1208/1480/1667
f 1208/1480/1667 1618/1479/1666 1620/1484/1671 1209/1483/1670
f 1210/1485/1672 1621/1486/1673 1619/1482/1669 1207/1481/1668
f 1623/1488/1675 1624/1489/1676 1622/1487/1674 1621/1486/1673
f 1621/1486/1673 1622/1487/1674 1625/1490/1677 1619/1482/1669
f 1211/1491/1678 1623/1488/1675 1621/1486/1673 1210/1485/1672
f 1212/1493/1680 1626/1492/1679 1623/1488/1675 1211/1491/1678
f 1626/1492/1679 1627/1494/1681 1624/1489/1676 1623/1488/1675
f 1426/1251/1438 1628/1495/1682 1629/1496/1683 1471/1308/1495
f 1425/1250/1437 1432/1257/1444 1628/1495/1682 1426/1251/1438
f 1471/1308/1495 1629/1496/1683 1630/1497/1684 1472/1309/1496
f 1631/1498/1685 1632/1499/1686 1633/1500/1687 1634/1501/1688
f 1213/1502/1689 1635/1503/1690 1636/1504/1691 1214/1505/1692
f 1214/1505/1692 1636/1504/1691 1637/1506/1693 1215/1507/1694
f 1215/1507/1694 1637/1506/1693 1638/1508/1695 1216/1509/1696
f 1639/1510/1697 1640/1511/1698 1641/1512/1699 1642/1513/1700
f 1644/1515/1702 1643/1514/1701 1510/1352/1539 1513/1355/1542
f 1643/1514/1701 1500/1338/1525 1511/1353/1540 1510/1352/1539
f 1646/1517/1704 1645/1516/1703 1643/1514/1701 1644/1515/1702
f 1643/1514/1701 1645/1516/1703 1499/1337/1524 1500/1338/1525
f 1647/1518/1705 1644/1515/1702 1513/1355/1542 1514/1356/1543
f 1648/1519/1706 1646/1517/1704 1644/1515/1702 1647/1518/1705
f 1646/1517/1704 1649/1520/1707 1607/1463/1650 1645/1516/1703
f 1645/1516/1703 1607/1463/1650 1370/1189/1376 1499/1337/1524
f 1649/1520/1707 1646/1517/1704 1648/1519/1706 1650/1521/1708
f 1649/1520/1707 1217/1522/1709 1201/1462/1649 1607/1463/1650
f 1500/1338/1525 1498/1336/1523 1497/1335/1522 1511/1353/1540
f 1218/1524/1711 1552/1404/1591 1556/1408/1595 1219/1523/1710
f 1553/1405/1592 1552/1404/1591 1218/1524/1711 1220/1525/1712
f 1219/1523/1710 1556/1408/1595 1460/1293/1480 1179/1294/1481
f 1556/1408/1595 1557/1409/1596 1462/1296/1483 1460/1293/1480
f 1221/1526/1713 1650/1521/1708 1626/1492/1679 1212/1493/1680
f 1626/1492/1679 1650/1521/1708 1648/1519/1706 1627/1494/1681
f 1649/1520/1707 1650/1521/1708 1221/1526/1713 1217/1522/1709
f 1619/1482/1669 1625/1490/1677 1651/1527/1714 1618/1479/1666
f 1625/1490/1677 1652/1528/1715 1604/1459/1646 1651/1527/1714
f 1651/1527/1714 1604/1459/1646 1603/1458/1645 1653/1529/1716
f 1618/1479/1666 1651/1527/1714 1653/1529/1716 1620/1484/1671
f 1622/1487/1674 1654/1530/1717 1652/1528/1715 1625/1490/1677
f 1624/1489/1676 1655/1531/1718 1654/1530/1717 1622/1487/1674
f 1627/1494/1681 1648/1519/1706 1655/1531/1718 1624/1489/1676
f 1611/1470/1657 1656/1532/1719 1657/1533/1720 1613/1472/1659
f 1612/1471/1658 1606/1461/1648 1656/1532/1719 1611/1470/1657
f 1606/1461/1648 1386/1210/1397 1383/1207/1394 1656/1532/1719
f 1656/1532/1719 1383/1207/1394 1385/1209/1396 1657/1533/1720
f 1659/1535/1722 1515/1357/1544 1508/1349/1536 1658/1534/1721
f 1658/1534/1721 1508/1349/1536 1507/1348/1535 1660/1536/1723
f 1658/1534/1721 1660/1536/1723 1662/1538/1725 1661/1537/1724
f 1659/1535/1722 1658/1534/1721 1661/1537/1724 1663/1539/1726
f 1664/1540/1727 1659/1535/1722 1663/1539/1726 1665/1541/1728
f 1666/1542/1729 1515/1357/1544 1659/1535/1722 1664/1540/1727
f 1663/1539/1726 1661/1537/1724 1597/1452/1639 1599/1454/1641
f 1665/1541/1728 1663/1539/1726 1599/1454/1641 1601/1456/1643
f 1648/1519/1706 1647/1518/1705 1666/1542/1729 1655/1531/1718
f 1647/1518/1705 1514/1356/1543 1515/1357/1544 1666/1542/1729
f 1655/1531/1718 1666/1542/1729 1664/1540/1727 1654/1530/1717
f 1654/1530/1717 1664/1540/1727 1665/1541/1728 1652/1528/1715
f 1652/1528/1715 1665/1541/1728 1601/1456/1643 1604/1459/1646
f 1388/1212/1399 1170/1213/1400 1222/1543/1730 1392/1217/1404
f 1222/1543/1730 1223/1544/1731 1667/1545/1732 1392/1217/1404
f 1223/1544/1731 1224/1546/1733 1668/1547/1734 1667/1545/1732
f 1225/1551/1738 1669/1548/1735 1670/1549/1736 1226/1550/1737
f 1227/1553/1740 1226/1550/1737 1670/1549/1736 1671/1552/1739
f 1228/1555/1742 1672/1554/1741 1669/1548/1735 1225/1551/1738
f 1216/1509/1696 1638/1508/1695 1673/1556/1743 1229/1557/1744
f 1675/1559/1746 1528/1373/1560 1529/1374/1561 1674/1558/1745
f 1529/1374/1561 1526/1371/1558 1535/1381/1568 1676/1560/1747
f 1674/1558/1745 1529/1374/1561 1676/1560/1747 1677/1561/1748
f 1677/1561/1748 1676/1560/1747 1561/1413/1600 1560/1412/1599
f 1557/1409/1596 1677/1561/1748 1560/1412/1599 1462/1296/1483
f 1674/1558/1745 1677/1561/1748 1557/1409/1596 1555/1407/1594
f 1676/1560/1747 1535/1381/1568 1678/1562/1749 1561/1413/1600
f 1535/1381/1568 1533/1379/1566 1540/1387/1574 1678/1562/1749
f 1561/1413/1600 1678/1562/1749 1569/1421/1608 1562/1414/1601
f 1678/1562/1749 1540/1387/1574 1543/1391/1578 1569/1421/1608
f 1543/1391/1578 1542/1390/1577 1547/1396/1583 1570/1422/1609
f 1547/1396/1583 1546/1395/1582 1550/1400/1587 1577/1429/1616
f 1675/1559/1746 1674/1558/1745 1555/1407/1594 1554/1406/1593
f 1481/1318/1505 1484/1321/1508 1493/1331/1518 1479/1316/1503
f 1679/1563/1750 1680/1564/1751 1681/1565/1752 1682/1566/1753
f 1683/1567/1754 1679/1563/1750 1682/1566/1753 1684/1568/1755
f 1680/1564/1751 1685/1569/1756 1686/1570/1757 1681/1565/1752
f 1502/1340/1527 1512/1354/1541 1230/1571/1758 1185/1341/1528
f 1660/1536/1723 1507/1348/1535 1187/1350/1537 1231/1572/1759
f 1662/1538/1725 1232/1573/1760 1167/1195/1382 1373/1194/1381
f 1660/1536/1723 1231/1572/1759 1232/1573/1760 1662/1538/1725
f 1661/1537/1724 1662/1538/1725 1373/1194/1381 1597/1452/1639
f 1685/1569/1756 1687/1574/1761 1688/1575/1762 1686/1570/1757
f 1689/1576/1763 1683/1567/1754 1684/1568/1755 1690/1577/1764
f 1615/1474/1661 1689/1576/1763 1690/1577/1764 1616/1475/1662
f 1653/1529/1716 1603/1458/1645 1605/1460/1647 1691/1578/1765
f 1691/1578/1765 1605/1460/1647 1606/1461/1648 1612/1471/1658
f 1692/1579/1766 1691/1578/1765 1612/1471/1658 1610/1468/1655
f 1620/1484/1671 1653/1529/1716 1691/1578/1765 1692/1579/1766
f 1209/1483/1670 1620/1484/1671 1692/1579/1766 1233/1580/1767
f 1233/1580/1767 1692/1579/1766 1610/1468/1655 1204/1469/1656
f 1640/1511/1698 1631/1498/1685 1634/1501/1688 1641/1512/1699
f 1234/1582/1769 1693/1581/1768 1635/1503/1690 1213/1502/1689
f 1235/1584/1771 1694/1583/1770 1693/1581/1768 1234/1582/1769
f 1236/1585/1772 1695/1586/1773 1694/1583/1770 1235/1584/1771
f 1696/1588/1775 1695/1586/1773 1236/1585/1772 1237/1587/1774
f 1512/1354/1541 1696/1588/1775 1237/1587/1774 1230/1571/1758
f 1224/1546/1733 1227/1553/1740 1671/1552/1739 1668/1547/1734
f 1697/1589/1776 1698/1590/1777 1695/1586/1773 1696/1588/1775
f 1509/1351/1538 1697/1589/1776 1696/1588/1775 1512/1354/1541
f 1695/1586/1773 1698/1590/1777 1699/1591/1778 1694/1583/1770
f 1694/1583/1770 1699/1591/1778 1700/1592/1779 1693/1581/1768
f 1693/1581/1768 1700/1592/1779 1701/1593/1780 1635/1503/1690
f 1636/1504/1691 1702/1594/1781 1703/1595/1782 1637/1506/1693
f 1635/1503/1690 1701/1593/1780 1702/1594/1781 1636/1504/1691
f 1637/1506/1693 1703/1595/1782 1704/1596/1783 1638/1508/1695
f 1638/1508/1695 1704/1596/1783 1705/1597/1784 1673/1556/1743
f 1672/1554/1741 1706/1598/1785 1707/1599/1786 1669/1548/1735
f 1669/1548/1735 1707/1599/1786 1708/1600/1787 1670/1549/1736
f 1670/1549/1736 1708/1600/1787 1709/1601/1788 1671/1552/1739
f 1668/1547/1734 1671/1552/1739 1709/1601/1788 1710/1602/1789
f 1667/1545/1732 1668/1547/1734 1710/1602/1789 1395/1220/1407
f 1392/1217/1404 1667/1545/1732 1395/1220/1407 1390/1215/1402
f 1511/1353/1540 1497/1335/1522 1697/1589/1776 1509/1351/1538
f 1497/1335/1522 1496/1334/1521 1495/1333/1520 1697/1589/1776
f 1495/1333/1520 1494/1332/1519 1475/1312/1499 1711/1603/1790
f 1697/1589/1776 1495/1333/1520 1711/1603/1790 1698/1590/1777
f 1711/1603/1790 1475/1312/1499 1474/1311/1498 1712/1604/1791
f 1698/1590/1777 1711/1603/1790 1712/1604/1791 1699/1591/1778
f 1699/1591/1778 1712/1604/1791 1713/1605/1792 1700/1592/1779
f 1712/1604/1791 1474/1311/1498 1477/1314/1501 1713/1605/1792
f 1700/1592/1779 1713/1605/1792 1714/1606/1793 1701/1593/1780
f 1701/1593/1780 1714/1606/1793 1715/1607/1794 1702/1594/1781
f 1702/1594/1781 1715/1607/1794 1716/1608/1795 1703/1595/1782
f 1703/1595/1782 1716/1608/1795 1717/1609/1796 1704/1596/1783
f 1704/1596/1783 1717/1609/1796 1718/1610/1797 1705/1597/1784
f 1707/1599/1786 1719/1611/1798 1720/1612/1799 1708/1600/1787
f 1706/1598/1785 1721/1613/1800 1719/1611/1798 1707/1599/1786
f 1713/1605/1792 1477/1314/1501 1480/1317/1504 1714/1606/1793
f 1714/1606/1793 1480/1317/1504 1404/1229/1416 1715/1607/1794
f 1715/1607/1794 1404/1229/1416 1402/1227/1414 1716/1608/1795
f 1716/1608/1795 1402/1227/1414 1403/1228/1415 1717/1609/1796
f 1717/1609/1796 1403/1228/1415 1424/1249/1436 1718/1610/1797
f 1721/1613/1800 1422/1247/1434 1420/1245/1432 1719/1611/1798
f 1719/1611/1798 1420/1245/1432 1416/1241/1428 1720/1612/1799
f 1720/1612/1799 1416/1241/1428 1415/1240/1427 1722/1614/1801
f 1722/1614/1801 1415/1240/1427 1418/1243/1430 1723/1615/1802
f 1708/1600/1787 1720/1612/1799 1722/1614/1801 1709/1601/1788
f 1709/1601/1788 1722/1614/1801 1723/1615/1802 1724/1616/1803
f 1710/1602/1789 1709/1601/1788 1724/1616/1803 1725/1617/1804
f 1395/1220/1407 1710/1602/1789 1725/1617/1804 1517/1359/1546
f 1728/1620/1807 1729/1621/1808 1726/1618/1805 1727/1619/1806
f 1432/1257/1444 1731/1623/1810 1730/1622/1809 1628/1495/1682
f 1430/1255/1442 1732/1624/1811 1731/1623/1810 1432/1257/1444
f 1430/1255/1442 1734/1626/1813 1733/1625/1812 1732/1624/1811
f 1736/1628/1815 1737/1629/1816 1738/1630/1817 1735/1627/1814
f 1737/1629/1816 1739/1631/1818 1740/1632/1819 1738/1630/1817
f 1742/1634/1821 1743/1635/1822 1744/1636/1823 1741/1633/1820
f 1741/1633/1820 1744/1636/1823 1746/1638/1825 1745/1637/1824
f 1745/1637/1824 1746/1638/1825 1747/1639/1826 1748/1640/1827
f 1732/1624/1811 1733/1625/1812 1749/1641/1828 1750/1642/1829
f 1735/1627/1814 1738/1630/1817 1752/1644/1831 1751/1643/1830
f 1753/1645/1832 1742/1634/1821 1741/1633/1820 1754/1646/1833
f 1754/1646/1833 1741/1633/1820 1745/1637/1824 1755/1647/1834
f 1740/1632/1819 1739/1631/1818 1743/1635/1822 1742/1634/1821
f 1738/1630/1817 1740/1632/1819 1756/1648/1835 1752/1644/1831
f 1756/1648/1835 1740/1632/1819 1742/1634/1821 1753/1645/1832
f 1438/1263/1450 1439/1264/1451 1739/1631/1818 1737/1629/1816
f 1516/1358/1545 1757/1649/1836 1758/1650/1837 1518/1360/1547
f 1724/1616/1803 1723/1615/1802 1759/1651/1838 1760/1652/1839
f 1723/1615/1802 1418/1243/1430 1468/1305/1492 1759/1651/1838
f 1725/1617/1804 1724/1616/1803 1760/1652/1839 1757/1649/1836
f 1517/1359/1546 1725/1617/1804 1757/1649/1836 1516/1358/1545
f 1760/1652/1839 1759/1651/1838 1761/1653/1840 1762/1654/1841
f 1759/1651/1838 1468/1305/1492 1467/1304/1491 1761/1653/1840
f 1757/1649/1836 1760/1652/1839 1762/1654/1841 1758/1650/1837
f 1763/1655/1842 1764/1656/1843 1765/1657/1844 1766/1658/1845
f 1764/1656/1843 1639/1510/1697 1642/1513/1700 1765/1657/1844
f 1687/1574/1761 1763/1655/1842 1766/1658/1845 1688/1575/1762
f 1453/1282/1469 1451/1280/1467 1448/1277/1464 1767/1659/1846
f 1450/1279/1466 1449/1278/1465 1448/1277/1464 1451/1280/1467
f 1445/1270/1457 1447/1273/1460 1446/1272/1459 1452/1281/1468
f 1444/1269/1456 1768/1660/1847 1447/1273/1460 1445/1270/1457
f 1490/1327/1514 1489/1326/1513 1487/1324/1511 1486/1323/1510
f 1489/1326/1513 1491/1328/1515 1520/1363/1550 1487/1324/1511
f 1491/1328/1515 1492/1329/1516 1522/1365/1552 1520/1363/1550
f 1492/1329/1516 1519/1361/1548 1524/1367/1554 1522/1365/1552
f 1519/1361/1548 1188/1362/1549 1190/1369/1556 1524/1367/1554
f 1739/1631/1818 1439/1264/1451 1453/1282/1469 1743/1635/1822
f 1743/1635/1822 1453/1282/1469 1767/1659/1846 1744/1636/1823
f 1448/1277/1464 1173/1276/1463 1176/1287/1474 1455/1284/1471
f 1767/1659/1846 1448/1277/1464 1455/1284/1471 1454/1283/1470
f 1744/1636/1823 1767/1659/1846 1454/1283/1470 1746/1638/1825
f 1746/1638/1825 1454/1283/1470 1457/1286/1473 1747/1639/1826
f 1768/1660/1847 1769/1661/1848 1238/1662/1849
f 1238/1662/1849 1769/1661/1848 1239/1663/1850
f 1239/1663/1850 1769/1661/1848 1770/1664/1851
f 1770/1664/1851 1769/1661/1848 1771/1665/1852
f 1771/1665/1852 1769/1661/1848 1768/1660/1847
f 1768/1660/1847 1238/1662/1849 1172/1274/1461 1447/1273/1460
f 1772/1666/1853 1771/1665/1852 1768/1660/1847 1444/1269/1456
f 1772/1666/1853 1773/1667/1854 1770/1664/1851 1771/1665/1852
f 1774/1668/1855 1775/1669/1856 1776/1670/1857 1777/1671/1858
f 1778/1672/1859 1779/1673/1860 1780/1674/1861 1781/1675/1862
f 1783/1677/1864 1778/1672/1859 1781/1675/1862 1782/1676/1863
f 1787/1681/1868 1784/1678/1865 1785/1679/1866 1786/1680/1867
f 1789/1683/1870 1788/1682/1869 1787/1681/1868 1786/1680/1867
f 1793/1687/1874 1790/1684/1871 1791/1685/1872 1792/1686/1873
f 1797/1691/1878 1794/1688/1875 1795/1689/1876 1796/1690/1877
f 1797/1691/1878 1798/1692/1879 1799/1693/1880 1794/1688/1875
f 1490/1327/1514 1486/1323/1510 1801/1695/1882 1800/1694/1881
f 1796/1690/1877 1795/1689/1876 1790/1684/1871 1793/1687/1874
f 1431/1256/1443 1802/1696/1883 1734/1626/1813 1430/1255/1442
f 1803/1697/1884 1438/1263/1450 1737/1629/1816 1736/1628/1815
f 1804/1698/1885 1772/1666/1853 1444/1269/1456 1442/1267/1454
f 1779/1673/1860 1805/1699/1886 1806/1700/1887 1780/1674/1861
f 1807/1701/1888 1773/1667/1854 1772/1666/1853 1804/1698/1885
f 1808/1702/1889 1804/1698/1885 1442/1267/1454 1441/1266/1453
f 1811/1705/1892 1812/1706/1893 1809/1703/1890 1810/1704/1891
f 1810/1704/1891 1809/1703/1890 1438/1263/1450 1803/1697/1884
f 1433/1258/1445 1813/1707/1894 1802/1696/1883 1431/1256/1443
f 1817/1711/1898 1814/1708/1895 1815/1709/1896 1816/1710/1897
f 1819/1713/1900 1816/1710/1897 1815/1709/1896 1818/1712/1899
f 1820/1714/1901 1821/1715/1902 1816/1710/1897 1819/1713/1900
f 1823/1717/1904 1824/1718/1905 1825/1719/1906 1822/1716/1903
f 1826/1720/1907 1827/1721/1908 1824/1718/1905 1823/1717/1904
f 1821/1715/1902 1828/1722/1909 1817/1711/1898 1816/1710/1897
f 1824/1718/1905 1830/1724/1911 1829/1723/1910 1825/1719/1906
f 1828/1722/1909 1831/1725/1912 1814/1708/1895 1817/1711/1898
f 1830/1724/1911 1832/1726/1913 1833/1727/1914 1829/1723/1910
f 1827/1721/1908 1834/1728/1915 1830/1724/1911 1824/1718/1905
f 1834/1728/1915 1835/1729/1916 1832/1726/1913 1830/1724/1911
f 1826/1720/1907 1836/1730/1917 1834/1728/1915 1827/1721/1908
f 1836/1730/1917 1837/1731/1918 1835/1729/1916 1834/1728/1915
f 1839/1733/1920 1774/1668/1855 1777/1671/1858 1838/1732/1919
f 1840/1734/1921 1841/1735/1922 1805/1699/1886 1779/1673/1860
f 1842/1736/1923 1840/1734/1921 1779/1673/1860 1778/1672/1859
f 1843/1737/1924 1842/1736/1923 1778/1672/1859 1783/1677/1864
f 1787/1681/1868 1819/1713/1900 1818/1712/1899 1784/1678/1865
f 1788/1682/1869 1820/1714/1901 1819/1713/1900 1787/1681/1868
f 1790/1684/1871 1823/1717/1904 1822/1716/1903 1791/1685/1872
f 1795/1689/1876 1826/1720/1907 1823/1717/1904 1790/1684/1871
f 1795/1689/1876 1794/1688/1875 1836/1730/1917 1826/1720/1907
f 1794/1688/1875 1799/1693/1880 1837/1731/1918 1836/1730/1917
f 1800/1694/1881 1801/1695/1882 1844/1738/1925 1845/1739/1926
f 1846/1740/1927 1735/1627/1814 1751/1643/1830 1847/1741/1928
f 1848/1742/1929 1736/1628/1815 1735/1627/1814 1846/1740/1927
f 1849/1743/1930 1803/1697/1884 1736/1628/1815 1848/1742/1929
f 1850/1744/1931 1810/1704/1891 1803/1697/1884 1849/1743/1930
f 1851/1745/1932 1811/1705/1892 1810/1704/1891 1850/1744/1931
f 1784/1678/1865 1783/1677/1864 1782/1676/1863 1785/1679/1866
f 1818/1712/1899 1843/1737/1924 1783/1677/1864 1784/1678/1865
f 1815/1709/1896 1842/1736/1923 1843/1737/1924 1818/1712/1899
f 1814/1708/1895 1840/1734/1921 1842/1736/1923 1815/1709/1896
f 1831/1725/1912 1841/1735/1922 1840/1734/1921 1814/1708/1895
f 1832/1726/1913 1839/1733/1920 1838/1732/1919 1833/1727/1914
f 1835/1729/1916 1852/1746/1933 1839/1733/1920 1832/1726/1913
f 1837/1731/1918 1845/1739/1926 1852/1746/1933 1835/1729/1916
f 1799/1693/1880 1800/1694/1881 1845/1739/1926 1837/1731/1918
f 1798/1692/1879 1490/1327/1514 1800/1694/1881 1799/1693/1880
f 1852/1746/1933 1853/1747/1934 1774/1668/1855 1839/1733/1920
f 1852/1746/1933 1845/1739/1926 1854/1748/1935 1853/1747/1934
f 1853/1747/1934 1854/1748/1935 1775/1669/1856 1774/1668/1855
f 1845/1739/1926 1844/1738/1925 1855/1749/1936 1854/1748/1935
f 1854/1748/1935 1855/1749/1936 1856/1750/1937 1775/1669/1856
f 1775/1669/1856 1856/1750/1937 1857/1751/1938 1776/1670/1857
f 1806/1700/1887 1807/1701/1888 1804/1698/1885 1780/1674/1861
f 1781/1675/1862 1780/1674/1861 1804/1698/1885 1808/1702/1889
f 1809/1703/1890 1858/1752/1939 1435/1260/1447 1438/1263/1450
f 1858/1752/1939 1859/1753/1940 1436/1261/1448 1435/1260/1447
f 1812/1706/1893 1859/1753/1940 1858/1752/1939 1809/1703/1890
f 1856/1750/1937 1675/1559/1746 1554/1406/1593 1857/1751/1938
f 1855/1749/1936 1844/1738/1925 1675/1559/1746 1856/1750/1937
f 1844/1738/1925 1801/1695/1882 1528/1373/1560 1675/1559/1746
f 1801/1695/1882 1486/1323/1510 1485/1322/1509 1528/1373/1560
f 1483/1320/1507 1354/1167/1354 1490/1327/1514 1798/1692/1879
f 1483/1320/1507 1798/1692/1879 1797/1691/1878 1484/1321/1508
f 1484/1321/1508 1797/1691/1878 1796/1690/1877 1493/1331/1518
f 1493/1331/1518 1796/1690/1877 1793/1687/1874 1412/1237/1424
f 1412/1237/1424 1793/1687/1874 1792/1686/1873 1410/1235/1422
f 1770/1664/1851 1553/1405/1592 1220/1525/1712 1239/1663/1850
f 1773/1667/1854 1554/1406/1593 1553/1405/1592 1770/1664/1851
f 1857/1751/1938 1554/1406/1593 1773/1667/1854 1807/1701/1888
f 1776/1670/1857 1857/1751/1938 1807/1701/1888 1806/1700/1887
f 1777/1671/1858 1776/1670/1857 1806/1700/1887 1805/1699/1886
f 1838/1732/1919 1777/1671/1858 1805/1699/1886 1841/1735/1922
f 1833/1727/1914 1838/1732/1919 1841/1735/1922 1831/1725/1912
f 1829/1723/1910 1833/1727/1914 1831/1725/1912 1828/1722/1909
f 1825/1719/1906 1829/1723/1910 1828/1722/1909 1821/1715/1902
f 1822/1716/1903 1825/1719/1906 1821/1715/1902 1820/1714/1901
f 1791/1685/1872 1822/1716/1903 1820/1714/1901 1788/1682/1869
f 1792/1686/1873 1791/1685/1872 1788/1682/1869 1789/1683/1870
f 1410/1235/1422 1792/1686/1873 1789/1683/1870 1409/1234/1421
f 1409/1234/1421 1789/1683/1870 1786/1680/1867 1406/1231/1418
f 1446/1272/1459 1171/1271/1458 1174/1275/1462 1449/1278/1465
f 1452/1281/1468 1446/1272/1459 1449/1278/1465 1450/1279/1466
f 1440/1265/1452 1452/1281/1468 1450/1279/1466 1437/1262/1449
f 1436/1261/1448 1441/1266/1453 1440/1265/1452 1437/1262/1449
f 1859/1753/1940 1808/1702/1889 1441/1266/1453 1436/1261/1448
f 1781/1675/1862 1808/1702/1889 1859/1753/1940 1812/1706/1893
f 1782/1676/1863 1781/1675/1862 1812/1706/1893 1811/1705/1892
f 1785/1679/1866 1782/1676/1863 1811/1705/1892 1851/1745/1932
f 1733/1625/1812 1846/1740/1927 1847/1741/1928 1749/1641/1828
f 1734/1626/1813 1848/1742/1929 1846/1740/1927 1733/1625/1812
f 1802/1696/1883 1849/1743/1930 1848/1742/1929 1734/1626/1813
f 1813/1707/1894 1850/1744/1931 1849/1743/1930 1802/1696/1883
f 1406/1231/1418 1786/1680/1867 1860/1754/1941 1407/1232/1419
f 1229/1557/1744 1673/1556/1743 1672/1554/1741 1228/1555/1742
f 1673/1556/1743 1705/1597/1784 1706/1598/1785 1672/1554/1741
f 1705/1597/1784 1718/1610/1797 1721/1613/1800 1706/1598/1785
f 1718/1610/1797 1424/1249/1436 1422/1247/1434 1721/1613/1800
f 1424/1249/1436 1408/1233/1420 1423/1248/1435 1422/1247/1434
f 1408/1233/1420 1405/1230/1417 1429/1254/1441 1423/1248/1435
f 1405/1230/1417 1407/1232/1419 1433/1258/1445 1429/1254/1441
f 1407/1232/1419 1860/1754/1941 1813/1707/1894 1433/1258/1445
f 1786/1680/1867 1785/1679/1866 1851/1745/1932 1860/1754/1941
f 1860/1754/1941 1851/1745/1932 1850/1744/1931 1813/1707/1894
f 1862/1756/1943 1863/1757/1944 1864/1758/1945 1861/1755/1942
f 1865/1759/1946 1866/1760/1947 1863/1757/1944 1862/1756/1943
f 1863/1757/1944 1867/1761/1948 1868/1762/1949 1864/1758/1945
f 1866/1760/1947 1869/1763/1950 1867/1761/1948 1863/1757/1944
f 1865/1759/1946 1241/1764/1951 1240/1765/1952 1866/1760/1947
f 1871/1768/1955 1243/1769/1956 1242/1766/1953 1870/1767/1954
f 1240/1765/1952 1244/1770/1957 1869/1763/1950 1866/1760/1947
f 1873/1772/1959 1246/1773/1960 1245/1774/1961 1872/1771/1958
f 1874/1775/1962 1873/1772/1959 1872/1771/1958 1875/1776/1963
f 1872/1771/1958 1245/1774/1961 1247/1777/1964 1876/1778/1965
f 1878/1780/1967 1879/1781/1968 1880/1782/1969 1877/1779/1966
f 1881/1783/1970 1882/1784/1971 1879/1781/1968 1878/1780/1967
f 1882/1784/1971 1884/1786/1973 1883/1785/1972 1879/1781/1968
f 1879/1781/1968 1883/1785/1972 1885/1787/1974 1880/1782/1969
f 1883/1785/1972 1887/1789/1976 1886/1788/1975 1885/1787/1974
f 1890/1792/1979 1891/1793/1980 1888/1790/1977 1889/1791/1978
f 1889/1791/1978 1888/1790/1977 1882/1784/1971 1881/1783/1970
f 1888/1790/1977 1892/1794/1981 1884/1786/1973 1882/1784/1971
f 1891/1793/1980 1893/1795/1982 1892/1794/1981 1888/1790/1977
f 1894/1796/1983 1248/1797/1984 1243/1769/1956 1871/1768/1955
f 1895/1798/1985 1896/1799/1986 1874/1775/1962 1875/1776/1963
f 1875/1776/1963 1872/1771/1958 1876/1778/1965 1897/1800/1987
f 1898/1801/1988 1895/1798/1985 1875/1776/1963 1897/1800/1987
f 1900/1803/1990 1901/1804/1991 1902/1805/1992 1899/1802/1989
f 1903/1806/1993 1904/1807/1994 1901/1804/1991 1900/1803/1990
f 1905/1808/1995 1249/1809/1996 1248/1797/1984 1894/1796/1983
f 1907/1812/1999 1251/1813/2000 1250/1810/1997 1906/1811/1998
f 1908/1814/2001 1252/1815/2002 1251/1813/2000 1907/1812/1999
f 1911/1818/2005 1912/1819/2006 1909/1816/2003 1910/1817/2004
f 1914/1821/2008 1911/1818/2005 1910/1817/2004 1913/1820/2007
f 1912/1819/2006 1916/1823/2010 1915/1822/2009 1909/1816/2003
f 1916/1823/2010 1917/1824/2011 1908/1814/2001 1915/1822/2009
f 1917/1824/2011 1253/1825/2012 1252/1815/2002 1908/1814/2001
f 1918/1826/2013 1919/1827/2014 1916/1823/2010 1912/1819/2006
f 1920/1828/2015 1918/1826/2013 1912/1819/2006 1911/1818/2005
f 1919/1827/2014 1921/1829/2016 1917/1824/2011 1916/1823/2010
f 1921/1829/2016 1254/1830/2017 1253/1825/2012 1917/1824/2011
f 1923/1832/2019 1922/1831/2018 1918/1826/2013 1920/1828/2015
f 1922/1831/2018 1924/1833/2020 1919/1827/2014 1918/1826/2013
f 1924/1833/2020 1925/1834/2021 1921/1829/2016 1919/1827/2014
f 1925/1834/2021 1255/1835/2022 1254/1830/2017 1921/1829/2016
f 1927/1837/2024 1926/1836/2023 1924/1833/2020 1922/1831/2018
f 1926/1836/2023 1928/1838/2025 1925/1834/2021 1924/1833/2020
f 1928/1838/2025 1256/1839/2026 1255/1835/2022 1925/1834/2021
f 1930/1841/2028 1929/1840/2027 1928/1838/2025 1926/1836/2023
f 1929/1840/2027 1257/1842/2029 1256/1839/2026 1928/1838/2025
f 1931/1844/2031 1258/1843/2030 1257/1842/2029 1929/1840/2027
f 1934/1847/2034 1935/1848/2035 1932/1845/2032 1933/1846/2033
f 1933/1846/2033 1932/1845/2032 1937/1850/2037 1936/1849/2036
f 1932/1845/2032 1938/1851/2038 1939/1852/2039 1937/1850/2037
f 1935/1848/2035 1940/1853/2040 1938/1851/2038 1932/1845/2032
f 1941/1854/2041 1942/1855/2042 1935/1848/2035 1934/1847/2034
f 1942/1855/2042 1943/1856/2043 1940/1853/2040 1935/1848/2035
f 1943/1856/2043 1945/1858/2045 1944/1857/2044 1940/1853/2040
f 1940/1853/2040 1944/1857/2044 1946/1859/2046 1938/1851/2038
f 1944/1857/2044 1947/1860/2047 1923/1832/2019 1946/1859/2046
f 1945/1858/2045 1948/1861/2048 1947/1860/2047 1944/1857/2044
f 1949/1862/2049 1950/1863/2050 1942/1855/2042 1941/1854/2041
f 1950/1863/2050 1951/1864/2051 1943/1856/2043 1942/1855/2042
f 1951/1864/2051 1952/1865/2052 1945/1858/2045 1943/1856/2043
f 1952/1865/2052 1953/1866/2053 1948/1861/2048 1945/1858/2045
f 1948/1861/2048 1954/1867/2054 1927/1837/2024 1947/1860/2047
f 1953/1866/2053 1955/1868/2055 1954/1867/2054 1948/1861/2048
f 1956/1869/2056 1957/1870/2057 1950/1863/2050 1949/1862/2049
f 1957/1870/2057 1958/1871/2058 1951/1864/2051 1950/1863/2050
f 1958/1871/2058 1959/1872/2059 1952/1865/2052 1951/1864/2051
f 1959/1872/2059 1960/1873/2060 1953/1866/2053 1952/1865/2052
f 1960/1873/2060 1961/1874/2061 1955/1868/2055 1953/1866/2053
f 1961/1874/2061 1963/1876/2063 1962/1875/2062 1955/1868/2055
f 1955/1868/2055 1962/1875/2062 1930/1841/2028 1954/1867/2054
f 1962/1875/2062 1931/1844/2031 1929/1840/2027 1930/1841/2028
f 1963/1876/2063 1964/1877/2064 1931/1844/2031 1962/1875/2062
f 1259/1880/2067 1966/1881/2068 1965/1878/2065 1260/1879/2066
f 1966/1881/2068 1967/1882/2069 1956/1869/2056 1965/1878/2065
f 1967/1882/2069 1968/1883/2070 1957/1870/2057 1956/1869/2056
f 1968/1883/2070 1969/1884/2071 1958/1871/2058 1957/1870/2057
f 1969/1884/2071 1970/1885/2072 1959/1872/2059 1958/1871/2058
f 1970/1885/2072 1971/1886/2073 1960/1873/2060 1959/1872/2059
f 1972/1887/2074 1973/1888/2075 1963/1876/2063 1961/1874/2061
f 1973/1888/2075 1974/1889/2076 1964/1877/2064 1963/1876/2063
f 1974/1889/2076 1262/1891/2078 1261/1890/2077 1964/1877/2064
f 1964/1877/2064 1261/1890/2077 1258/1843/2030 1931/1844/2031
f 1876/1778/1965 1247/1777/1964 1263/1892/2079 1975/1893/2080
f 1264/1897/2084 1976/1894/2081 1977/1895/2082 1265/1896/2083
f 1265/1896/2083 1977/1895/2082 1978/1898/2085 1266/1899/2086
f 1267/1901/2088 1979/1902/2089 1980/1903/2090 1268/1900/2087
f 1268/1900/2087 1980/1903/2090 1981/1905/2092 1269/1904/2091
f 1269/1904/2091 1981/1905/2092 1982/1906/2093 1270/1907/2094
f 1270/1907/2094 1982/1906/2093 1983/1908/2095 1271/1909/2096
f 1892/1794/1981 1985/1911/2098 1984/1910/2097 1884/1786/1973
f 1884/1786/1973 1984/1910/2097 1887/1789/1976 1883/1785/1972
f 1893/1795/1982 1986/1912/2099 1985/1911/2098 1892/1794/1981
f 1987/1913/2100 1988/1914/2101 1986/1912/2099 1893/1795/1982
f 1898/1801/1988 1897/1800/1987 1989/1915/2102 1990/1916/2103
f 1897/1800/1987 1876/1778/1965 1975/1893/2080 1989/1915/2102
f 1975/1893/2080 1263/1892/2079 1272/1918/2105 1991/1917/2104
f 1271/1909/2096 1983/1908/2095 1992/1919/2106 1273/1920/2107
f 1992/1919/2106 1991/1917/2104 1272/1918/2105 1273/1920/2107
f 1994/1922/2109 1914/1821/2008 1913/1820/2007 1993/1921/2108
f 1996/1924/2111 1994/1922/2109 1993/1921/2108 1995/1923/2110
f 1937/1850/2037 1939/1852/2039 1994/1922/2109 1996/1924/2111
f 1936/1849/2036 1937/1850/2037 1996/1924/2111 1997/1925/2112
f 1998/1926/2113 1997/1925/2112 1996/1924/2111 1995/1923/2110
f 1939/1852/2039 1999/1927/2114 1914/1821/2008 1994/1922/2109
f 1999/1927/2114 1920/1828/2015 1911/1818/2005 1914/1821/2008
f 1938/1851/2038 1946/1859/2046 1999/1927/2114 1939/1852/2039
f 1946/1859/2046 1923/1832/2019 1920/1828/2015 1999/1927/2114
f 1947/1860/2047 1927/1837/2024 1922/1831/2018 1923/1832/2019
f 1954/1867/2054 1930/1841/2028 1926/1836/2023 1927/1837/2024
f 2001/1929/2116 1998/1926/2113 1995/1923/2110 2000/1928/2115
f 1274/1931/2118 2002/1930/2117 1979/1902/2089 1267/1901/2088
f 1266/1899/2086 1978/1898/2085 2002/1930/2117 1274/1931/2118
f 2004/1933/2120 1878/1780/1967 1877/1779/1966 2003/1932/2119
f 2005/1934/2121 1881/1783/1970 1878/1780/1967 2004/1933/2120
f 2007/1936/2123 2004/1933/2120 2003/1932/2119 2006/1935/2122
f 2008/1937/2124 2005/1934/2121 2004/1933/2120 2007/1936/2123
f 2010/1939/2126 2008/1937/2124 2007/1936/2123 2009/1938/2125
f 1902/1805/1992 2010/1939/2126 2009/1938/2125 1899/1802/1989
f 1984/1910/2097 2011/1940/2127 2012/1941/2128 1887/1789/1976
f 1887/1789/1976 2012/1941/2128 2013/1942/2129 1886/1788/1975
f 2013/1942/2129 2014/1943/2130 2015/1944/2131 1886/1788/1975
f 2014/1943/2130 2016/1945/2132 2017/1946/2133 2015/1944/2131
f 2020/1949/2136 2021/1950/2137 2018/1947/2134 2019/1948/2135
f 2022/1951/2138 2023/1952/2139 2021/1950/2137 2020/1949/2136
f 2019/1948/2135 2018/1947/2134 2017/1946/2133 2016/1945/2132
f 1904/1807/1994 2024/1953/2140 2025/1954/2141 1901/1804/1991
f 2027/1956/2143 2026/1955/2142 2005/1934/2121 2008/1937/2124
f 2026/1955/2142 1889/1791/1978 1881/1783/1970 2005/1934/2121
f 2025/1954/2141 2027/1956/2143 2008/1937/2124 2010/1939/2126
f 1901/1804/1991 2025/1954/2141 2010/1939/2126 1902/1805/1992
f 2028/1957/2144 2029/1958/2145 2026/1955/2142 2027/1956/2143
f 2029/1958/2145 1890/1792/1979 1889/1791/1978 2026/1955/2142
f 2024/1953/2140 2028/1957/2144 2027/1956/2143 2025/1954/2141
f 1275/1962/2149 2030/1959/2146 2031/1960/2147 1276/1961/2148
f 2030/1959/2146 2032/1963/2150 2033/1964/2151 2031/1960/2147
f 2032/1963/2150 2034/1965/2152 2035/1966/2153 2033/1964/2151
f 2034/1965/2152 2036/1967/2154 2037/1968/2155 2035/1966/2153
f 2036/1967/2154 2038/1969/2156 2039/1970/2157 2037/1968/2155
f 2038/1969/2156 2040/1971/2158 1903/1806/1993 2039/1970/2157
f 2040/1971/2158 2041/1972/2159 1904/1807/1994 1903/1806/1993
f 1906/1811/1998 1250/1810/1997 1249/1809/1996 1905/1808/1995
f 2044/1975/2162 2045/1976/2163 2042/1973/2160 2043/1974/2161
f 2047/1978/2165 2046/1977/2164 1890/1792/1979 2029/1958/2145
f 2045/1976/2163 2049/1980/2167 2048/1979/2166 2042/1973/2160
f 2049/1980/2167 2051/1982/2169 2050/1981/2168 2048/1979/2166
f 2052/1983/2170 1987/1913/2100 1893/1795/1982 1891/1793/1980
f 2046/1977/2164 2052/1983/2170 1891/1793/1980 1890/1792/1979
f 2053/1984/2171 2047/1978/2165 2029/1958/2145 2028/1957/2144
f 2054/1985/2172 2053/1984/2171 2028/1957/2144 2024/1953/2140
f 2041/1972/2159 2054/1985/2172 2024/1953/2140 1904/1807/1994
f 2051/1982/2169 1278/1986/2173 1277/1987/2174 2050/1981/2168
f 1755/1647/1834 1745/1637/1824 1748/1640/1827 2055/1988/2175
f 2057/1990/2177 2044/1975/2162 2043/1974/2161 2056/1989/2176
f 2055/1988/2175 1748/1640/1827 2044/1975/2162 2057/1990/2177
f 1748/1640/1827 1747/1639/1826 2045/1976/2163 2044/1975/2162
f 1747/1639/1826 1457/1286/1473 2049/1980/2167 2045/1976/2163
f 1457/1286/1473 1456/1285/1472 2051/1982/2169 2049/1980/2167
f 1456/1285/1472 1175/1288/1475 1278/1986/2173 2051/1982/2169
f 2043/1974/2161 2042/1973/2160 2023/1952/2139 2022/1951/2138
f 1727/1619/1806 1726/1618/1805 2059/1992/2179 2058/1991/2178
f 1472/1309/1496 1630/1497/1684 1632/1499/1686 1631/1498/1685
f 1470/1307/1494 1472/1309/1496 1631/1498/1685 1640/1511/1698
f 1467/1304/1491 1470/1307/1494 1640/1511/1698 1639/1510/1697
f 1761/1653/1840 1467/1304/1491 1639/1510/1697 1764/1656/1843
f 1762/1654/1841 1761/1653/1840 1764/1656/1843 1763/1655/1842
f 1758/1650/1837 1762/1654/1841 1763/1655/1842 1687/1574/1761
f 1518/1360/1547 1758/1650/1837 1687/1574/1761 1685/1569/1756
f 1394/1219/1406 1518/1360/1547 1685/1569/1756 1680/1564/1751
f 1391/1216/1403 1394/1219/1406 1680/1564/1751 1679/1563/1750
f 1385/1209/1396 1391/1216/1403 1679/1563/1750 1683/1567/1754
f 1657/1533/1720 1385/1209/1396 1683/1567/1754 1689/1576/1763
f 1613/1472/1659 1657/1533/1720 1689/1576/1763 1615/1474/1661
f 1609/1466/1653 1613/1472/1659 1615/1474/1661 1614/1473/1660
f 1203/1467/1654 1609/1466/1653 1614/1473/1660 1205/1477/1664
f 1634/1501/1688 1633/1500/1687 1988/1914/2101 1987/1913/2100
f 1641/1512/1699 1634/1501/1688 1987/1913/2100 2052/1983/2170
f 1642/1513/1700 1641/1512/1699 2052/1983/2170 2046/1977/2164
f 1765/1657/1844 1642/1513/1700 2046/1977/2164 2047/1978/2165
f 1766/1658/1845 1765/1657/1844 2047/1978/2165 2053/1984/2171
f 1688/1575/1762 1766/1658/1845 2053/1984/2171 2054/1985/2172
f 1686/1570/1757 1688/1575/1762 2054/1985/2172 2041/1972/2159
f 1681/1565/1752 1686/1570/1757 2041/1972/2159 2040/1971/2158
f 1682/1566/1753 1681/1565/1752 2040/1971/2158 2038/1969/2156
f 1684/1568/1755 1682/1566/1753 2038/1969/2156 2036/1967/2154
f 1690/1577/1764 1684/1568/1755 2036/1967/2154 2034/1965/2152
f 1616/1475/1662 1690/1577/1764 2034/1965/2152 2032/1963/2150
f 1617/1476/1663 1616/1475/1662 2032/1963/2150 2030/1959/2146
f 1206/1478/1665 1617/1476/1663 2030/1959/2146 1275/1962/2149
f 2061/1994/2181 2057/1990/2177 2056/1989/2176 2060/1993/2180
f 2062/1995/2182 2055/1988/2175 2057/1990/2177 2061/1994/2181
f 2064/1997/2184 2061/1994/2181 2060/1993/2180 2063/1996/2183
f 2065/1998/2185 2062/1995/2182 2061/1994/2181 2064/1997/2184
f 2066/1999/2186 2064/1997/2184 2063/1996/2183 2067/2000/2187
f 2059/1992/2179 2065/1998/2185 2064/1997/2184 2066/1999/2186
f 1971/1886/2073 1972/1887/2074 1961/1874/2061 1960/1873/2060
f 1583/1435/1622 1584/1436/1623 1594/1447/1634 1593/1446/1633
f 1730/1622/1809 2068/2001/2188 1729/1621/1808 1728/1620/1807
f 1731/1623/1810 2069/2002/2189 2068/2001/2188 1730/1622/1809
f 1731/1623/1810 1732/1624/1811 1750/1642/1829 2069/2002/2189
f 2048/1979/2166 2050/1981/2168 2070/2003/2190 2071/2004/2191
f 2042/1973/2160 2048/1979/2166 2071/2004/2191 2023/1952/2139
f 2021/1950/2137 2072/2005/2192 2073/2006/2193 2018/1947/2134
f 2023/1952/2139 2071/2004/2191 2072/2005/2192 2021/1950/2137
f 2050/1981/2168 1277/1987/2174 1279/2007/2194 2070/2003/2190
f 2070/2003/2190 1279/2007/2194 1280/2008/2195 2074/2009/2196
f 2074/2009/2196 1280/2008/2195 1281/2010/2197 2075/2011/2198
f 2075/2011/2198 1281/2010/2197 1282/2012/2199 2076/2013/2200
f 2076/2013/2200 1282/2012/2199 1283/2014/2201 2077/2015/2202
f 1260/1879/2066 1965/1878/2065 2078/2016/2203 1284/2017/2204
f 1284/2017/2204 2078/2016/2203 2079/2019/2206 1285/2018/2205
f 1965/1878/2065 1956/1869/2056 1949/1862/2049 2078/2016/2203
f 2078/2016/2203 1949/1862/2049 1941/1854/2041 2079/2019/2206
f 2079/2019/2206 1941/1854/2041 1934/1847/2034 2080/2020/2207
f 1285/2018/2205 2079/2019/2206 2080/2020/2207 1286/2021/2208
f 1286/2021/2208 2080/2020/2207 2081/2023/2210 1287/2022/2209
f 1287/2022/2209 2081/2023/2210 2082/2025/2212 1288/2024/2211
f 1289/2026/2213 1288/2024/2211 2082/2025/2212 2083/2027/2214
f 1290/2028/2215 1289/2026/2213 2083/2027/2214 2084/2029/2216
f 1283/2014/2201 1290/2028/2215 2084/2029/2216 2077/2015/2202
f 1596/1449/1636 1199/1451/1638 1262/1891/2078 1974/1889/2076
f 1595/1448/1635 1596/1449/1636 1974/1889/2076 1973/1888/2075
f 1594/1447/1634 1595/1448/1635 1973/1888/2075 1972/1887/2074
f 1593/1446/1633 1594/1447/1634 1972/1887/2074 1971/1886/2073
f 1592/1445/1632 1593/1446/1633 1971/1886/2073 1970/1885/2072
f 1591/1444/1631 1592/1445/1632 1970/1885/2072 1969/1884/2071
f 1590/1443/1630 1591/1444/1631 1969/1884/2071 1968/1883/2070
f 1589/1442/1629 1590/1443/1630 1968/1883/2070 1967/1882/2069
f 1588/1440/1627 1589/1442/1629 1967/1882/2069 1966/1881/2068
f 1198/1441/1628 1588/1440/1627 1966/1881/2068 1259/1880/2067
f 2071/2004/2191 2070/2003/2190 2074/2009/2196 2072/2005/2192
f 2072/2005/2192 2074/2009/2196 2075/2011/2198 2073/2006/2193
f 2087/2032/2219 2088/2033/2220 2085/2030/2217 2086/2031/2218
f 2086/2031/2218 2085/2030/2217 2089/2034/2221 2090/2035/2222
f 1291/2036/2223 2091/2037/2224 2092/2038/2225 1292/2039/2226
f 1293/2041/2228 2093/2042/2229 2094/2043/2230 1294/2040/2227
f 1295/2044/2231 2095/2045/2232 2093/2042/2229 1293/2041/2228
f 1296/2046/2233 2096/2047/2234 2095/2045/2232 1295/2044/2231
f 1297/2048/2235 2006/1935/2122 2096/2047/2234 1296/2046/2233
f 1298/2049/2236 2097/2050/2237 2006/1935/2122 1297/2048/2235
f 2098/2052/2239 2097/2050/2237 1298/2049/2236 1299/2051/2238
f 2099/2054/2241 2098/2052/2239 1299/2051/2238 1300/2053/2240
f 2100/2056/2243 2099/2054/2241 1300/2053/2240 1301/2055/2242
f 2100/2056/2243 1301/2055/2242 1302/2057/2244 2101/2058/2245
f 2101/2058/2245 1302/2057/2244 1303/2059/2246 2102/2060/2247
f 2102/2060/2247 1303/2059/2246 1304/2061/2248 2103/2062/2249
f 2103/2062/2249 1304/2061/2248 1305/2063/2250 2104/2064/2251
f 2104/2064/2251 1305/2063/2250 1306/2065/2252 2105/2066/2253
f 2105/2066/2253 1306/2065/2252 1307/2067/2254 2106/2068/2255
f 1309/2069/2256 1308/2070/2257 2107/2071/2258 2108/2072/2259
f 1308/2070/2257 1310/2073/2260 2109/2074/2261 2107/2071/2258
f 1292/2039/2226 2092/2038/2225 2109/2074/2261 1310/2073/2260
f 2110/2075/2262 1311/2076/2263 1309/2069/2256 2108/2072/2259
f 2111/2078/2265 1312/2077/2264 1311/2076/2263 2110/2075/2262
f 2112/2079/2266 1313/2080/2267 1312/2077/2264 2111/2078/2265
f 2106/2068/2255 1307/2067/2254 1313/2080/2267 2112/2079/2266
f 2114/2082/2269 2115/2083/2270 2116/2084/2271 2113/2081/2268
f 2113/2081/2268 2116/2084/2271 2118/2086/2273 2117/2085/2272
f 2115/2083/2270 2119/2087/2274 2120/2088/2275 2116/2084/2271
f 2116/2084/2271 2120/2088/2275 2121/2089/2276 2118/2086/2273
f 2122/2090/2277 2001/1929/2116 2000/1928/2115 2123/2091/2278
f 2127/2095/2282 2124/2092/2279 2125/2093/2280 2126/2094/2281
f 2128/2096/2283 2129/2097/2284 2124/2092/2279 2127/2095/2282
f 2130/2098/2285 2131/2099/2286 2129/2097/2284 2128/2096/2283
f 2132/2100/2287 2133/2101/2288 2131/2099/2286 2130/2098/2285
f 2134/2102/2289 2135/2103/2290 2133/2101/2288 2132/2100/2287
f 2136/2104/2291 2137/2105/2292 2135/2103/2290 2134/2102/2289
f 2138/2106/2293 2139/2107/2294 2137/2105/2292 2136/2104/2291
f 2140/2108/2295 2141/2109/2296 2139/2107/2294 2138/2106/2293
f 2143/2111/2298 2141/2109/2296 2140/2108/2295 2142/2110/2297
f 2144/2112/2299 2145/2113/2300 2146/2114/2301 2147/2115/2302
f 2149/2117/2304 2144/2112/2299 2147/2115/2302 2148/2116/2303
f 2151/2119/2306 2149/2117/2304 2148/2116/2303 2150/2118/2305
f 2152/2120/2307 2153/2121/2308 2151/2119/2306 2150/2118/2305
f 2154/2122/2309 2155/2123/2310 2153/2121/2308 2152/2120/2307
f 2156/2124/2311 2157/2125/2312 2155/2123/2310 2154/2122/2309
f 2158/2126/2313 2159/2127/2314 2157/2125/2312 2156/2124/2311
f 2160/2128/2315 2161/2129/2316 2159/2127/2314 2158/2126/2313
f 2162/2130/2317 2163/2131/2318 2161/2129/2316 2160/2128/2315
f 2166/2134/2321 2164/2132/2319 2165/2133/2320 2149/2117/2304
f 2167/2135/2322 2168/2136/2323 2164/2132/2319 2166/2134/2321
f 2169/2137/2324 2170/2138/2325 2168/2136/2323 2167/2135/2322
f 2169/2137/2324 2171/2139/2326 2172/2140/2327 2170/2138/2325
f 2172/2140/2327 2171/2139/2326 2173/2141/2328 2174/2142/2329
f 2174/2142/2329 2173/2141/2328 2175/2143/2330 2176/2144/2331
f 2176/2144/2331 2175/2143/2330 2177/2145/2332 2178/2146/2333
f 2178/2146/2333 2177/2145/2332 2179/2147/2334 2180/2148/2335
f 2180/2148/2335 2179/2147/2334 2181/2149/2336 2182/2150/2337
f 2181/2149/2336 2183/2151/2338 2184/2152/2339 2182/2150/2337
f 2035/1966/2153 2037/1968/2155 2185/2153/2340 2163/2131/2318
f 2163/2131/2318 2185/2153/2340 2143/2111/2298 2142/2110/2297
f 2186/2154/2341 1990/1916/2103 1989/1915/2102 2187/2155/2342
f 2183/2151/2338 2186/2154/2341 2187/2155/2342 2184/2152/2339
f 1989/1915/2102 1975/1893/2080 1991/1917/2104 2187/2155/2342
f 2179/2147/2334 2128/2096/2283 2127/2095/2282 2181/2149/2336
f 2127/2095/2282 2126/2094/2281 2183/2151/2338 2181/2149/2336
f 2126/2094/2281 1990/1916/2103 2186/2154/2341 2183/2151/2338
f 2177/2145/2332 2130/2098/2285 2128/2096/2283 2179/2147/2334
f 2175/2143/2330 2132/2100/2287 2130/2098/2285 2177/2145/2332
f 2173/2141/2328 2134/2102/2289 2132/2100/2287 2175/2143/2330
f 2171/2139/2326 2136/2104/2291 2134/2102/2289 2173/2141/2328
f 2126/2094/2281 2188/2156/2343 1898/1801/1988 1990/1916/2103
f 2188/2156/2343 2189/2157/2344 1895/1798/1985 1898/1801/1988
f 2189/2157/2344 2190/2158/2345 1896/1799/1986 1895/1798/1985
f 2125/2093/2280 2107/2071/2258 2188/2156/2343 2126/2094/2281
f 2107/2071/2258 2109/2074/2261 2189/2157/2344 2188/2156/2343
f 2109/2074/2261 2191/2159/2346 2190/2158/2345 2189/2157/2344
f 2131/2099/2286 2111/2078/2265 2110/2075/2262 2129/2097/2284
f 2124/2092/2279 2108/2072/2259 2107/2071/2258 2125/2093/2280
f 2129/2097/2284 2110/2075/2262 2108/2072/2259 2124/2092/2279
f 2118/2086/2273 2121/2089/2276 2192/2160/2347 2193/2161/2348
f 2117/2085/2272 2118/2086/2273 2193/2161/2348 2194/2162/2349
f 2093/2042/2229 2195/2163/2350 2196/2164/2351 2094/2043/2230
f 2095/2045/2232 2197/2165/2352 2195/2163/2350 2093/2042/2229
f 2096/2047/2234 2198/2166/2353 2197/2165/2352 2095/2045/2232
f 2133/2101/2288 2112/2079/2266 2111/2078/2265 2131/2099/2286
f 2135/2103/2290 2106/2068/2255 2112/2079/2266 2133/2101/2288
f 2137/2105/2292 2105/2066/2253 2106/2068/2255 2135/2103/2290
f 2139/2107/2294 2104/2064/2251 2105/2066/2253 2137/2105/2292
f 2141/2109/2296 2103/2062/2249 2104/2064/2251 2139/2107/2294
f 2199/2167/2354 2102/2060/2247 2103/2062/2249 2141/2109/2296
f 2200/2168/2355 2101/2058/2245 2102/2060/2247 2199/2167/2354
f 2201/2169/2356 2100/2056/2243 2101/2058/2245 2200/2168/2355
f 2201/2169/2356 2202/2170/2357 2099/2054/2241 2100/2056/2243
f 2006/1935/2122 2003/1932/2119 2198/2166/2353 2096/2047/2234
f 2009/1938/2125 2007/1936/2123 2006/1935/2122 2097/2050/2237
f 1899/1802/1989 2009/1938/2125 2097/2050/2237 2098/2052/2239
f 2202/2170/2357 1899/1802/1989 2098/2052/2239 2099/2054/2241
f 2185/2153/2340 2199/2167/2354 2141/2109/2296 2143/2111/2298
f 2037/1968/2155 2200/2168/2355 2199/2167/2354 2185/2153/2340
f 2039/1970/2157 2201/2169/2356 2200/2168/2355 2037/1968/2155
f 2039/1970/2157 1903/1806/1993 2202/2170/2357 2201/2169/2356
f 1903/1806/1993 1900/1803/1990 1899/1802/1989 2202/2170/2357
f 2203/2171/2358 2066/1999/2186 2067/2000/2187 2204/2172/2359
f 2058/1991/2178 2059/1992/2179 2066/1999/2186 2203/2171/2358
f 2198/2166/2353 2114/2082/2269 2113/2081/2268 2197/2165/2352
f 2197/2165/2352 2113/2081/2268 2117/2085/2272 2195/2163/2350
f 2195/2163/2350 2117/2085/2272 2194/2162/2349 2196/2164/2351
f 1874/1775/1962 1896/1799/1986 1868/1762/1949 1867/1761/1948
f 1869/1763/1950 1873/1772/1959 1874/1775/1962 1867/1761/1948
f 1244/1770/1957 1246/1773/1960 1873/1772/1959 1869/1763/1950
f 2003/1932/2119 1877/1779/1966 2114/2082/2269 2198/2166/2353
f 1877/1779/1966 1880/1782/1969 2115/2083/2270 2114/2082/2269
f 1870/1767/1954 1242/1766/1953 1241/1764/1951 1865/1759/1946
f 1870/1767/1954 1865/1759/1946 1862/1756/1943 2205/2173/2360
f 2206/2174/2361 2205/2173/2360 1862/1756/1943 1861/1755/1942
f 2192/2160/2347 2209/2177/2364 2207/2175/2362 2208/2176/2363
f 2121/2089/2276 2090/2035/2222 2209/2177/2364 2192/2160/2347
f 2120/2088/2275 2086/2031/2218 2090/2035/2222 2121/2089/2276
f 2119/2087/2274 2087/2032/2219 2086/2031/2218 2120/2088/2275
f 1880/1782/1969 1885/1787/1974 2119/2087/2274 2115/2083/2270
f 1885/1787/1974 1886/1788/1975 2087/2032/2219 2119/2087/2274
f 1886/1788/1975 2015/1944/2131 2088/2033/2220 2087/2032/2219
f 2088/2033/2220 2210/2178/2365 2211/2179/2366 2085/2030/2217
f 2015/1944/2131 2017/1946/2133 2210/2178/2365 2088/2033/2220
f 2085/2030/2217 2211/2179/2366 2212/2180/2367 2089/2034/2221
f 2017/1946/2133 2018/1947/2134 2073/2006/2193 2210/2178/2365
f 2211/2179/2366 2213/2181/2368 2214/2182/2369 2212/2180/2367
f 2210/2178/2365 2073/2006/2193 2213/2181/2368 2211/2179/2366
f 2073/2006/2193 2075/2011/2198 2076/2013/2200 2213/2181/2368
f 2076/2013/2200 2077/2015/2202 2001/1929/2116 2122/2090/2277
f 2077/2015/2202 2084/2029/2216 1998/1926/2113 2001/1929/2116
f 2080/2020/2207 1934/1847/2034 1933/1846/2033 2081/2023/2210
f 2081/2023/2210 1933/1846/2033 1936/1849/2036 2082/2025/2212
f 2083/2027/2214 2082/2025/2212 1936/1849/2036 1997/1925/2112
f 2084/2029/2216 2083/2027/2214 1997/1925/2112 1998/1926/2113
f 2213/2181/2368 2076/2013/2200 2122/2090/2277 2214/2182/2369
f 2216/2184/2371 2182/2150/2337 2184/2152/2339 2215/2183/2370
f 2145/2113/2300 2216/2184/2371 2215/2183/2370 2146/2114/2301
f 2184/2152/2339 2187/2155/2342 1991/1917/2104 2215/2183/2370
f 1992/1919/2106 2146/2114/2301 2215/2183/2370 1991/1917/2104
f 1983/1908/2095 2147/2115/2302 2146/2114/2301 1992/1919/2106
f 1982/1906/2093 2148/2116/2303 2147/2115/2302 1983/1908/2095
f 1981/1905/2092 2150/2118/2305 2148/2116/2303 1982/1906/2093
f 1980/1903/2090 2152/2120/2307 2150/2118/2305 1981/1905/2092
f 1979/1902/2089 2154/2122/2309 2152/2120/2307 1980/1903/2090
f 2002/1930/2117 2156/2124/2311 2154/2122/2309 1979/1902/2089
f 1978/1898/2085 2158/2126/2313 2156/2124/2311 2002/1930/2117
f 1977/1895/2082 2160/2128/2315 2158/2126/2313 1978/1898/2085
f 1976/1894/2081 2162/2130/2317 2160/2128/2315 1977/1895/2082
f 2033/1964/2151 2035/1966/2153 2163/2131/2318 2162/2130/2317
f 2031/1960/2147 2033/1964/2151 2162/2130/2317 1976/1894/2081
f 1276/1961/2148 2031/1960/2147 1976/1894/2081 1264/1897/2084
f 2218/2186/2373 2140/2108/2295 2138/2106/2293 2217/2185/2372
f 2217/2185/2372 2138/2106/2293 2136/2104/2291 2171/2139/2326
f 2219/2187/2374 2142/2110/2297 2140/2108/2295 2218/2186/2373
f 2163/2131/2318 2142/2110/2297 2219/2187/2374 2161/2129/2316
f 2221/2189/2376 2218/2186/2373 2217/2185/2372 2220/2188/2375
f 2220/2188/2375 2217/2185/2372 2171/2139/2326 2169/2137/2324
f 2161/2129/2316 2219/2187/2374 2218/2186/2373 2221/2189/2376
f 2170/2138/2325 2172/2140/2327 2174/2142/2329 2168/2136/2323
f 2168/2136/2323 2174/2142/2329 2176/2144/2331 2164/2132/2319
f 2164/2132/2319 2176/2144/2331 2178/2146/2333 2165/2133/2320
f 2165/2133/2320 2178/2146/2333 2180/2148/2335 2222/2190/2377
f 2222/2190/2377 2180/2148/2335 2182/2150/2337 2216/2184/2371
f 2144/2112/2299 2222/2190/2377 2216/2184/2371 2145/2113/2300
f 2149/2117/2304 2165/2133/2320 2222/2190/2377 2144/2112/2299
f 2153/2121/2308 2166/2134/2321 2149/2117/2304 2151/2119/2306
f 2155/2123/2310 2167/2135/2322 2166/2134/2321 2153/2121/2308
f 2157/2125/2312 2169/2137/2324 2167/2135/2322 2155/2123/2310
f 2159/2127/2314 2220/2188/2375 2169/2137/2324 2157/2125/2312
f 2161/2129/2316 2221/2189/2376 2220/2188/2375 2159/2127/2314
f 2191/2159/2346 2224/2192/2379 2223/2191/2378 2190/2158/2345
f 2092/2038/2225 2224/2192/2379 2191/2159/2346 2109/2074/2261
f 1294/2040/2227 2094/2043/2230 2225/2194/2381 1314/2193/2380
f 1314/2193/2380 2225/2194/2381 2091/2037/2224 1291/2036/2223
f 2225/2194/2381 2226/2195/2382 2227/2196/2383 2091/2037/2224
f 2091/2037/2224 2227/2196/2383 2224/2192/2379 2092/2038/2225
f 2094/2043/2230 2196/2164/2351 2226/2195/2382 2225/2194/2381
f 2196/2164/2351 2194/2162/2349 2228/2197/2384 2226/2195/2382
f 2226/2195/2382 2228/2197/2384 2229/2198/2385 2227/2196/2383
f 2227/2196/2383 2229/2198/2385 2223/2191/2378 2224/2192/2379
f 2228/2197/2384 2230/2199/2386 2231/2200/2387 2229/2198/2385
f 2230/2199/2386 2208/2176/2363 2232/2201/2388 2231/2200/2387
f 2208/2176/2363 2207/2175/2362 2233/2202/2389 2232/2201/2388
f 2193/2161/2348 2192/2160/2347 2208/2176/2363 2230/2199/2386
f 2194/2162/2349 2193/2161/2348 2230/2199/2386 2228/2197/2384
f 2229/2198/2385 2231/2200/2387 2234/2203/2390 2223/2191/2378
f 2231/2200/2387 2232/2201/2388 2235/2204/2391 2234/2203/2390
f 2232/2201/2388 2233/2202/2389 2236/2205/2392 2235/2204/2391
f 2235/2204/2391 2236/2205/2392 2206/2174/2361 1861/1755/1942
f 2234/2203/2390 2235/2204/2391 1861/1755/1942 1864/1758/1945
f 2223/2191/2378 2234/2203/2390 1864/1758/1945 1868/1762/1949
f 2190/2158/2345 2223/2191/2378 1868/1762/1949 1896/1799/1986
f 2237/2206/2393 2058/1991/2178 2203/2171/2358 2238/2207/2394
f 2238/2207/2394 2203/2171/2358 2204/2172/2359 2239/2208/2395
f 2241/2210/2397 2237/2206/2393 2238/2207/2394 2240/2209/2396
f 2240/2209/2396 2238/2207/2394 2239/2208/2395 2242/2211/2398
f 1632/1499/1686 2241/2210/2397 2240/2209/2396 1633/1500/1687
f 1633/1500/1687 2240/2209/2396 2242/2211/2398 1988/1914/2101
f 2243/2212/2399 1727/1619/1806 2058/1991/2178 2237/2206/2393
f 2239/2208/2395 2204/2172/2359 2244/2213/2400 2245/2214/2401
f 2246/2215/2402 1728/1620/1807 1727/1619/1806 2243/2212/2399
f 2245/2214/2401 2244/2213/2400 2247/2216/2403 2248/2217/2404
f 2248/2217/2404 2247/2216/2403 2011/1940/2127 1984/1910/2097
f 1315/2219/2406 2249/2220/2407 2250/2221/2408 1316/2218/2405
f 1316/2218/2405 2250/2221/2408 2251/2223/2410 1317/2222/2409
f 2253/2227/2414 1319/2224/2411 1318/2225/2412 2252/2226/2413
f 2254/2229/2416 1320/2228/2415 1319/2224/2411 2253/2227/2414
f 2256/2233/2420 1322/2230/2417 1321/2231/2418 2255/2232/2419
f 2257/2235/2422 1323/2234/2421 1322/2230/2417 2256/2233/2420
f 2258/2238/2425 2259/2239/2426 1325/2236/2423 1324/2237/2424
f 1326/2243/2430 2260/2240/2427 2261/2241/2428 1327/2242/2429
f 1327/2242/2429 2261/2241/2428 2249/2220/2407 1315/2219/2406
f 2261/2241/2428 1754/1646/1833 1755/1647/1834 2249/2220/2407
f 2249/2220/2407 1755/1647/1834 2055/1988/2175 2250/2221/2408
f 2250/2221/2408 2055/1988/2175 2062/1995/2182 2251/2223/2410
f 2262/2244/2431 2251/2223/2410 2062/1995/2182 2065/1998/2185
f 2252/2226/2413 2262/2244/2431 2065/1998/2185 2059/1992/2179
f 1726/1618/1805 2253/2227/2414 2252/2226/2413 2059/1992/2179
f 2255/2232/2419 1321/2231/2418 1320/2228/2415 2254/2229/2416
f 1729/1621/1808 2254/2229/2416 2253/2227/2414 1726/1618/1805
f 2068/2001/2188 2255/2232/2419 2254/2229/2416 1729/1621/1808
f 2069/2002/2189 2256/2233/2420 2255/2232/2419 2068/2001/2188
f 2257/2235/2422 2258/2238/2425 1324/2237/2424 1323/2234/2421
f 2069/2002/2189 1750/1642/1829 2257/2235/2422 2256/2233/2420
f 1750/1642/1829 1749/1641/1828 2258/2238/2425 2257/2235/2422
f 1328/2245/2432 2263/2246/2433 2260/2240/2427 1326/2243/2430
f 2260/2240/2427 1753/1645/1832 1754/1646/1833 2261/2241/2428
f 2264/2248/2435 2263/2246/2433 1328/2245/2432 1329/2247/2434
f 2263/2246/2433 1756/1648/1835 1753/1645/1832 2260/2240/2427
f 1752/1644/1831 1756/1648/1835 2263/2246/2433 2264/2248/2435
f 2265/2250/2437 2264/2248/2435 1329/2247/2434 1330/2249/2436
f 1749/1641/1828 1847/1741/1928 2259/2239/2426 2258/2238/2425
f 2259/2239/2426 2265/2250/2437 1330/2249/2436 1325/2236/2423
f 1847/1741/1928 1751/1643/1830 2265/2250/2437 2259/2239/2426
f 1751/1643/1830 1752/1644/1831 2264/2248/2435 2265/2250/2437
f 1331/2251/2438 1317/2222/2409 2251/2223/2410 2262/2244/2431
f 2252/2226/2413 1318/2225/2412 1331/2251/2438 2262/2244/2431
f 1630/1497/1684 2266/2252/2439 2241/2210/2397 1632/1499/1686
f 1629/1496/1683 2267/2253/2440 2266/2252/2439 1630/1497/1684
f 1628/1495/1682 1730/1622/1809 1728/1620/1807 2246/2215/2402
f 1628/1495/1682 2246/2215/2402 2267/2253/2440 1629/1496/1683
f 2267/2253/2440 2246/2215/2402 2243/2212/2399 2266/2252/2439
f 2266/2252/2439 2243/2212/2399 2237/2206/2393 2241/2210/2397
f 1988/1914/2101 2242/2211/2398 2268/2254/2441 1986/1912/2099
f 1986/1912/2099 2268/2254/2441 2269/2255/2442 1985/1911/2098
f 1985/1911/2098 2269/2255/2442 2248/2217/2404 1984/1910/2097
f 2268/2254/2441 2245/2214/2401 2248/2217/2404 2269/2255/2442
f 2242/2211/2398 2239/2208/2395 2245/2214/2401 2268/2254/2441
f 2271/2259/2446 1333/2256/2443 1332/2257/2444 2270/2258/2445
f 2270/2258/2445 1332/2257/2444 1334/2260/2447 2272/2261/2448
f 1336/2262/2449 1335/2263/2450 2273/2264/2451 2274/2265/2452
f 1335/2263/2450 1337/2266/2453 2275/2267/2454 2273/2264/2451
f 2272/2261/2448 1334/2260/2447 1336/2262/2449 2274/2265/2452
f 1338/2269/2456 2276/2270/2457 2277/2271/2458 1339/2268/2455
f 1340/2272/2459 2278/2273/2460 2276/2270/2457 1338/2269/2456
f 1341/2275/2462 2279/2276/2463 2280/2277/2464 1342/2274/2461
f 1343/2278/2465 2281/2279/2466 2279/2276/2463 1341/2275/2462
f 2282/2280/2467 1344/2281/2468 1333/2256/2443 2271/2259/2446
f 2283/2282/2469 1345/2283/2470 1344/2281/2468 2282/2280/2467
f 2283/2282/2469 2281/2279/2466 1343/2278/2465 1345/2283/2470
f 2063/1996/2183 2060/1993/2180 2281/2279/2466 2283/2282/2469
f 2063/1996/2183 2283/2282/2469 2282/2280/2467 2067/2000/2187
f 2060/1993/2180 2056/1989/2176 2279/2276/2463 2281/2279/2466
f 2067/2000/2187 2282/2280/2467 2271/2259/2446 2284/2284/2471
f 2204/2172/2359 2067/2000/2187 2284/2284/2471 2244/2213/2400
f 2286/2286/2473 2270/2258/2445 2272/2261/2448 2285/2285/2472
f 2284/2284/2471 2271/2259/2446 2270/2258/2445 2286/2286/2473
f 2244/2213/2400 2284/2284/2471 2286/2286/2473 2247/2216/2403
f 2247/2216/2403 2286/2286/2473 2285/2285/2472 2011/1940/2127
f 2011/1940/2127 2285/2285/2472 2287/2287/2474 2012/1941/2128
f 2285/2285/2472 2272/2261/2448 2274/2265/2452 2287/2287/2474
f 2012/1941/2128 2287/2287/2474 2288/2288/2475 2013/1942/2129
f 2287/2287/2474 2274/2265/2452 2273/2264/2451 2288/2288/2475
f 2288/2288/2475 2273/2264/2451 2014/1943/2130 2013/1942/2129
f 2273/2264/2451 2275/2267/2454 2016/1945/2132 2014/1943/2130
f 1339/2268/2455 2277/2271/2458 2275/2267/2454 1337/2266/2453
f 2277/2271/2458 2019/1948/2135 2016/1945/2132 2275/2267/2454
f 2276/2270/2457 2020/1949/2136 2019/1948/2135 2277/2271/2458
f 2278/2273/2460 2022/1951/2138 2020/1949/2136 2276/2270/2457
f 1342/2274/2461 2280/2277/2464 2278/2273/2460 1340/2272/2459
f 2280/2277/2464 2043/1974/2161 2022/1951/2138 2278/2273/2460
f 2279/2276/2463 2056/1989/2176 2043/1974/2161 2280/2277/2464
f 1871/1768/1955 1870/1767/1954 2205/2173/2360 2289/2289/2476
f 2290/2290/2477 2289/2289/2476 2205/2173/2360 2206/2174/2361
f 2236/2205/2392 2291/2291/2478 2290/2290/2477 2206/2174/2361
f 2233/2202/2389 2292/2292/2479 2291/2291/2478 2236/2205/2392
f 2207/2175/2362 2293/2293/2480 2292/2292/2479 2233/2202/2389
f 2209/2177/2364 2294/2294/2481 2293/2293/2480 2207/2175/2362
f 2090/2035/2222 2089/2034/2221 2294/2294/2481 2209/2177/2364
f 2089/2034/2221 2212/2180/2367 2295/2295/2482 2294/2294/2481
f 2294/2294/2481 2295/2295/2482 2296/2296/2483 2293/2293/2480
f 2212/2180/2367 2214/2182/2369 2297/2297/2484 2295/2295/2482
f 2295/2295/2482 2297/2297/2484 2298/2298/2485 2296/2296/2483
f 2214/2182/2369 2122/2090/2277 2123/2091/2278 2297/2297/2484
f 2299/2299/2486 1894/1796/1983 1871/1768/1955 2289/2289/2476
f 2300/2300/2487 2299/2299/2486 2289/2289/2476 2290/2290/2477
f 2291/2291/2478 2301/2301/2488 2300/2300/2487 2290/2290/2477
f 2292/2292/2479 2302/2302/2489 2301/2301/2488 2291/2291/2478
f 2293/2293/2480 2296/2296/2483 2302/2302/2489 2292/2292/2479
f 2302/2302/2489 2303/2303/2490 2304/2304/2491 2301/2301/2488
f 2296/2296/2483 2298/2298/2485 2303/2303/2490 2302/2302/2489
f 2305/2305/2492 2306/2306/2493 2299/2299/2486 2300/2300/2487
f 2304/2304/2491 2305/2305/2492 2300/2300/2487 2301/2301/2488
f 2306/2306/2493 1905/1808/1995 1894/1796/1983 2299/2299/2486
f 2298/2298/2485 2307/2307/2494 2308/2308/2495 2303/2303/2490
f 2297/2297/2484 2123/2091/2278 2307/2307/2494 2298/2298/2485
f 2303/2303/2490 2308/2308/2495 2309/2309/2496 2304/2304/2491
f 2309/2309/2496 2310/2310/2497 2305/2305/2492 2304/2304/2491
f 2310/2310/2497 2311/2311/2498 2306/2306/2493 2305/2305/2492
f 2311/2311/2498 1906/1811/1998 1905/1808/1995 2306/2306/2493
f 2312/2312/2499 2313/2313/2500 2311/2311/2498 2310/2310/2497
f 2313/2313/2500 1907/1812/1999 1906/1811/1998 2311/2311/2498
f 1915/1822/2009 1908/1814/2001 1907/1812/1999 2313/2313/2500
f 1909/1816/2003 1915/1822/2009 2313/2313/2500 2312/2312/2499
f 2314/2314/2501 2312/2312/2499 2310/2310/2497 2309/2309/2496
f 2315/2315/2502 2314/2314/2501 2309/2309/2496 2308/2308/2495
f 2307/2307/2494 2316/2316/2503 2315/2315/2502 2308/2308/2495
f 2123/2091/2278 2000/1928/2115 2316/2316/2503 2307/2307/2494
f 2000/1928/2115 1995/1923/2110 1993/1921/2108 2316/2316/2503
f 1993/1921/2108 1913/1820/2007 2315/2315/2502 2316/2316/2503
f 1913/1820/2007 1910/1817/2004 2314/2314/2501 2315/2315/2502
f 1910/1817/2004 1909/1816/2003 2312/2312/2499 2314/2314/2501
