# File produced by Open Asset Import Library (http://www.assimp.sf.net)
# (assimp v3.1.245689076)

mtllib carnivalmasktxt.mtl

# vertex positions
v 1.247978 2.146312 0.012958
v 1.212358 1.984582 0.030927
v 1.150125 1.972439 -0.007949
v 1.207325 2.247010 -0.047680
v 1.276213 2.012708 0.061121
v 1.290035 2.066216 0.075146
v 1.277360 1.926931 0.115743
v 1.331658 1.971876 0.143574
v 1.257103 2.383528 -0.013407
v 1.296456 2.324749 0.055619
v 1.141541 2.293071 -0.108120
v 1.212740 2.434734 -0.080804
v 1.054154 1.986188 -0.056540
v 1.343956 2.254250 0.123018
v 1.396098 2.144890 0.213002
v 1.124944 2.478973 -0.147863
v 1.058378 2.330037 -0.156900
v 0.556795 0.855775 -0.284075
v 0.519147 1.004949 -0.317770
v 0.649278 1.023713 -0.292370
v 0.696230 0.898956 -0.282642
v 0.503196 1.151710 -0.317718
v 0.642600 1.161474 -0.280954
v 0.435922 0.969663 -0.423539
v 0.400274 1.074078 -0.390976
v 0.420583 0.852240 -0.346090
v 0.634444 0.708776 -0.228461
v 0.772064 0.783959 -0.254979
v 0.525226 0.638067 -0.304367
v 1.280509 1.629378 0.183012
v 1.219802 1.715604 0.158817
v 1.338564 1.752073 0.253980
v 1.358600 1.664196 0.275913
v 1.253384 1.807376 0.163714
v 1.345785 1.842773 0.216614
v 1.162915 1.653719 0.096936
v 1.221148 1.592561 0.095635
v 1.033097 1.601735 0.016143
v 1.086807 1.555156 0.021107
v 1.394851 1.546100 0.246011
v 1.312021 1.538356 0.150738
v 1.438933 1.745051 0.382783
v 1.480639 1.571663 0.360572
v 1.429679 1.888196 0.346665
v 1.239646 1.517675 0.069723
v 1.119740 1.505732 -0.011652
v 1.461272 1.392716 0.284054
v 1.388897 1.411763 0.174748
v 1.309601 1.423094 0.085483
v 1.238852 1.429450 0.010091
v 1.126658 1.431906 -0.053371
v 0.834033 0.982978 -0.237309
v 0.765355 1.048830 -0.250768
v 0.920619 0.905211 -0.207171
v 0.877935 0.694527 -0.209164
v 0.705320 0.575980 -0.197993
v 1.014244 0.830521 -0.160237
v 0.971480 0.625636 -0.114072
v 0.787957 0.487845 -0.122522
v 1.105368 0.770126 -0.080765
v 0.655091 1.644095 -0.057135
v 0.864058 1.579039 -0.021034
v 0.910975 1.536617 -0.035163
v 0.683349 1.555315 -0.082834
v 0.952466 1.497339 -0.069154
v 0.735644 1.500448 -0.108570
v 0.589234 1.509207 -0.152509
v 0.591407 1.559795 -0.112771
v 0.527459 1.643240 -0.105298
v 1.417134 2.037764 0.285830
v 0.094634 1.995506 -0.402115
v 0.000000 2.026254 -0.428455
v 0.000000 2.245116 -0.424218
v 0.128114 2.204410 -0.404242
v 0.000000 1.844282 -0.510288
v 0.105140 1.829622 -0.481604
v 0.000000 1.682100 -0.610535
v 0.110354 1.664330 -0.583237
v 0.197273 1.724207 -0.407277
v 0.195877 1.884466 -0.342792
v 0.201705 1.619570 -0.510043
v 0.482605 2.014524 -0.206261
v 0.421420 1.932251 -0.197095
v 0.336214 2.268491 -0.336390
v 0.447349 2.356524 -0.334466
v 0.360531 1.823360 -0.201212
v 0.236963 2.123016 -0.326692
v 0.232317 2.449549 -0.430202
v 0.442449 2.540283 -0.410246
v 0.330521 1.656458 -0.237428
v 0.296075 1.592577 -0.295773
v 0.372352 1.591601 -0.173635
v 0.451868 1.550704 -0.184455
v 0.295049 1.546032 -0.396672
v 0.424483 1.520383 -0.232917
v 0.575922 0.238634 -0.160925
v 0.652588 0.307147 -0.140705
v 0.809477 0.239305 0.016797
v 0.671669 0.161429 -0.040283
v 0.890986 0.444636 -0.032419
v 0.986090 0.391068 0.101133
v 0.549399 0.350334 -0.264020
v 0.544433 0.265206 -0.271928
v 1.044015 0.571047 -0.034018
v 1.123510 0.510408 0.069483
v 1.249159 0.696959 0.092772
v 1.169926 0.731431 -0.003405
v 0.498837 0.414611 -0.315220
v 0.116220 1.004576 -0.914888
v 0.000000 1.005146 -0.915453
v 0.000000 1.105551 -0.964792
v 0.125550 1.109187 -0.963275
v 0.000000 0.921873 -0.851815
v 0.094766 0.918995 -0.849283
v 0.000000 0.864388 -0.787418
v 0.078381 0.862194 -0.784374
v 0.175653 0.936764 -0.798307
v 0.143240 0.892216 -0.730855
v 0.199954 1.009230 -0.871696
v 0.401544 1.040137 -0.632673
v 0.443114 1.004923 -0.498764
v 0.401347 0.914366 -0.501155
v 0.372716 0.960356 -0.638406
v 0.404311 1.074198 -0.496727
v 0.368210 1.083275 -0.606610
v 0.984141 1.438395 -0.103414
v 0.773764 1.449764 -0.145055
v 0.620909 1.455820 -0.186737
v 0.642642 1.310986 -0.246905
v 0.791951 1.302578 -0.205106
v 0.776573 1.155948 -0.236417
v 0.487492 1.293179 -0.301942
v 0.457079 1.436337 -0.278359
v 0.378096 1.265983 -0.377867
v 0.338147 1.394498 -0.389698
v 0.000000 0.230332 -0.485703
v 0.000000 0.259387 -0.547937
v 0.094313 0.257295 -0.538569
v 0.078134 0.230829 -0.484110
v 0.000000 0.357360 -0.597784
v 0.106187 0.357687 -0.602319
v 0.195974 0.356102 -0.588796
v 0.172794 0.261281 -0.504846
v 0.112803 0.517100 -0.630063
v 0.203516 0.507002 -0.586118
v 0.000000 0.456397 -0.664953
v 0.167753 0.232360 -0.460881
v 0.296785 0.483537 -0.556502
v 0.200757 0.549554 -0.533616
v 0.287142 0.533321 -0.488195
v 0.106407 0.560140 -0.556589
v 0.280784 0.347175 -0.525919
v 0.254127 0.262423 -0.465909
v 0.255359 0.232763 -0.416947
v 0.347556 0.504688 -0.445271
v 0.285348 0.591926 -0.459476
v 0.355686 0.568929 -0.435530
v 0.218871 0.612186 -0.508962
v 0.393059 0.440255 -0.492463
v 0.372905 0.321687 -0.459237
v 0.337962 0.252702 -0.399092
v 0.410930 0.468993 -0.405194
v 0.482775 0.389069 -0.396905
v 0.412278 0.629308 -0.383164
v 0.464760 0.295705 -0.377086
v 0.417172 0.238702 -0.323302
v 0.481913 0.215138 -0.226269
v 0.000000 -0.100449 -0.365124
v 0.000000 0.002795 -0.401512
v 0.090145 0.008266 -0.393739
v 0.085718 -0.098671 -0.357072
v 0.000000 -0.002189 -0.513721
v 0.101841 0.005265 -0.503601
v 0.000000 0.184853 -0.520713
v 0.089482 0.185149 -0.512893
v 0.201046 0.028416 -0.468306
v 0.185678 0.192155 -0.483021
v 0.192257 0.018423 -0.367481
v 0.279376 0.192699 -0.425798
v 0.288758 0.056384 -0.402519
v 0.399353 0.216014 -0.289909
v 0.428653 0.213202 -0.292944
v 0.364978 0.206711 -0.351910
v 0.335218 0.231851 -0.359543
v 0.404838 0.141678 -0.262949
v 0.351089 0.089002 -0.324707
v 0.471108 0.178990 -0.219365
v 0.385825 0.037392 -0.192493
v 0.284475 0.034953 -0.316296
v 0.478107 0.054610 -0.141150
v 0.278456 -0.095523 -0.274276
v 0.331892 -0.052758 -0.224314
v 0.183174 -0.101215 -0.333018
v 0.314515 0.987647 -0.720803
v 0.344569 1.073532 -0.727320
v 0.264473 1.009845 -0.797810
v 0.274642 1.101986 -0.814171
v 0.258127 0.947507 -0.685767
v 0.216043 0.964363 -0.739520
v 0.311479 0.926236 -0.617420
v 0.201066 0.927380 -0.628630
v 0.245250 0.909880 -0.585682
v 0.165022 0.933338 -0.659711
v 0.330713 1.158845 -0.578782
v 0.319153 1.113569 -0.695989
v 0.291530 1.203449 -0.629284
v 0.332488 1.231831 -0.479770
v 0.339296 0.886489 -0.523462
v 0.278239 0.871578 -0.549823
v 0.356862 0.825396 -0.415042
v 0.276234 0.801531 -0.491550
v 1.438605 1.150322 0.202131
v 1.366763 1.177277 0.104936
v 1.303248 1.200895 0.020708
v 1.214052 1.220776 -0.059755
v 1.119488 1.248109 -0.118022
v 0.987374 1.277124 -0.164964
v 1.368695 0.917412 0.132402
v 1.306070 0.944939 0.039857
v 1.229746 0.981635 -0.041631
v 1.146075 1.019992 -0.114810
v 0.584866 2.062223 -0.211161
v 0.593951 2.395564 -0.318514
v 0.710276 2.095823 -0.189457
v 0.730753 2.404898 -0.284217
v 0.593803 2.574491 -0.371262
v 0.755504 2.573024 -0.322212
v 0.854804 2.388767 -0.247591
v 0.897227 2.550466 -0.266614
v 0.808687 2.084454 -0.167107
v 1.020239 2.516545 -0.209216
v 0.964226 2.361477 -0.204603
v 0.114964 0.865123 -0.610933
v 0.153603 0.830556 -0.562682
v 0.119501 0.753440 -0.547275
v 0.080533 0.795061 -0.640108
v 0.210536 0.803348 -0.525797
v 0.211584 0.706193 -0.492425
v 0.302920 0.673984 -0.434801
v 0.568717 0.112577 -0.094452
v 0.000000 0.525300 -0.574722
v 0.000000 0.630914 -0.551932
v 0.115084 0.626668 -0.539912
v 0.000000 0.743519 -0.571290
v 0.000000 0.793423 -0.639677
v 0.000000 0.828004 -0.713045
v 0.060844 0.825817 -0.711080
v 0.111951 0.886172 -0.662280
v 0.128110 0.939486 -0.625352
v 0.107309 1.314682 -0.809287
v 0.000000 1.327106 -0.833732
v 0.000000 1.513371 -0.706330
v 0.109888 1.508132 -0.692636
v 0.000000 1.189989 -0.916361
v 0.114668 1.184647 -0.890292
v 0.174521 1.286955 -0.756552
v 0.172747 1.172709 -0.847371
v 0.170547 1.465748 -0.631177
v 0.224862 1.409011 -0.560916
v 0.206696 1.250755 -0.692291
v 0.213033 1.150255 -0.775396
v 0.269233 1.324955 -0.509427
v 0.000000 2.482418 -0.448827
v 0.218609 1.118061 -0.894128
v 0.891805 2.060008 -0.133805
v 0.971330 2.023764 -0.095385
v 1.063737 1.069318 -0.167597
v 0.953220 1.120962 -0.206258
v -1.150125 1.972439 -0.007949
v -1.212357 1.984582 0.030927
v -1.247978 2.146312 0.012958
v -1.207325 2.247010 -0.047680
v -1.276213 2.012708 0.061121
v -1.290035 2.066216 0.075146
v -1.277360 1.926931 0.115743
v -1.331658 1.971876 0.143574
v -1.257103 2.383528 -0.013407
v -1.296456 2.324748 0.055619
v -1.141541 2.293071 -0.108120
v -1.212740 2.434734 -0.080804
v -1.054154 1.986188 -0.056540
v -1.343956 2.254250 0.123018
v -1.396097 2.144889 0.213002
v -1.124944 2.478972 -0.147863
v -1.058378 2.330037 -0.156900
v -0.649278 1.023713 -0.292370
v -0.519147 1.004949 -0.317770
v -0.556795 0.855775 -0.284075
v -0.696230 0.898956 -0.282642
v -0.503196 1.151710 -0.317718
v -0.642600 1.161474 -0.280954
v -0.435922 0.969663 -0.423539
v -0.400274 1.074078 -0.390976
v -0.420583 0.852240 -0.346090
v -0.634444 0.708776 -0.228461
v -0.772064 0.783959 -0.254979
v -0.525226 0.638067 -0.304367
v -1.338564 1.752073 0.253980
v -1.219802 1.715604 0.158817
v -1.280509 1.629378 0.183012
v -1.358600 1.664196 0.275913
v -1.253384 1.807376 0.163714
v -1.345785 1.842773 0.216614
v -1.162915 1.653719 0.096936
v -1.221148 1.592561 0.095635
v -1.033097 1.601735 0.016143
v -1.086807 1.555156 0.021107
v -1.394851 1.546100 0.246011
v -1.312021 1.538356 0.150738
v -1.438964 1.745037 0.382823
v -1.480648 1.571648 0.360597
v -1.429679 1.888197 0.346665
v -1.239646 1.517675 0.069723
v -1.119740 1.505732 -0.011652
v -1.461259 1.392719 0.284033
v -1.388897 1.411763 0.174748
v -1.309601 1.423094 0.085483
v -1.238852 1.429450 0.010091
v -1.126658 1.431906 -0.053371
v -0.834033 0.982979 -0.237309
v -0.765355 1.048830 -0.250768
v -0.920619 0.905211 -0.207171
v -0.877935 0.694527 -0.209164
v -0.705320 0.575980 -0.197993
v -1.014244 0.830521 -0.160237
v -0.971480 0.625636 -0.114072
v -0.787957 0.487845 -0.122522
v -1.105368 0.770126 -0.080765
v -0.910975 1.536617 -0.035163
v -0.864058 1.579039 -0.021033
v -0.655091 1.644095 -0.057135
v -0.683349 1.555315 -0.082834
v -0.952466 1.497339 -0.069154
v -0.735644 1.500448 -0.108570
v -0.591407 1.559795 -0.112771
v -0.589234 1.509207 -0.152509
v -0.527459 1.643240 -0.105298
v -1.417134 2.037765 0.285829
v -0.094634 1.995506 -0.402115
v -0.128114 2.204410 -0.404242
v -0.105140 1.829622 -0.481604
v -0.110354 1.664330 -0.583237
v -0.197273 1.724207 -0.407277
v -0.195877 1.884466 -0.342792
v -0.201705 1.619570 -0.510043
v -0.336214 2.268491 -0.336390
v -0.421420 1.932251 -0.197095
v -0.482605 2.014524 -0.206261
v -0.447349 2.356524 -0.334466
v -0.360531 1.823360 -0.201212
v -0.236963 2.123016 -0.326692
v -0.232317 2.449549 -0.430202
v -0.442449 2.540283 -0.410246
v -0.330521 1.656458 -0.237428
v -0.372352 1.591601 -0.173635
v -0.296075 1.592577 -0.295773
v -0.451868 1.550704 -0.184455
v -0.295049 1.546032 -0.396672
v -0.424483 1.520383 -0.232917
v -0.809479 0.239307 0.016797
v -0.652588 0.307147 -0.140705
v -0.575922 0.238634 -0.160925
v -0.671671 0.161429 -0.040282
v -0.890986 0.444636 -0.032419
v -0.986090 0.391070 0.101131
v -0.549399 0.350334 -0.264020
v -0.544433 0.265206 -0.271928
v -1.044015 0.571047 -0.034018
v -1.123509 0.510408 0.069483
v -1.249159 0.696959 0.092772
v -1.169926 0.731431 -0.003405
v -0.498837 0.414611 -0.315220
v -0.116220 1.004576 -0.914888
v -0.125550 1.109187 -0.963274
v -0.094766 0.918995 -0.849283
v -0.078381 0.862194 -0.784374
v -0.175653 0.936764 -0.798307
v -0.143240 0.892216 -0.730855
v -0.199954 1.009230 -0.871696
v -0.401347 0.914366 -0.501155
v -0.443114 1.004923 -0.498764
v -0.401544 1.040137 -0.632673
v -0.372716 0.960356 -0.638406
v -0.404311 1.074198 -0.496727
v -0.368210 1.083275 -0.606610
v -0.984141 1.438395 -0.103414
v -0.773764 1.449764 -0.145055
v -0.620909 1.455820 -0.186737
v -0.791951 1.302577 -0.205106
v -0.642642 1.310986 -0.246905
v -0.776573 1.155948 -0.236417
v -0.487492 1.293179 -0.301942
v -0.457079 1.436337 -0.278359
v -0.378096 1.265983 -0.377867
v -0.338147 1.394498 -0.389698
v -0.094313 0.257295 -0.538569
v -0.078134 0.230829 -0.484110
v -0.106187 0.357687 -0.602319
v -0.195974 0.356102 -0.588796
v -0.172794 0.261281 -0.504846
v -0.112803 0.517100 -0.630063
v -0.203516 0.507003 -0.586118
v -0.167753 0.232360 -0.460881
v -0.200757 0.549554 -0.533616
v -0.296785 0.483537 -0.556502
v -0.287142 0.533321 -0.488195
v -0.106407 0.560140 -0.556589
v -0.280784 0.347175 -0.525919
v -0.254127 0.262423 -0.465909
v -0.255359 0.232763 -0.416947
v -0.285348 0.591926 -0.459476
v -0.347556 0.504688 -0.445271
v -0.355686 0.568930 -0.435530
v -0.218871 0.612186 -0.508962
v -0.393059 0.440255 -0.492463
v -0.372905 0.321687 -0.459237
v -0.337962 0.252702 -0.399092
v -0.410930 0.468993 -0.405194
v -0.482775 0.389069 -0.396905
v -0.412278 0.629308 -0.383164
v -0.464760 0.295705 -0.377086
v -0.417172 0.238702 -0.323302
v -0.481913 0.215138 -0.226269
v -0.090145 0.008266 -0.393739
v -0.085718 -0.098671 -0.357072
v -0.101841 0.005265 -0.503601
v -0.089482 0.185149 -0.512893
v -0.201046 0.028416 -0.468306
v -0.185678 0.192155 -0.483021
v -0.192257 0.018423 -0.367481
v -0.279376 0.192699 -0.425798
v -0.288758 0.056384 -0.402519
v -0.364978 0.206711 -0.351910
v -0.428653 0.213202 -0.292944
v -0.399353 0.216014 -0.289909
v -0.335218 0.231851 -0.359543
v -0.404838 0.141678 -0.262949
v -0.351089 0.089002 -0.324707
v -0.471108 0.178990 -0.219365
v -0.385825 0.037392 -0.192493
v -0.284475 0.034953 -0.316296
v -0.478107 0.054610 -0.141150
v -0.278456 -0.095523 -0.274276
v -0.331892 -0.052758 -0.224314
v -0.183174 -0.101215 -0.333018
v -0.344569 1.073532 -0.727320
v -0.314515 0.987647 -0.720803
v -0.264473 1.009845 -0.797810
v -0.274642 1.101986 -0.814171
v -0.258127 0.947507 -0.685767
v -0.216043 0.964363 -0.739520
v -0.311479 0.926236 -0.617420
v -0.201066 0.927380 -0.628630
v -0.245249 0.909880 -0.585682
v -0.165022 0.933338 -0.659711
v -0.319153 1.113569 -0.695989
v -0.330713 1.158845 -0.578782
v -0.291530 1.203449 -0.629284
v -0.332488 1.231831 -0.479770
v -0.339296 0.886489 -0.523462
v -0.278239 0.871578 -0.549823
v -0.356862 0.825396 -0.415042
v -0.276234 0.801531 -0.491550
v -1.438605 1.150323 0.202131
v -1.366763 1.177277 0.104936
v -1.303248 1.200895 0.020708
v -1.214052 1.220776 -0.059755
v -1.119488 1.248109 -0.118022
v -0.987374 1.277124 -0.164964
v -1.368695 0.917412 0.132403
v -1.306070 0.944939 0.039857
v -1.229746 0.981635 -0.041631
v -1.146075 1.019992 -0.114810
v -0.584866 2.062223 -0.211161
v -0.593951 2.395564 -0.318514
v -0.710276 2.095823 -0.189457
v -0.730753 2.404898 -0.284217
v -0.593803 2.574491 -0.371262
v -0.755505 2.573024 -0.322212
v -0.854804 2.388767 -0.247591
v -0.897228 2.550466 -0.266614
v -0.808687 2.084454 -0.167107
v -1.020239 2.516544 -0.209216
v -0.964226 2.361477 -0.204603
v -0.119501 0.753440 -0.547275
v -0.153603 0.830556 -0.562682
v -0.114964 0.865123 -0.610933
v -0.080533 0.795061 -0.640108
v -0.210536 0.803348 -0.525797
v -0.211584 0.706193 -0.492425
v -0.302920 0.673984 -0.434801
v -0.568717 0.112577 -0.094452
v -0.115084 0.626668 -0.539912
v -0.060844 0.825817 -0.711080
v -0.111939 0.886151 -0.662292
v -0.128110 0.939486 -0.625352
v -0.107309 1.314682 -0.809287
v -0.109888 1.508132 -0.692636
v -0.114668 1.184647 -0.890292
v -0.174521 1.286955 -0.756552
v -0.172747 1.172709 -0.847370
v -0.170547 1.465748 -0.631177
v -0.224862 1.409011 -0.560916
v -0.206696 1.250755 -0.692291
v -0.213033 1.150255 -0.775396
v -0.269233 1.324955 -0.509427
v -0.218609 1.118061 -0.894128
v -0.891805 2.060008 -0.133805
v -0.971330 2.023764 -0.095385
v -1.063737 1.069318 -0.167597
v -0.953220 1.120962 -0.206258
v 0.124470 0.916378 -0.595273
v -0.124470 0.916378 -0.595273
v 0.155520 0.892243 -0.556141
v -0.155520 0.892244 -0.556141
v 0.205592 0.886436 -0.525287
v -0.205592 0.886436 -0.525287
v 1.039352 2.833941 -0.067474
v 1.150606 2.755325 0.002416
v 1.152343 2.684399 -0.052016
v 1.043645 2.758915 -0.117356
v 1.144430 2.605725 -0.093822
v 1.038185 2.676672 -0.154159
v 0.289318 -0.225675 -0.313764
v 0.376795 -0.187618 -0.232620
v 0.410171 -0.282032 -0.205573
v 0.303023 -0.332201 -0.301280
v 0.429512 -0.348370 -0.127203
v 0.308569 -0.402006 -0.218144
v 1.546011 1.859590 0.608489
v 1.563473 1.617996 0.593917
v 1.541390 1.610824 0.502826
v 1.522478 1.839704 0.524410
v 1.508109 1.589202 0.417026
v 1.485202 1.798944 0.451596
v 0.672594 0.004964 0.021285
v 0.764278 0.097277 0.064991
v 0.808167 0.057300 0.132189
v 0.711943 -0.047818 0.083758
v 0.830893 0.014936 0.207815
v 0.729119 -0.099288 0.156791
v 0.204635 3.036645 -0.316905
v 0.391349 3.028207 -0.288101
v 0.400645 2.948932 -0.324686
v 0.203214 2.956084 -0.347435
v 0.408893 2.864685 -0.348126
v 0.202773 2.872075 -0.366658
v -1.451230 2.313331 0.403877
v -1.411768 2.461953 0.311728
v -1.405278 2.408133 0.239724
v -1.441873 2.262603 0.332935
v -1.382174 2.342330 0.182485
v -1.418513 2.212162 0.265270
v -0.308569 -0.402006 -0.218144
v -0.429517 -0.348383 -0.127172
v -0.410199 -0.282060 -0.205530
v -0.303023 -0.332201 -0.301280
v -0.376816 -0.187635 -0.232611
v -0.289318 -0.225675 -0.313764
v -1.523983 1.336725 0.498403
v -1.563478 1.617992 0.593940
v -1.541935 1.611255 0.503989
v -1.504873 1.360317 0.419481
v -1.510204 1.590958 0.421503
v -1.480584 1.379424 0.340399
v -1.291272 0.678591 0.188820
v -1.161333 0.482398 0.159565
v -1.190936 0.462822 0.238239
v -1.320973 0.666472 0.269724
v -1.214827 0.450866 0.320322
v -1.340603 0.659947 0.354212
v -0.093301 -0.430755 -0.293617
v -0.212174 -0.423057 -0.263063
v -0.210409 -0.354636 -0.350347
v -0.094878 -0.363865 -0.382535
v -0.199258 -0.245629 -0.366716
v -0.091733 -0.253919 -0.397947
v -0.577253 -0.082078 -0.043024
v -0.477106 -0.142610 -0.119879
v -0.516938 -0.219893 -0.066348
v -0.612066 -0.147270 0.011719
v -0.544370 -0.275283 0.018260
v -0.621261 -0.208490 0.079372
v 1.235381 2.545413 -0.030324
v 1.284969 2.478511 0.036218
v 1.329496 2.421077 0.104188
v 1.382139 2.342249 0.182432
v 1.418513 2.212162 0.265270
v 1.411768 2.461952 0.311727
v 1.348208 2.558545 0.216886
v 1.323214 2.745088 0.474664
v 1.406922 2.589144 0.533628
v 1.299110 2.620243 0.142345
v 1.267993 2.849855 0.380903
v 1.451230 2.313331 0.403877
v 1.457626 2.442311 0.592382
v 1.491391 2.190478 0.479503
v 1.507481 2.269586 0.626411
v 1.449351 2.091782 0.342745
v 1.241941 2.691547 0.071149
v 1.203477 2.929868 0.306470
v 1.120473 3.003791 0.220630
v 1.003545 3.080898 0.124096
v 0.867124 3.141006 0.046141
v 0.906250 2.898513 -0.133835
v 0.468678 -0.437205 0.129347
v 0.328879 -0.473889 0.057434
v 1.480583 1.379440 0.340404
v 1.272185 0.423300 0.560555
v 1.150006 0.234077 0.531773
v 1.089609 0.285367 0.335899
v 1.214827 0.450866 0.320322
v 1.029398 0.089291 0.493988
v 0.936627 0.125300 0.253078
v 1.291365 0.678551 0.189032
v 1.161333 0.482397 0.159565
v 1.027310 0.345995 0.181456
v 1.340604 0.659947 0.354213
v 1.378202 0.649708 0.579615
v 1.574555 1.617975 0.656901
v 1.556204 1.881344 0.671214
v 1.523981 1.336732 0.498393
v 1.554078 1.327505 0.626755
v 1.471767 1.959935 0.416549
v 1.523047 2.046671 0.559775
v 1.540807 2.075696 0.653725
v 0.933883 -0.026593 0.461331
v 0.825540 -0.147585 0.410283
v 0.875398 0.201625 0.102786
v 0.199255 -0.245634 -0.366719
v 1.460801 1.132914 0.273292
v 1.498749 1.102400 0.436041
v 1.526168 1.079350 0.608004
v 1.399288 0.900399 0.219640
v 1.440822 0.878374 0.385144
v 1.474070 0.862032 0.597620
v 0.589675 2.846942 -0.316798
v 0.760647 2.801840 -0.272452
v 0.910001 2.737356 -0.214217
v 0.091735 -0.253929 -0.397948
v 0.093299 -0.430844 -0.293263
v 0.212166 -0.423061 -0.263060
v 0.219685 -0.497257 0.011967
v 0.090466 -0.501577 -0.016207
v 0.000000 -0.504672 -0.016774
v 0.000009 -0.432510 -0.296278
v 0.000005 -0.256731 -0.402076
v 0.543272 -0.273586 0.013674
v 0.593519 -0.352194 0.225687
v 0.704467 -0.279070 0.346175
v 0.621285 -0.208447 0.079362
v 0.477085 -0.142553 -0.119890
v 0.577256 -0.082041 -0.043030
v 0.751588 2.967172 -0.199483
v 0.576355 3.011779 -0.248948
v 0.536032 3.219927 -0.112162
v 0.711048 3.190055 -0.044790
v 0.357551 3.243381 -0.167908
v 0.205079 3.257113 -0.215787
v 0.000000 3.033534 -0.322949
v 0.000000 3.262802 -0.237467
v 0.000000 2.869441 -0.369995
v -1.235381 2.545414 -0.030325
v -1.284923 2.478348 0.036135
v -1.144377 2.605332 -0.093984
v -1.329496 2.421079 0.104188
v -1.323214 2.745088 0.474664
v -1.348208 2.558546 0.216884
v -1.406922 2.589145 0.533628
v -1.299092 2.620373 0.142480
v -1.267993 2.849855 0.380903
v -1.457626 2.442311 0.592382
v -1.491390 2.190482 0.479505
v -1.507481 2.269586 0.626411
v -1.449352 2.091787 0.342746
v -1.241942 2.691547 0.071148
v -1.203477 2.929868 0.306471
v -1.039355 2.833945 -0.067468
v -1.150567 2.755650 0.002703
v -1.120474 3.003791 0.220631
v -1.003545 3.080898 0.124096
v -1.038264 2.677400 -0.153911
v -0.867125 3.141006 0.046141
v -0.906251 2.898517 -0.133830
v -0.468664 -0.437215 0.129354
v -0.328879 -0.473889 0.057434
v -1.485225 1.798929 0.451649
v -1.089612 0.285371 0.335898
v -1.150006 0.234077 0.531773
v -1.272185 0.423300 0.560555
v -1.029397 0.089291 0.493988
v -0.936471 0.126169 0.251534
v -1.027314 0.346001 0.181453
v -1.378202 0.649708 0.579615
v -1.546014 1.859593 0.608505
v -1.574555 1.617975 0.656901
v -1.556204 1.881344 0.671214
v -1.554078 1.327505 0.626755
v -1.472242 1.960756 0.417335
v -1.523048 2.046674 0.559782
v -1.540807 2.075696 0.653725
v -0.830922 0.014805 0.208042
v -0.933883 -0.026593 0.461331
v -0.825540 -0.147585 0.410282
v -0.729120 -0.099288 0.156793
v -0.875904 0.201333 0.103447
v -0.764275 0.097275 0.064990
v -1.460801 1.132914 0.273292
v -1.498749 1.102400 0.436041
v -1.526168 1.079350 0.608004
v -1.399288 0.900398 0.219639
v -1.440821 0.878374 0.385144
v -1.474070 0.862032 0.597620
v -0.408880 2.864794 -0.348106
v -0.589663 2.847790 -0.316629
v -0.202773 2.872075 -0.366658
v -0.760666 2.802628 -0.272280
v -0.910000 2.737305 -0.214229
v -0.219685 -0.497257 0.011967
v -0.090466 -0.501577 -0.016207
v -0.593511 -0.352208 0.225691
v -0.704467 -0.279070 0.346175
v -0.672595 0.004963 0.021286
v -0.536032 3.219927 -0.112162
v -0.576354 3.011788 -0.248942
v -0.751590 2.967180 -0.199475
v -0.711048 3.190055 -0.044790
v -0.391347 3.028210 -0.288099
v -0.357551 3.243381 -0.167908
v -0.204635 3.036646 -0.316905
v -0.205079 3.257113 -0.215787
v 1.299584 2.553378 0.082844
v 1.349236 2.492570 0.155393
v 1.245032 2.623004 0.013551
v 1.405269 2.408111 0.239709
v 1.441873 2.262603 0.332934
v 1.476636 2.144375 0.406694
v 0.912517 2.821705 -0.181382
v 0.516634 -0.219349 -0.067583
v 0.210397 -0.354650 -0.350348
v 1.504867 1.360345 0.419451
v 1.482650 1.115949 0.353674
v 1.502189 2.011471 0.481791
v 1.190936 0.462822 0.238239
v 1.320997 0.666462 0.269780
v 1.061033 0.311102 0.255631
v 0.916945 0.166931 0.175193
v 0.094879 -0.363908 -0.382421
v 1.423831 0.887366 0.301183
v 0.586014 2.933078 -0.290702
v 0.759966 2.888310 -0.244051
v 0.000000 2.952428 -0.349669
v 0.000016 -0.366287 -0.385113
v 0.612091 -0.147187 0.011704
v -1.245032 2.623005 0.013549
v -1.152322 2.684384 -0.051979
v -1.299568 2.553370 0.082857
v -1.043671 2.759107 -0.117285
v -1.349234 2.492574 0.155391
v -1.476636 2.144385 0.406698
v -0.912519 2.821701 -0.181378
v -0.759977 2.888524 -0.243997
v -1.522487 1.839708 0.524431
v -1.482650 1.115949 0.353674
v -1.502313 2.011686 0.482002
v -1.061039 0.311110 0.255629
v -0.917030 0.167080 0.174961
v -0.808167 0.057262 0.132241
v -0.711944 -0.047818 0.083760
v -1.423831 0.887366 0.301181
v -0.400639 2.948966 -0.324679
v -0.203213 2.956084 -0.347434
v -0.586010 2.933309 -0.290652
v 1.131545 1.980925 0.021275
v 1.191488 1.991336 0.059003
v 1.223012 2.151246 0.038412
v 1.184245 2.253556 -0.020722
v 1.251848 2.019951 0.086408
v 1.263365 2.071163 0.098695
v 1.253241 1.938113 0.139750
v 1.303834 1.979687 0.165355
v 1.228397 2.385217 0.008044
v 1.267386 2.326163 0.076246
v 1.123046 2.300332 -0.078065
v 1.187536 2.434909 -0.054435
v 1.039391 1.995416 -0.025398
v 1.314356 2.255560 0.142941
v 1.364786 2.147511 0.230059
v 1.104793 2.477728 -0.117571
v 1.043754 2.337644 -0.125158
v 0.640649 1.022926 -0.257592
v 0.504101 1.006123 -0.283569
v 0.544738 0.862243 -0.249575
v 0.689107 0.902254 -0.247321
v 0.488277 1.146327 -0.285111
v 0.632696 1.156905 -0.246974
v 0.399299 0.969276 -0.404261
v 0.367302 1.063152 -0.371668
v 0.392632 0.861897 -0.320492
v 0.623940 0.713968 -0.193342
v 0.764802 0.789940 -0.219922
v 0.504735 0.636771 -0.275078
v 1.311524 1.755580 0.278018
v 1.195901 1.712789 0.186793
v 1.257421 1.617558 0.207851
v 1.332966 1.657094 0.300541
v 1.231834 1.818744 0.189752
v 1.318515 1.851754 0.238927
v 1.145228 1.640507 0.125258
v 1.203014 1.577335 0.122832
v 1.022559 1.589227 0.047932
v 1.076353 1.537680 0.051057
v 1.369297 1.535084 0.268483
v 1.288234 1.524780 0.173549
v 1.410349 1.741216 0.404661
v 1.451507 1.564695 0.380749
v 1.399163 1.891601 0.364995
v 1.220358 1.501212 0.095277
v 1.108256 1.485597 0.015764
v 1.429398 1.389535 0.300499
v 1.360883 1.404997 0.195938
v 1.283805 1.414087 0.108682
v 1.217442 1.417740 0.036781
v 1.112118 1.417466 -0.023694
v 0.823971 0.982251 -0.203081
v 0.755604 1.046065 -0.216590
v 0.907888 0.907370 -0.173915
v 0.865500 0.705120 -0.176328
v 0.691008 0.584810 -0.164977
v 0.996850 0.836654 -0.129412
v 0.954215 0.640635 -0.086331
v 0.770233 0.502001 -0.094345
v 1.084181 0.780073 -0.053797
v 0.903500 1.517622 -0.005308
v 0.855921 1.565837 0.011050
v 0.644975 1.630718 -0.025687
v 0.674127 1.537136 -0.053137
v 0.945318 1.475200 -0.042068
v 0.728052 1.478086 -0.081867
v 0.580202 1.541237 -0.084103
v 0.578374 1.487105 -0.126707
v 0.516362 1.628642 -0.074683
v 1.385470 2.042051 0.301689
v 0.000000 2.247499 -0.388205
v 0.000000 2.015115 -0.391985
v 0.077038 1.989318 -0.369564
v 0.117343 2.208713 -0.369826
v 0.000000 1.830311 -0.475167
v 0.084751 1.814107 -0.454897
v 0.000000 1.662576 -0.579352
v 0.091135 1.646789 -0.556620
v 0.168561 1.712053 -0.389210
v 0.170585 1.880684 -0.316740
v 0.173062 1.606573 -0.492593
v 0.324905 2.279083 -0.304253
v 0.410036 1.942310 -0.164833
v 0.475055 2.025810 -0.173284
v 0.439115 2.368103 -0.301778
v 0.341777 1.828338 -0.170550
v 0.219626 2.128547 -0.295483
v 0.225995 2.452567 -0.394033
v 0.435232 2.543126 -0.374059
v 0.311473 1.640790 -0.206543
v 0.353159 1.571272 -0.149212
v 0.268570 1.574993 -0.279387
v 0.433539 1.528446 -0.161690
v 0.266570 1.532311 -0.378229
v 0.405761 1.499588 -0.209388
v 0.788106 0.254012 0.041264
v 0.629924 0.320730 -0.116464
v 0.553485 0.255712 -0.137947
v 0.651107 0.175174 -0.014589
v 0.872225 0.462018 -0.007191
v 0.965558 0.410157 0.123799
v 0.520109 0.353880 -0.239316
v 0.519348 0.284785 -0.250946
v 1.024771 0.587974 -0.008714
v 1.101375 0.529875 0.090680
v 1.222175 0.710424 0.112449
v 1.146676 0.742836 0.021141
v 0.473664 0.410923 -0.287171
v 0.000000 1.101429 -0.923143
v 0.000000 1.023931 -0.885011
v 0.106907 1.024355 -0.884784
v 0.111121 1.102085 -0.922571
v 0.000000 0.946153 -0.825557
v 0.085477 0.945903 -0.825351
v 0.000000 0.894179 -0.767331
v 0.066435 0.895355 -0.768753
v 0.154100 0.964457 -0.786503
v 0.118952 0.920598 -0.731853
v 0.177318 1.028244 -0.848816
v 0.373301 0.935698 -0.487944
v 0.404216 1.001759 -0.492440
v 0.364132 1.033199 -0.617426
v 0.348795 0.983698 -0.619829
v 0.371839 1.058983 -0.491297
v 0.339279 1.063935 -0.598245
v 0.974959 1.421707 -0.072875
v 0.765725 1.431280 -0.115226
v 0.609685 1.437843 -0.157503
v 0.783084 1.292163 -0.172017
v 0.631864 1.301216 -0.214194
v 0.767363 1.150999 -0.202279
v 0.471453 1.285778 -0.270537
v 0.438307 1.423034 -0.250002
v 0.350129 1.257707 -0.354540
v 0.311625 1.385787 -0.366913
v 0.090360 0.284980 -0.514339
v 0.000000 0.286598 -0.522412
v 0.000000 0.244200 -0.432542
v 0.069721 0.244200 -0.432542
v 0.000000 0.372834 -0.565128
v 0.099284 0.372133 -0.569329
v 0.182971 0.370242 -0.556753
v 0.163487 0.288571 -0.482916
v 0.105335 0.500839 -0.589403
v 0.187471 0.491098 -0.552283
v 0.000000 0.442667 -0.620510
v 0.149299 0.244200 -0.414929
v 0.185899 0.528879 -0.505715
v 0.273798 0.470855 -0.524299
v 0.267008 0.514201 -0.463136
v 0.101905 0.538134 -0.524682
v 0.264870 0.363360 -0.496894
v 0.242319 0.289471 -0.445308
v 0.229816 0.244200 -0.376359
v 0.266443 0.584082 -0.430225
v 0.323479 0.487972 -0.421270
v 0.336895 0.562361 -0.405815
v 0.202091 0.605727 -0.477660
v 0.364117 0.431053 -0.463406
v 0.355967 0.340627 -0.432718
v 0.326288 0.281601 -0.380873
v 0.383668 0.456354 -0.382099
v 0.450952 0.380847 -0.374527
v 0.391382 0.626750 -0.354059
v 0.442702 0.316068 -0.353064
v 0.406319 0.267644 -0.304712
v 0.465402 0.239675 -0.204489
v 0.082957 0.043691 -0.368874
v 0.000000 0.039471 -0.376424
v 0.000000 -0.098582 -0.327886
v 0.079420 -0.097310 -0.320381
v 0.000000 0.034853 -0.479410
v 0.091514 0.040630 -0.470700
v 0.000000 0.174449 -0.484519
v 0.083075 0.174770 -0.477244
v 0.181785 0.058913 -0.439407
v 0.170872 0.182595 -0.449747
v 0.177689 0.050264 -0.343602
v 0.256945 0.184685 -0.396526
v 0.263920 0.079546 -0.378930
v 0.337224 0.198755 -0.324867
v 0.399877 0.222527 -0.260212
v 0.370453 0.244200 -0.243054
v 0.302362 0.244200 -0.317323
v 0.380405 0.155874 -0.240907
v 0.325087 0.105846 -0.304154
v 0.449380 0.196138 -0.196150
v 0.360045 0.049772 -0.166843
v 0.261632 0.059748 -0.295064
v 0.455431 0.065528 -0.114970
v 0.255942 -0.095880 -0.244586
v 0.307458 -0.054669 -0.197137
v 0.168754 -0.100603 -0.298502
v 0.310046 1.062170 -0.706099
v 0.293031 1.010586 -0.698583
v 0.239999 1.031021 -0.777254
v 0.240643 1.087711 -0.792388
v 0.252129 0.980090 -0.671636
v 0.199659 0.996906 -0.729850
v 0.303738 0.957774 -0.601514
v 0.213573 0.966721 -0.631180
v 0.262198 0.947514 -0.576087
v 0.148603 0.971988 -0.674657
v 0.293595 1.090745 -0.683799
v 0.300790 1.142537 -0.568446
v 0.263171 1.186505 -0.615023
v 0.301239 1.218869 -0.467351
v 0.323211 0.914104 -0.505856
v 0.281517 0.898450 -0.510728
v 0.332357 0.838597 -0.388489
v 0.259887 0.813925 -0.460117
v 1.406447 1.151389 0.218555
v 1.338308 1.176067 0.126560
v 1.277110 1.198704 0.045111
v 1.191994 1.216772 -0.031665
v 1.103221 1.241246 -0.086717
v 0.976947 1.267796 -0.131945
v 1.338434 0.925636 0.150557
v 1.279471 0.950934 0.063270
v 1.205723 0.986355 -0.015342
v 1.125979 1.022542 -0.085110
v 0.577745 2.073310 -0.178046
v 0.585832 2.406304 -0.285509
v 0.702131 2.106344 -0.156430
v 0.721730 2.414458 -0.251098
v 0.584375 2.576276 -0.335787
v 0.743739 2.573834 -0.287608
v 0.844641 2.397453 -0.214507
v 0.882931 2.550240 -0.233041
v 0.799823 2.094689 -0.134154
v 1.003121 2.515533 -0.177024
v 0.951686 2.369587 -0.172165
v 0.104010 0.766709 -0.513439
v 0.129691 0.835451 -0.534585
v 0.082071 0.872327 -0.595581
v 0.060182 0.823211 -0.618606
v 0.197015 0.811095 -0.492584
v 0.194695 0.710055 -0.460224
v 0.284012 0.673816 -0.403668
v 0.547096 0.123945 -0.068316
v 0.106321 0.622988 -0.504957
v 0.000000 0.628860 -0.515585
v 0.000000 0.502733 -0.543055
v 0.000000 0.764160 -0.537228
v 0.000000 0.824739 -0.622412
v 0.000000 0.860098 -0.697635
v 0.043276 0.860026 -0.697642
v 0.077887 0.904497 -0.666378
v 0.089546 0.954511 -0.632733
v 0.000000 1.493890 -0.675696
v 0.000000 1.307673 -0.802916
v 0.090254 1.296671 -0.781864
v 0.091813 1.490573 -0.665053
v 0.000000 1.169528 -0.886442
v 0.101198 1.163126 -0.863704
v 0.145746 1.274102 -0.738755
v 0.147510 1.150564 -0.830818
v 0.141905 1.454799 -0.612548
v 0.194735 1.399528 -0.544040
v 0.177264 1.236981 -0.676567
v 0.187253 1.126966 -0.762490
v 0.239522 1.313227 -0.492922
v 0.000000 2.481405 -0.412748
v 0.187840 1.105499 -0.865935
v 0.880752 2.070123 -0.101498
v 0.959091 2.033546 -0.063415
v 1.048722 1.068952 -0.134929
v 0.943340 1.117588 -0.171971
v -1.223012 2.151246 0.038412
v -1.191488 1.991336 0.059003
v -1.131545 1.980925 0.021275
v -1.184245 2.253556 -0.020722
v -1.251848 2.019951 0.086408
v -1.263365 2.071163 0.098695
v -1.253241 1.938113 0.139750
v -1.303834 1.979687 0.165355
v -1.228397 2.385217 0.008044
v -1.267386 2.326163 0.076246
v -1.123046 2.300332 -0.078065
v -1.187536 2.434909 -0.054435
v -1.039391 1.995416 -0.025398
v -1.314356 2.255560 0.142941
v -1.364786 2.147511 0.230059
v -1.104793 2.477728 -0.117571
v -1.043754 2.337644 -0.125158
v -0.544738 0.862243 -0.249575
v -0.504101 1.006123 -0.283569
v -0.640649 1.022926 -0.257592
v -0.689107 0.902254 -0.247321
v -0.488277 1.146327 -0.285111
v -0.632696 1.156905 -0.246974
v -0.399299 0.969276 -0.404261
v -0.367302 1.063152 -0.371668
v -0.392632 0.861897 -0.320492
v -0.623940 0.713968 -0.193342
v -0.764802 0.789940 -0.219922
v -0.504735 0.636771 -0.275078
v -1.257421 1.617558 0.207851
v -1.195901 1.712789 0.186793
v -1.311524 1.755580 0.278018
v -1.332966 1.657094 0.300541
v -1.231834 1.818744 0.189752
v -1.318515 1.851754 0.238927
v -1.145228 1.640507 0.125258
v -1.203014 1.577335 0.122832
v -1.022559 1.589227 0.047932
v -1.076353 1.537680 0.051057
v -1.369297 1.535084 0.268483
v -1.288234 1.524780 0.173549
v -1.410349 1.741216 0.404661
v -1.451507 1.564695 0.380749
v -1.399163 1.891601 0.364995
v -1.220358 1.501212 0.095277
v -1.108256 1.485597 0.015764
v -1.429398 1.389535 0.300499
v -1.360883 1.404997 0.195938
v -1.283805 1.414087 0.108682
v -1.217442 1.417740 0.036781
v -1.112118 1.417466 -0.023694
v -0.823971 0.982251 -0.203081
v -0.755604 1.046065 -0.216590
v -0.907888 0.907370 -0.173915
v -0.865500 0.705120 -0.176328
v -0.691008 0.584810 -0.164977
v -0.996850 0.836654 -0.129412
v -0.954215 0.640635 -0.086331
v -0.770233 0.502001 -0.094345
v -1.084181 0.780073 -0.053797
v -0.644975 1.630718 -0.025687
v -0.855921 1.565837 0.011050
v -0.903500 1.517622 -0.005308
v -0.674127 1.537136 -0.053137
v -0.945318 1.475200 -0.042068
v -0.728052 1.478086 -0.081867
v -0.578374 1.487105 -0.126707
v -0.580202 1.541237 -0.084103
v -0.516362 1.628642 -0.074683
v -1.385470 2.042051 0.301689
v -0.077038 1.989318 -0.369564
v -0.117343 2.208713 -0.369826
v -0.084751 1.814107 -0.454897
v -0.091135 1.646789 -0.556620
v -0.168561 1.712053 -0.389210
v -0.170585 1.880684 -0.316740
v -0.173062 1.606573 -0.492593
v -0.475055 2.025810 -0.173284
v -0.410036 1.942310 -0.164833
v -0.324905 2.279083 -0.304253
v -0.439115 2.368103 -0.301778
v -0.341777 1.828338 -0.170550
v -0.219626 2.128547 -0.295483
v -0.225995 2.452567 -0.394033
v -0.435232 2.543126 -0.374059
v -0.311473 1.640790 -0.206543
v -0.268570 1.574993 -0.279387
v -0.353159 1.571272 -0.149212
v -0.433539 1.528446 -0.161690
v -0.266570 1.532311 -0.378229
v -0.405761 1.499588 -0.209388
v -0.553485 0.255712 -0.137947
v -0.629924 0.320730 -0.116464
v -0.788106 0.254012 0.041264
v -0.651107 0.175174 -0.014589
v -0.872225 0.462018 -0.007191
v -0.965558 0.410157 0.123799
v -0.520109 0.353880 -0.239316
v -0.519348 0.284785 -0.250946
v -1.024771 0.587974 -0.008714
v -1.101375 0.529875 0.090680
v -1.222175 0.710424 0.112449
v -1.146676 0.742836 0.021141
v -0.473664 0.410923 -0.287171
v -0.106907 1.024355 -0.884784
v -0.111121 1.102085 -0.922571
v -0.085477 0.945903 -0.825351
v -0.066435 0.895355 -0.768753
v -0.154100 0.964457 -0.786503
v -0.118952 0.920598 -0.731853
v -0.177318 1.028244 -0.848816
v -0.364132 1.033199 -0.617426
v -0.404216 1.001759 -0.492440
v -0.373301 0.935698 -0.487944
v -0.348795 0.983698 -0.619829
v -0.371839 1.058983 -0.491297
v -0.339279 1.063935 -0.598245
v -0.974959 1.421707 -0.072875
v -0.765725 1.431280 -0.115226
v -0.609685 1.437843 -0.157503
v -0.631864 1.301216 -0.214194
v -0.783084 1.292163 -0.172017
v -0.767363 1.150999 -0.202279
v -0.471453 1.285778 -0.270537
v -0.438307 1.423034 -0.250002
v -0.350129 1.257707 -0.354540
v -0.311625 1.385787 -0.366913
v -0.090360 0.284980 -0.514339
v -0.069721 0.244200 -0.432542
v -0.099284 0.372133 -0.569329
v -0.182971 0.370242 -0.556753
v -0.163487 0.288571 -0.482916
v -0.105335 0.500839 -0.589403
v -0.187471 0.491098 -0.552283
v -0.149299 0.244200 -0.414929
v -0.273798 0.470855 -0.524299
v -0.185899 0.528879 -0.505715
v -0.267008 0.514201 -0.463136
v -0.101905 0.538134 -0.524682
v -0.264870 0.363360 -0.496894
v -0.242319 0.289471 -0.445308
v -0.229816 0.244200 -0.376359
v -0.323479 0.487972 -0.421270
v -0.266443 0.584082 -0.430225
v -0.336895 0.562361 -0.405815
v -0.202091 0.605727 -0.477660
v -0.364117 0.431053 -0.463406
v -0.355967 0.340627 -0.432718
v -0.326288 0.281601 -0.380873
v -0.383668 0.456354 -0.382099
v -0.450952 0.380847 -0.374527
v -0.391382 0.626750 -0.354059
v -0.442702 0.316068 -0.353064
v -0.406319 0.267644 -0.304712
v -0.465402 0.239675 -0.204489
v -0.082957 0.043691 -0.368874
v -0.079420 -0.097310 -0.320381
v -0.091514 0.040630 -0.470700
v -0.083075 0.174770 -0.477244
v -0.181785 0.058913 -0.439407
v -0.170872 0.182595 -0.449747
v -0.177689 0.050264 -0.343602
v -0.256945 0.184685 -0.396526
v -0.263920 0.079546 -0.378930
v -0.370453 0.244200 -0.243054
v -0.399877 0.222527 -0.260212
v -0.337224 0.198755 -0.324867
v -0.302362 0.244200 -0.317323
v -0.380405 0.155874 -0.240907
v -0.325087 0.105846 -0.304154
v -0.449380 0.196138 -0.196150
v -0.360045 0.049772 -0.166843
v -0.261632 0.059748 -0.295064
v -0.455431 0.065528 -0.114970
v -0.307458 -0.054669 -0.197137
v -0.255942 -0.095880 -0.244586
v -0.168754 -0.100603 -0.298502
v -0.293031 1.010586 -0.698583
v -0.310046 1.062170 -0.706099
v -0.239999 1.031021 -0.777254
v -0.240643 1.087711 -0.792388
v -0.252129 0.980090 -0.671636
v -0.199659 0.996906 -0.729850
v -0.303738 0.957774 -0.601514
v -0.213573 0.966721 -0.631180
v -0.262198 0.947514 -0.576087
v -0.148603 0.971988 -0.674657
v -0.300790 1.142537 -0.568446
v -0.293595 1.090745 -0.683799
v -0.263171 1.186505 -0.615023
v -0.301239 1.218869 -0.467351
v -0.323211 0.914104 -0.505856
v -0.281517 0.898450 -0.510728
v -0.332357 0.838597 -0.388489
v -0.259887 0.813925 -0.460117
v -1.406447 1.151389 0.218555
v -1.338308 1.176067 0.126560
v -1.277110 1.198704 0.045111
v -1.191994 1.216772 -0.031665
v -1.103221 1.241246 -0.086717
v -0.976947 1.267796 -0.131945
v -1.338434 0.925636 0.150557
v -1.279471 0.950934 0.063270
v -1.205723 0.986355 -0.015342
v -1.125979 1.022542 -0.085110
v -0.577745 2.073310 -0.178046
v -0.585832 2.406304 -0.285509
v -0.702131 2.106344 -0.156430
v -0.721730 2.414458 -0.251098
v -0.584375 2.576276 -0.335787
v -0.743739 2.573834 -0.287608
v -0.844641 2.397453 -0.214507
v -0.882931 2.550240 -0.233041
v -0.799823 2.094689 -0.134154
v -1.003121 2.515533 -0.177024
v -0.951686 2.369587 -0.172165
v -0.082071 0.872327 -0.595581
v -0.129691 0.835451 -0.534585
v -0.104010 0.766709 -0.513439
v -0.060182 0.823211 -0.618606
v -0.197015 0.811095 -0.492584
v -0.194695 0.710055 -0.460224
v -0.284012 0.673816 -0.403668
v -0.547096 0.123945 -0.068316
v -0.106321 0.622988 -0.504957
v -0.043276 0.860026 -0.697642
v -0.077887 0.904497 -0.666378
v -0.089546 0.954511 -0.632733
v -0.090254 1.296671 -0.781864
v -0.091813 1.490573 -0.665053
v -0.101198 1.163126 -0.863704
v -0.145746 1.274102 -0.738755
v -0.147510 1.150564 -0.830818
v -0.141905 1.454799 -0.612548
v -0.194735 1.399528 -0.544040
v -0.177264 1.236981 -0.676567
v -0.187253 1.126966 -0.762490
v -0.239522 1.313227 -0.492922
v -0.187840 1.105499 -0.865935
v -0.880752 2.070123 -0.101498
v -0.959091 2.033546 -0.063415
v -1.048722 1.068952 -0.134929
v -0.943340 1.117588 -0.171971
v 0.091118 0.920524 -0.577984
v -0.091118 0.920524 -0.577984
v 0.130332 0.894330 -0.529467
v -0.130332 0.894330 -0.529467
v 0.193794 0.887267 -0.487838
v -0.193794 0.887267 -0.487838
v 1.128238 2.670860 -0.029251
v 1.125114 2.738268 0.020683
v 1.016705 2.816208 -0.046216
v 1.022079 2.745099 -0.092241
v 1.121876 2.596530 -0.067741
v 1.018452 2.667236 -0.125922
v 0.382354 -0.274485 -0.182631
v 0.353026 -0.191333 -0.205936
v 0.269083 -0.230138 -0.284148
v 0.280058 -0.319631 -0.273901
v 0.404082 -0.327134 -0.111369
v 0.290693 -0.374098 -0.202322
v 1.507494 1.609366 0.514450
v 1.528683 1.617451 0.601961
v 1.511420 1.857063 0.616693
v 1.489160 1.837270 0.537321
v 1.476013 1.585748 0.432997
v 1.454220 1.796247 0.469593
v 0.783078 0.072804 0.152533
v 0.742016 0.110483 0.089618
v 0.649655 0.014273 0.047056
v 0.685827 -0.034795 0.104695
v 0.804275 0.032899 0.223328
v 0.701856 -0.082352 0.172358
v 0.394810 2.936536 -0.291640
v 0.383803 3.011791 -0.257295
v 0.200665 3.022636 -0.284239
v 0.200805 2.945307 -0.313441
v 0.403963 2.856577 -0.313709
v 0.200675 2.864717 -0.331846
v -1.371778 2.403176 0.251926
v -1.378028 2.452530 0.319398
v -1.416853 2.307033 0.410981
v -1.407845 2.259896 0.343585
v -1.350605 2.341256 0.199229
v -1.385832 2.212404 0.279514
v -0.382354 -0.274485 -0.182631
v -0.404082 -0.327134 -0.111369
v -0.290693 -0.374098 -0.202322
v -0.280058 -0.319631 -0.273901
v -0.353026 -0.191333 -0.205936
v -0.269083 -0.230138 -0.284148
v -1.508021 1.609818 0.515571
v -1.528683 1.617451 0.601961
v -1.489285 1.338740 0.506141
v -1.470545 1.361403 0.428989
v -1.478093 1.587534 0.437430
v -1.446863 1.379241 0.351921
v -1.164160 0.482492 0.251942
v -1.136630 0.502550 0.176399
v -1.261992 0.693303 0.202945
v -1.290520 0.681549 0.280776
v -1.186022 0.469366 0.330807
v -1.309263 0.675020 0.362101
v -0.195480 -0.337497 -0.319247
v -0.202146 -0.391597 -0.247261
v -0.089751 -0.398137 -0.277870
v -0.088905 -0.344462 -0.349572
v -0.185317 -0.248821 -0.333196
v -0.085867 -0.256044 -0.361992
v -0.488993 -0.211552 -0.044689
v -0.453086 -0.141335 -0.093102
v -0.554339 -0.075889 -0.016289
v -0.585632 -0.135778 0.033326
v -0.516712 -0.258480 0.033755
v -0.593948 -0.191622 0.094996
v 1.207799 2.538867 -0.008038
v 1.254446 2.475555 0.054452
v 1.298926 2.419040 0.122473
v 1.350571 2.341175 0.199176
v 1.385832 2.212404 0.279514
v 1.291101 2.731521 0.481906
v 1.316032 2.546247 0.226227
v 1.378028 2.452530 0.319398
v 1.373500 2.578003 0.539861
v 1.267509 2.607442 0.152918
v 1.236370 2.835890 0.389628
v 1.416853 2.307033 0.410981
v 1.423420 2.434479 0.598465
v 1.456977 2.185667 0.487587
v 1.473077 2.263460 0.633409
v 1.416646 2.093337 0.356827
v 1.212945 2.676110 0.085657
v 1.174319 2.913477 0.319082
v 1.094261 2.985954 0.236912
v 0.980505 3.062026 0.143847
v 0.847342 3.121407 0.068344
v 0.886751 2.880218 -0.110225
v 0.446538 -0.411189 0.141356
v 0.314944 -0.442534 0.067499
v 1.446863 1.379241 0.351921
v 1.062801 0.304760 0.349256
v 1.122477 0.253133 0.543934
v 1.242465 0.440756 0.569925
v 1.186022 0.469366 0.330807
v 1.002499 0.108350 0.507427
v 0.910062 0.143800 0.267993
v 1.136630 0.502550 0.176399
v 1.262085 0.693263 0.203157
v 1.004407 0.365192 0.201535
v 1.309263 0.675020 0.362101
v 1.346531 0.664511 0.586451
v 1.539568 1.617541 0.663920
v 1.521329 1.878776 0.677896
v 1.489285 1.338740 0.506141
v 1.519302 1.329828 0.634023
v 1.439752 1.961751 0.432148
v 1.488469 2.044086 0.568035
v 1.506036 2.072305 0.660657
v 0.906890 -0.007900 0.475101
v 0.798209 -0.129403 0.424060
v 0.852105 0.216537 0.125340
v 0.185317 -0.248821 -0.333196
v 1.426937 1.135978 0.284334
v 1.464094 1.107100 0.443277
v 1.491480 1.084548 0.614610
v 1.367170 0.910089 0.232195
v 1.407418 0.889035 0.392243
v 1.440586 0.872944 0.603792
v 0.580804 2.838229 -0.283333
v 0.747397 2.793015 -0.240439
v 0.893204 2.728205 -0.184085
v 0.085867 -0.256044 -0.361992
v 0.212268 -0.463471 0.021170
v 0.202146 -0.391597 -0.247261
v 0.089749 -0.398225 -0.277526
v 0.088065 -0.467175 -0.007268
v 0.000000 -0.470174 -0.007922
v 0.000000 -0.399758 -0.280607
v 0.000000 -0.258522 -0.365776
v 0.566924 -0.332358 0.238644
v 0.515598 -0.256840 0.029207
v 0.677224 -0.260565 0.359700
v 0.593948 -0.191622 0.094996
v 0.453086 -0.141335 -0.093102
v 0.554339 -0.075889 -0.016289
v 0.524677 3.200253 -0.084664
v 0.565668 2.993507 -0.220149
v 0.735786 2.948480 -0.173333
v 0.694884 3.169938 -0.020028
v 0.348734 3.225728 -0.138215
v 0.199862 3.242079 -0.183768
v 0.000000 3.249138 -0.204512
v 0.000000 3.020765 -0.289662
v 0.000000 2.862205 -0.335090
v -1.207799 2.538867 -0.008038
v -1.254399 2.475393 0.054368
v -1.121820 2.596136 -0.067907
v -1.298927 2.419041 0.122474
v -1.316032 2.546246 0.226226
v -1.291101 2.731521 0.481906
v -1.373500 2.578003 0.539861
v -1.267492 2.607572 0.153053
v -1.236370 2.835890 0.389628
v -1.423420 2.434479 0.598465
v -1.456977 2.185667 0.487587
v -1.473077 2.263460 0.633409
v -1.416646 2.093337 0.356827
v -1.212945 2.676110 0.085657
v -1.174319 2.913477 0.319082
v -1.094261 2.985954 0.236912
v -1.125074 2.738592 0.020966
v -1.016705 2.816208 -0.046216
v -0.980505 3.062026 0.143847
v -1.018525 2.667960 -0.125678
v -0.847342 3.121407 0.068344
v -0.886751 2.880218 -0.110225
v -0.446538 -0.411189 0.141356
v -0.314944 -0.442534 0.067499
v -1.454220 1.796247 0.469593
v -1.242465 0.440756 0.569925
v -1.122477 0.253133 0.543934
v -1.062801 0.304760 0.349256
v -1.002499 0.108350 0.507427
v -0.909909 0.144669 0.266455
v -1.004407 0.365192 0.201535
v -1.346531 0.664511 0.586451
v -1.539568 1.617541 0.663920
v -1.511420 1.857063 0.616693
v -1.521329 1.878776 0.677896
v -1.519302 1.329828 0.634023
v -1.440224 1.962567 0.432930
v -1.488469 2.044086 0.568035
v -1.506036 2.072305 0.660657
v -0.906890 -0.007900 0.475101
v -0.804309 0.032772 0.223560
v -0.798209 -0.129403 0.424060
v -0.701856 -0.082353 0.172358
v -0.852611 0.216241 0.126005
v -0.742016 0.110483 0.089618
v -1.426937 1.135978 0.284334
v -1.464094 1.107100 0.443277
v -1.491480 1.084548 0.614610
v -1.367170 0.910089 0.232195
v -1.407418 0.889035 0.392243
v -1.440586 0.872944 0.603792
v -0.403953 2.856682 -0.313689
v -0.580793 2.839068 -0.283165
v -0.200675 2.864717 -0.331846
v -0.747410 2.793793 -0.240271
v -0.893201 2.728149 -0.184101
v -0.212268 -0.463471 0.021170
v -0.088065 -0.467175 -0.007268
v -0.566924 -0.332358 0.238644
v -0.677224 -0.260565 0.359700
v -0.649656 0.014273 0.047056
v -0.735786 2.948480 -0.173333
v -0.565668 2.993507 -0.220149
v -0.524677 3.200253 -0.084664
v -0.694884 3.169938 -0.020028
v -0.383803 3.011791 -0.257295
v -0.348734 3.225728 -0.138215
v -0.200665 3.022636 -0.284239
v -0.199862 3.242079 -0.183768
v 1.268147 2.545025 0.097927
v 1.317262 2.485010 0.169850
v 1.216491 2.611542 0.032616
v 1.371770 2.403155 0.251913
v 1.407845 2.259896 0.343585
v 1.442760 2.142854 0.418012
v 0.893948 2.807741 -0.154109
v 0.488702 -0.211123 -0.045874
v 0.195480 -0.337497 -0.319247
v 1.470545 1.361403 0.428989
v 1.448291 1.119683 0.362820
v 1.468568 2.011080 0.493895
v 1.164160 0.482492 0.251942
v 1.290543 0.681539 0.280829
v 1.035951 0.330479 0.272410
v 0.891579 0.183551 0.194121
v 0.088904 -0.344488 -0.349471
v 1.390886 0.897439 0.311028
v 0.576409 2.919392 -0.258973
v 0.745161 2.874305 -0.214436
v 0.000000 2.942372 -0.315463
v 0.000000 -0.346535 -0.352024
v 0.585632 -0.135778 0.033326
v -1.216491 2.611542 0.032616
v -1.128213 2.670842 -0.029222
v -1.268130 2.545017 0.097940
v -1.022098 2.745282 -0.092179
v -1.317262 2.485010 0.169850
v -1.442760 2.142854 0.418012
v -0.893947 2.807727 -0.154113
v -0.745165 2.874502 -0.214394
v -1.489160 1.837270 0.537321
v -1.448291 1.119683 0.362820
v -1.468688 2.011287 0.494094
v -1.035951 0.330479 0.272410
v -0.891669 0.183697 0.193899
v -0.783087 0.072772 0.152592
v -0.685827 -0.034795 0.104695
v -1.390886 0.897439 0.311028
v -0.394808 2.936562 -0.291635
v -0.200805 2.945307 -0.313441
v -0.576406 2.919604 -0.258931

# UV coordinates
vt 0.212254 0.670825
vt 0.214831 0.635521
vt 0.230524 0.634263
vt 0.227886 0.693110
vt 0.200062 0.640740
vt 0.196234 0.652283
vt 0.191819 0.618601
vt 0.179316 0.629930
vt 0.216678 0.721544
vt 0.199598 0.708640
vt 0.247213 0.703449
vt 0.233826 0.732617
vt 0.253832 0.638116
vt 0.181768 0.692948
vt 0.159297 0.668204
vt 0.257107 0.742095
vt 0.268230 0.711355
vt 0.362812 0.378577
vt 0.369944 0.413965
vt 0.343894 0.416832
vt 0.335388 0.388553
vt 0.369916 0.449105
vt 0.342789 0.448393
vt 0.397143 0.408729
vt 0.392621 0.435128
vt 0.392123 0.378315
vt 0.346641 0.344171
vt 0.320224 0.362720
vt 0.374329 0.330755
vt 0.179016 0.550806
vt 0.193334 0.570722
vt 0.159360 0.578161
vt 0.152485 0.558028
vt 0.187334 0.590715
vt 0.164814 0.599868
vt 0.212673 0.558676
vt 0.201636 0.541948
vt 0.245439 0.546371
vt 0.234661 0.535362
vt 0.151451 0.529040
vt 0.178420 0.527977
vt 0.123119 0.575464
vt 0.121065 0.533952
vt 0.130771 0.608687
vt 0.201257 0.523438
vt 0.231505 0.520769
vt 0.135608 0.492596
vt 0.162867 0.497487
vt 0.187433 0.500353
vt 0.208403 0.501241
vt 0.234407 0.502413
vt 0.306354 0.406270
vt 0.319474 0.421552
vt 0.288810 0.388512
vt 0.298329 0.342601
vt 0.331655 0.313180
vt 0.268621 0.371482
vt 0.273768 0.324534
vt 0.310334 0.290309
vt 0.245486 0.356961
vt 0.324863 0.562587
vt 0.281894 0.544949
vt 0.273709 0.533920
vt 0.321061 0.542361
vt 0.267997 0.521107
vt 0.312734 0.527427
vt 0.343715 0.531604
vt 0.340614 0.544556
vt 0.352696 0.563761
vt 0.143352 0.643403
vt 0.484355 0.632097
vt 0.509677 0.637250
vt 0.509723 0.686434
vt 0.479690 0.677904
vt 0.509601 0.594426
vt 0.483985 0.593125
vt 0.509518 0.557464
vt 0.484570 0.555090
vt 0.451197 0.576175
vt 0.451568 0.611297
vt 0.457843 0.549483
vt 0.383029 0.641326
vt 0.392574 0.623726
vt 0.429887 0.693156
vt 0.407009 0.713123
vt 0.400907 0.601203
vt 0.448103 0.660918
vt 0.458908 0.732750
vt 0.413772 0.753850
vt 0.403727 0.568061
vt 0.412171 0.553352
vt 0.386438 0.557116
vt 0.372515 0.543553
vt 0.423810 0.538125
vt 0.381268 0.535782
vt 0.359196 0.234457
vt 0.340928 0.249629
vt 0.295722 0.227918
vt 0.329643 0.211571
vt 0.282233 0.277512
vt 0.249659 0.259524
vt 0.372083 0.266323
vt 0.379243 0.248821
vt 0.253350 0.310663
vt 0.228354 0.295203
vt 0.201692 0.337399
vt 0.226198 0.346821
vt 0.384489 0.283325
vt 0.492621 0.425994
vt 0.509571 0.425160
vt 0.509546 0.443667
vt 0.492775 0.444298
vt 0.509601 0.408235
vt 0.494553 0.408778
vt 0.509636 0.394200
vt 0.496369 0.394867
vt 0.478935 0.408732
vt 0.481597 0.394643
vt 0.478606 0.425741
vt 0.431305 0.426611
vt 0.410108 0.417020
vt 0.415611 0.397215
vt 0.435902 0.411118
vt 0.409809 0.433752
vt 0.428912 0.437690
vt 0.264812 0.505491
vt 0.307923 0.512488
vt 0.339999 0.516822
vt 0.339926 0.482467
vt 0.309462 0.477900
vt 0.315564 0.445377
vt 0.371755 0.481962
vt 0.377550 0.514502
vt 0.396040 0.478343
vt 0.407589 0.506738
vt 0.509970 0.248740
vt 0.509961 0.259821
vt 0.489641 0.258875
vt 0.491783 0.248389
vt 0.509942 0.278390
vt 0.488197 0.279606
vt 0.470348 0.279031
vt 0.471476 0.256268
vt 0.486934 0.307668
vt 0.466809 0.306487
vt 0.509914 0.298371
vt 0.470356 0.247016
vt 0.447797 0.300388
vt 0.462104 0.318148
vt 0.440163 0.314037
vt 0.484516 0.321898
vt 0.450249 0.274056
vt 0.452197 0.254154
vt 0.448230 0.243986
vt 0.424248 0.307957
vt 0.436369 0.325689
vt 0.420731 0.320057
vt 0.455138 0.329352
vt 0.425951 0.290757
vt 0.428166 0.266996
vt 0.430185 0.248178
vt 0.409083 0.298894
vt 0.401476 0.278781
vt 0.403311 0.331243
vt 0.403829 0.259882
vt 0.407634 0.242058
vt 0.385161 0.230144
vt 0.509916 0.170526
vt 0.509944 0.188619
vt 0.488407 0.189870
vt 0.489137 0.170569
vt 0.509962 0.207954
vt 0.490758 0.208277
vt 0.509975 0.239764
vt 0.490918 0.239177
vt 0.470160 0.209128
vt 0.469608 0.238288
vt 0.463619 0.192363
vt 0.446268 0.235152
vt 0.448240 0.208999
vt 0.409046 0.236073
vt 0.403405 0.233931
vt 0.421956 0.233176
vt 0.426940 0.239892
vt 0.405531 0.216458
vt 0.426261 0.209586
vt 0.387141 0.222313
vt 0.403709 0.190399
vt 0.438683 0.195171
vt 0.380267 0.191930
vt 0.439212 0.168381
vt 0.421052 0.174247
vt 0.465247 0.169379
vt 0.451247 0.417616
vt 0.447522 0.434307
vt 0.464503 0.423427
vt 0.463488 0.440699
vt 0.455785 0.404422
vt 0.466728 0.407833
vt 0.441766 0.398849
vt 0.460083 0.390798
vt 0.449627 0.387417
vt 0.468190 0.391890
vt 0.427931 0.454955
vt 0.444944 0.444487
vt 0.439404 0.464443
vt 0.414665 0.471212
vt 0.427529 0.387423
vt 0.440366 0.381321
vt 0.411891 0.371652
vt 0.436505 0.365600
vt 0.152702 0.437693
vt 0.176706 0.444731
vt 0.197579 0.450347
vt 0.221246 0.455045
vt 0.243011 0.461345
vt 0.270371 0.468893
vt 0.175303 0.386712
vt 0.196957 0.394216
vt 0.218515 0.403086
vt 0.239941 0.412105
vt 0.362828 0.652788
vt 0.375356 0.723364
vt 0.336295 0.660691
vt 0.344777 0.726204
vt 0.380366 0.761807
vt 0.344038 0.761982
vt 0.316620 0.723547
vt 0.311556 0.757400
vt 0.314075 0.659036
vt 0.282694 0.750217
vt 0.291109 0.718071
vt 0.477006 0.374776
vt 0.468083 0.366385
vt 0.478151 0.353984
vt 0.492378 0.368287
vt 0.453149 0.363196
vt 0.452819 0.346212
vt 0.428547 0.341081
vt 0.356196 0.202653
vt 0.509878 0.317588
vt 0.509830 0.334764
vt 0.480901 0.333206
vt 0.509774 0.353119
vt 0.509740 0.367178
vt 0.509689 0.380878
vt 0.497825 0.380926
vt 0.480961 0.383067
vt 0.471632 0.384677
vt 0.488992 0.483837
vt 0.509496 0.485150
vt 0.509476 0.522223
vt 0.486847 0.521016
vt 0.509527 0.460141
vt 0.490271 0.460058
vt 0.472558 0.480736
vt 0.478323 0.458245
vt 0.467466 0.516581
vt 0.446804 0.508159
vt 0.458124 0.476336
vt 0.464587 0.456580
vt 0.429337 0.492240
vt 0.509736 0.738427
vt 0.477041 0.444384
vt 0.294109 0.653970
vt 0.274289 0.646191
vt 0.258681 0.423256
vt 0.281089 0.435238
vt 0.788872 0.631722
vt 0.804507 0.634291
vt 0.806506 0.669492
vt 0.790714 0.691264
vt 0.819141 0.640351
vt 0.822734 0.651797
vt 0.827666 0.619868
vt 0.840027 0.630484
vt 0.801790 0.719862
vt 0.818865 0.707326
vt 0.771452 0.701272
vt 0.784706 0.730677
vt 0.765353 0.634822
vt 0.836786 0.692138
vt 0.859503 0.668128
vt 0.761550 0.739930
vt 0.750550 0.709013
vt 0.675526 0.416087
vt 0.649415 0.413239
vt 0.656828 0.377947
vt 0.684284 0.387911
vt 0.649146 0.448232
vt 0.676332 0.447524
vt 0.622189 0.408122
vt 0.626530 0.434421
vt 0.627430 0.377746
vt 0.673245 0.343613
vt 0.699666 0.362163
vt 0.645536 0.330239
vt 0.860008 0.578661
vt 0.826093 0.571194
vt 0.840290 0.551214
vt 0.866878 0.558567
vt 0.832127 0.591466
vt 0.854606 0.600433
vt 0.806854 0.558912
vt 0.817605 0.542255
vt 0.772958 0.546228
vt 0.784118 0.535421
vt 0.867963 0.529615
vt 0.840886 0.528398
vt 0.896247 0.576253
vt 0.898444 0.534825
vt 0.888480 0.609330
vt 0.817957 0.523764
vt 0.787427 0.520852
vt 0.884059 0.493341
vt 0.856652 0.498007
vt 0.831954 0.500728
vt 0.810870 0.501491
vt 0.784667 0.502436
vt 0.713303 0.405693
vt 0.699991 0.420874
vt 0.731045 0.388046
vt 0.721743 0.342128
vt 0.688410 0.312666
vt 0.751414 0.371127
vt 0.746462 0.324144
vt 0.709862 0.289826
vt 0.774709 0.356723
vt 0.744206 0.533420
vt 0.735453 0.544301
vt 0.690666 0.561221
vt 0.695746 0.541225
vt 0.750348 0.520718
vt 0.704805 0.526453
vt 0.676168 0.543340
vt 0.673791 0.530293
vt 0.662904 0.562634
vt 0.875705 0.643777
vt 0.535003 0.631886
vt 0.539757 0.677531
vt 0.535222 0.592984
vt 0.534451 0.554963
vt 0.567971 0.575939
vt 0.567757 0.610930
vt 0.561119 0.549225
vt 0.589630 0.692082
vt 0.627526 0.622615
vt 0.637162 0.639833
vt 0.612379 0.711728
vt 0.618477 0.600935
vt 0.571466 0.660237
vt 0.560545 0.732028
vt 0.605668 0.752516
vt 0.615683 0.567877
vt 0.632383 0.555021
vt 0.606632 0.552889
vt 0.645464 0.541745
vt 0.594922 0.537631
vt 0.636935 0.534296
vt 0.724536 0.227417
vt 0.679218 0.249140
vt 0.660899 0.233985
vt 0.690492 0.211056
vt 0.738076 0.277070
vt 0.770770 0.259148
vt 0.647971 0.265865
vt 0.640807 0.248384
vt 0.766993 0.310344
vt 0.792105 0.294972
vt 0.818739 0.337393
vt 0.794111 0.346681
vt 0.635505 0.282884
vt 0.526518 0.425906
vt 0.526320 0.444208
vt 0.524644 0.408700
vt 0.522895 0.394795
vt 0.540262 0.408567
vt 0.537644 0.394483
vt 0.540538 0.425580
vt 0.603766 0.396720
vt 0.609150 0.416464
vt 0.587884 0.426172
vt 0.583384 0.410737
vt 0.609345 0.433160
vt 0.590216 0.437216
vt 0.753896 0.505165
vt 0.710146 0.511621
vt 0.677942 0.515631
vt 0.709362 0.477132
vt 0.678762 0.481440
vt 0.703679 0.444653
vt 0.646979 0.480909
vt 0.640838 0.513208
vt 0.622785 0.477506
vt 0.611067 0.505926
vt 0.530286 0.258794
vt 0.528159 0.248318
vt 0.531687 0.279517
vt 0.549546 0.278871
vt 0.548460 0.256117
vt 0.532866 0.307569
vt 0.553006 0.306304
vt 0.549592 0.246862
vt 0.557663 0.317937
vt 0.572054 0.300132
vt 0.579641 0.313743
vt 0.535222 0.321783
vt 0.569669 0.273821
vt 0.567753 0.253931
vt 0.571732 0.243750
vt 0.583382 0.325369
vt 0.595599 0.307611
vt 0.599071 0.319686
vt 0.564574 0.329102
vt 0.593953 0.290428
vt 0.591788 0.266685
vt 0.589790 0.247880
vt 0.610820 0.298508
vt 0.618496 0.278385
vt 0.616473 0.330802
vt 0.616170 0.259501
vt 0.612371 0.241691
vt 0.634878 0.229720
vt 0.531484 0.189783
vt 0.530697 0.170484
vt 0.529170 0.208202
vt 0.529032 0.239103
vt 0.549776 0.208973
vt 0.550346 0.238133
vt 0.556283 0.192180
vt 0.573700 0.234910
vt 0.571703 0.208762
vt 0.598031 0.232852
vt 0.616606 0.233554
vt 0.610960 0.235711
vt 0.593042 0.239584
vt 0.614466 0.216082
vt 0.593703 0.209273
vt 0.632889 0.221891
vt 0.616239 0.190008
vt 0.581243 0.194897
vt 0.639716 0.191477
vt 0.580629 0.168099
vt 0.598824 0.173903
vt 0.554588 0.169197
vt 0.571615 0.433954
vt 0.567957 0.417297
vt 0.554660 0.423184
vt 0.555618 0.440445
vt 0.563482 0.404149
vt 0.552489 0.407596
vt 0.577620 0.398537
vt 0.559424 0.390611
vt 0.569968 0.387256
vt 0.550893 0.391576
vt 0.574149 0.444107
vt 0.591102 0.454443
vt 0.579594 0.464001
vt 0.604253 0.470559
vt 0.591896 0.386997
vt 0.579075 0.380964
vt 0.607648 0.371169
vt 0.582997 0.365222
vt 0.867291 0.438256
vt 0.843143 0.445104
vt 0.822148 0.450577
vt 0.798351 0.455105
vt 0.776427 0.461232
vt 0.748810 0.468521
vt 0.844967 0.386995
vt 0.823190 0.394348
vt 0.801499 0.403077
vt 0.779935 0.411955
vt 0.656870 0.651039
vt 0.643956 0.721587
vt 0.683269 0.658201
vt 0.674409 0.724110
vt 0.638990 0.760078
vt 0.675165 0.759934
vt 0.702426 0.721263
vt 0.707449 0.755166
vt 0.705279 0.656314
vt 0.736127 0.747952
vt 0.727802 0.715698
vt 0.541372 0.353837
vt 0.551352 0.366190
vt 0.542569 0.374721
vt 0.527111 0.368238
vt 0.566307 0.362887
vt 0.566780 0.345934
vt 0.591131 0.340713
vt 0.663860 0.202160
vt 0.538773 0.333068
vt 0.521554 0.380856
vt 0.538466 0.382871
vt 0.547984 0.384594
vt 0.529996 0.483716
vt 0.532094 0.520881
vt 0.528782 0.459951
vt 0.546424 0.480512
vt 0.540730 0.458071
vt 0.551445 0.516323
vt 0.572052 0.507749
vt 0.560851 0.476018
vt 0.554467 0.456323
vt 0.589506 0.491677
vt 0.542054 0.444212
vt 0.725079 0.650924
vt 0.744816 0.642904
vt 0.761037 0.422979
vt 0.738423 0.434789
vt 0.469987 0.380127
vt 0.550000 0.380169
vt 0.463338 0.375963
vt 0.556076 0.375747
vt 0.453898 0.375465
vt 0.565333 0.375034
vt 0.265226 0.820029
vt 0.235439 0.803119
vt 0.242254 0.786064
vt 0.270178 0.802037
vt 0.248364 0.768862
vt 0.274825 0.784074
vt 0.446279 0.143070
vt 0.420560 0.145793
vt 0.416658 0.125074
vt 0.447432 0.122123
vt 0.408029 0.106018
vt 0.441961 0.102137
vt 0.068302 0.600921
vt 0.068535 0.544421
vt 0.088451 0.542853
vt 0.087074 0.596420
vt 0.107867 0.537940
vt 0.104856 0.587316
vt 0.327509 0.173605
vt 0.302101 0.192613
vt 0.286962 0.180433
vt 0.314784 0.158655
vt 0.273911 0.166115
vt 0.303844 0.142330
vt 0.464054 0.862052
vt 0.421137 0.860947
vt 0.420606 0.842274
vt 0.464962 0.843577
vt 0.419727 0.823632
vt 0.465470 0.825049
vt 0.899952 0.706981
vt 0.875835 0.739323
vt 0.862444 0.726179
vt 0.885727 0.694648
vt 0.850642 0.711386
vt 0.871103 0.683037
vt 0.577468 0.101833
vt 0.611459 0.105578
vt 0.602969 0.124673
vt 0.572147 0.121850
vt 0.599186 0.145425
vt 0.573436 0.142802
vt 0.931205 0.479346
vt 0.951039 0.546218
vt 0.931359 0.544342
vt 0.914047 0.485301
vt 0.912691 0.539411
vt 0.896611 0.490107
vt 0.839154 0.329783
vt 0.810120 0.284206
vt 0.826002 0.275837
vt 0.856094 0.323899
vt 0.842511 0.268357
vt 0.873282 0.318356
vt 0.529219 0.100940
vt 0.554781 0.100637
vt 0.551259 0.121110
vt 0.528114 0.121694
vt 0.551697 0.141985
vt 0.528610 0.141870
vt 0.663519 0.157067
vt 0.633533 0.148522
vt 0.642527 0.128426
vt 0.673069 0.139706
vt 0.654948 0.110140
vt 0.680637 0.121416
vt 0.224583 0.755582
vt 0.206114 0.741667
vt 0.188353 0.729415
vt 0.167747 0.712111
vt 0.147503 0.683122
vt 0.142262 0.739842
vt 0.167941 0.761341
vt 0.125272 0.812784
vt 0.101128 0.774927
vt 0.188557 0.774076
vt 0.153802 0.835002
vt 0.118316 0.706780
vt 0.081580 0.739911
vt 0.099259 0.678293
vt 0.068790 0.697898
vt 0.129418 0.655507
vt 0.210004 0.788652
vt 0.179297 0.852254
vt 0.209691 0.867808
vt 0.248098 0.883856
vt 0.287066 0.897190
vt 0.298716 0.834082
vt 0.373862 0.062921
vt 0.415246 0.053212
vt 0.123138 0.489223
vt 0.129452 0.247841
vt 0.161766 0.201905
vt 0.200941 0.224834
vt 0.178148 0.268405
vt 0.193572 0.167108
vt 0.244941 0.190336
vt 0.181330 0.329654
vt 0.210419 0.284375
vt 0.232551 0.246151
vt 0.147397 0.318016
vt 0.101233 0.303932
vt 0.054929 0.544385
vt 0.054830 0.606010
vt 0.088752 0.477946
vt 0.060979 0.474818
vt 0.112960 0.624804
vt 0.080258 0.644664
vt 0.059900 0.651489
vt 0.219894 0.140426
vt 0.251788 0.114215
vt 0.274143 0.215727
vt 0.468006 0.142164
vt 0.137940 0.432707
vt 0.104350 0.422688
vt 0.068611 0.413660
vt 0.157482 0.380534
vt 0.123914 0.370276
vt 0.080255 0.358879
vt 0.379321 0.819749
vt 0.340676 0.810293
vt 0.305551 0.797030
vt 0.491083 0.141948
vt 0.490178 0.100965
vt 0.464631 0.100840
vt 0.447702 0.048496
vt 0.484321 0.045371
vt 0.509414 0.043370
vt 0.509695 0.100486
vt 0.509844 0.141710
vt 0.365338 0.111440
vt 0.330667 0.077948
vt 0.288867 0.087163
vt 0.339052 0.122044
vt 0.386271 0.149014
vt 0.356368 0.157610
vt 0.337028 0.848008
vt 0.378217 0.857524
vt 0.378229 0.910897
vt 0.332112 0.905616
vt 0.423702 0.913748
vt 0.462072 0.913596
vt 0.510411 0.861089
vt 0.511102 0.913754
vt 0.510088 0.824144
vt 0.793871 0.753711
vt 0.812241 0.740041
vt 0.770222 0.766671
vt 0.829981 0.728169
vt 0.892484 0.812032
vt 0.850173 0.760213
vt 0.916548 0.774924
vt 0.829691 0.772618
vt 0.864197 0.833628
vt 0.936207 0.740643
vt 0.919239 0.679084
vt 0.949365 0.699294
vt 0.889448 0.655942
vt 0.808378 0.786835
vt 0.839035 0.850455
vt 0.753731 0.817751
vt 0.783213 0.801108
vt 0.809098 0.865641
vt 0.771345 0.881416
vt 0.744044 0.781989
vt 0.733065 0.894693
vt 0.720644 0.831774
vt 0.645233 0.062326
vt 0.603709 0.052782
vt 0.914457 0.588348
vt 0.819594 0.224528
vt 0.858825 0.201652
vt 0.891341 0.248007
vt 0.826768 0.166575
vt 0.775137 0.190118
vt 0.787924 0.245804
vt 0.919616 0.304644
vt 0.950881 0.602687
vt 0.964660 0.546518
vt 0.964297 0.608118
vt 0.959068 0.476801
vt 0.906320 0.625806
vt 0.938539 0.646054
vt 0.958762 0.653376
vt 0.746239 0.165463
vt 0.800207 0.139744
vt 0.768040 0.113444
vt 0.716065 0.141691
vt 0.746321 0.215136
vt 0.718053 0.192061
vt 0.882148 0.433408
vt 0.915936 0.423783
vt 0.951830 0.415320
vt 0.862886 0.380955
vt 0.896628 0.371005
vt 0.940469 0.360125
vt 0.600252 0.822352
vt 0.640452 0.818172
vt 0.554626 0.824369
vt 0.678778 0.808375
vt 0.713559 0.794778
vt 0.571180 0.048210
vt 0.534522 0.045256
vt 0.688685 0.077263
vt 0.730659 0.086391
vt 0.692511 0.173044
vt 0.643222 0.908997
vt 0.642060 0.855707
vt 0.682809 0.845850
vt 0.688722 0.903310
vt 0.599441 0.859629
vt 0.598211 0.912415
vt 0.556697 0.861342
vt 0.560079 0.912836
vt 0.197767 0.758046
vt 0.178160 0.745300
vt 0.217745 0.772267
vt 0.155794 0.726838
vt 0.132717 0.694605
vt 0.114774 0.667470
vt 0.302267 0.815529
vt 0.377353 0.129141
vt 0.468308 0.121290
vt 0.105812 0.484188
vt 0.121294 0.427452
vt 0.097456 0.636530
vt 0.194599 0.275949
vt 0.164500 0.323675
vt 0.217085 0.235026
vt 0.258211 0.204546
vt 0.491447 0.121759
vt 0.140848 0.375204
vt 0.378687 0.838663
vt 0.338893 0.829115
vt 0.510232 0.842657
vt 0.509775 0.121353
vt 0.346734 0.140298
vt 0.800668 0.770424
vt 0.776356 0.783968
vt 0.820535 0.756505
vt 0.748714 0.799827
vt 0.840068 0.744117
vt 0.903903 0.668046
vt 0.716950 0.813260
vt 0.680727 0.827043
vt 0.932162 0.597769
vt 0.898896 0.428333
vt 0.921528 0.637615
vt 0.803424 0.234700
vt 0.762088 0.204098
vt 0.733193 0.179847
vt 0.705194 0.158056
vt 0.879609 0.375768
vt 0.599641 0.840973
vt 0.555437 0.842885
vt 0.641305 0.836925
vt 1.766833 0.643153
vt 1.781616 0.643922
vt 1.785722 0.677050
vt 1.770766 0.700144
vt 1.797566 0.646307
vt 1.801347 0.657183
vt 1.809636 0.625125
vt 1.819461 0.635384
vt 1.780771 0.727006
vt 1.797688 0.713452
vt 1.752402 0.711069
vt 1.764852 0.738203
vt 1.745130 0.647052
vt 1.815297 0.697049
vt 1.837273 0.672036
vt 1.742753 0.747975
vt 1.732050 0.719434
vt 1.655714 0.417949
vt 1.628314 0.415815
vt 1.636114 0.381535
vt 1.664637 0.390595
vt 1.627949 0.449410
vt 1.656347 0.448503
vt 1.596334 0.410906
vt 1.601167 0.435023
vt 1.603236 0.382451
vt 1.652606 0.346583
vt 1.679819 0.365326
vt 1.622315 0.332008
vt 1.840266 0.580623
vt 1.807840 0.571733
vt 1.820110 0.549356
vt 1.846661 0.557608
vt 1.814913 0.595795
vt 1.834963 0.604435
vt 1.787814 0.556935
vt 1.798101 0.539608
vt 1.754491 0.544894
vt 1.765600 0.532837
vt 1.846680 0.527429
vt 1.819715 0.525986
vt 1.875286 0.575822
vt 1.876495 0.533122
vt 1.867051 0.611481
vt 1.797587 0.520881
vt 1.768286 0.517499
vt 1.860380 0.492596
vt 1.834143 0.496920
vt 1.809920 0.499501
vt 1.789815 0.499922
vt 1.764930 0.500538
vt 1.693264 0.407343
vt 1.680062 0.422121
vt 1.710368 0.390275
vt 1.700728 0.346260
vt 1.666783 0.316347
vt 1.729630 0.374172
vt 1.724065 0.329318
vt 1.687093 0.294854
vt 1.751842 0.360545
vt 1.725689 0.530543
vt 1.716741 0.542646
vt 1.672383 0.559157
vt 1.677238 0.538215
vt 1.731723 0.516992
vt 1.686151 0.522449
vt 1.657550 0.540464
vt 1.654424 0.526833
vt 1.646235 0.560639
vt 1.853510 0.647242
vt 1.491967 0.695872
vt 1.492031 0.642076
vt 1.512495 0.637576
vt 1.519267 0.687390
vt 1.492136 0.596829
vt 1.512507 0.594835
vt 1.492219 0.557533
vt 1.512851 0.555607
vt 1.542959 0.578399
vt 1.542277 0.616430
vt 1.536658 0.550840
vt 1.569034 0.703916
vt 1.603650 0.632739
vt 1.615238 0.650379
vt 1.593058 0.724104
vt 1.593204 0.609197
vt 1.548555 0.669956
vt 1.541625 0.742872
vt 1.587229 0.763568
vt 1.594991 0.570214
vt 1.611720 0.555067
vt 1.582641 0.554323
vt 1.624531 0.540078
vt 1.570952 0.539596
vt 1.615566 0.533345
vt 1.700550 0.232806
vt 1.654869 0.254023
vt 1.636474 0.239464
vt 1.666774 0.215850
vt 1.714827 0.282973
vt 1.746941 0.265530
vt 1.622385 0.268510
vt 1.615925 0.254292
vt 1.743935 0.315944
vt 1.768033 0.301119
vt 1.793964 0.341757
vt 1.770583 0.350731
vt 1.610977 0.283876
vt 1.492364 0.447352
vt 1.492389 0.432690
vt 1.507499 0.433216
vt 1.507088 0.446692
vt 1.492420 0.416801
vt 1.505485 0.417669
vt 1.492450 0.403957
vt 1.503083 0.405387
vt 1.518164 0.418421
vt 1.514256 0.405521
vt 1.518760 0.433433
vt 1.578833 0.404630
vt 1.581719 0.419659
vt 1.562658 0.429583
vt 1.560358 0.420306
vt 1.582269 0.433507
vt 1.564401 0.437375
vt 1.735040 0.502875
vt 1.691376 0.508769
vt 1.658383 0.513298
vt 1.690168 0.476396
vt 1.658908 0.481140
vt 1.684068 0.445321
vt 1.625804 0.482012
vt 1.619369 0.513549
vt 1.599052 0.479258
vt 1.587602 0.508192
vt 1.511591 0.265977
vt 1.492683 0.266584
vt 1.492700 0.250200
vt 1.509067 0.249939
vt 1.492663 0.283117
vt 1.512527 0.284201
vt 1.528832 0.283584
vt 1.528044 0.263522
vt 1.513791 0.307060
vt 1.531501 0.305776
vt 1.492643 0.298218
vt 1.528172 0.248786
vt 1.535656 0.316192
vt 1.548884 0.300216
vt 1.555920 0.312209
vt 1.516214 0.319688
vt 1.547844 0.279099
vt 1.546197 0.261624
vt 1.548633 0.246101
vt 1.560457 0.326049
vt 1.570799 0.306455
vt 1.576150 0.320473
vt 1.542416 0.330145
vt 1.569232 0.291060
vt 1.569299 0.272750
vt 1.567694 0.256854
vt 1.585056 0.298010
vt 1.592299 0.278996
vt 1.593348 0.332422
vt 1.592385 0.265332
vt 1.590193 0.249749
vt 1.611550 0.236593
vt 1.512088 0.195399
vt 1.492738 0.194344
vt 1.492746 0.169460
vt 1.511903 0.169348
vt 1.492728 0.212356
vt 1.509691 0.212565
vt 1.492713 0.236425
vt 1.509725 0.235879
vt 1.528012 0.213142
vt 1.528429 0.235490
vt 1.534832 0.197310
vt 1.549174 0.232899
vt 1.547830 0.212494
vt 1.571642 0.230824
vt 1.591893 0.235325
vt 1.586262 0.238501
vt 1.568629 0.242445
vt 1.589605 0.219617
vt 1.568601 0.212364
vt 1.608692 0.226851
vt 1.591963 0.192593
vt 1.557313 0.199107
vt 1.615890 0.194512
vt 1.557283 0.167134
vt 1.574626 0.173062
vt 1.533525 0.168077
vt 1.547471 0.436558
vt 1.545778 0.426563
vt 1.532191 0.431600
vt 1.531784 0.442401
vt 1.543116 0.416545
vt 1.530569 0.418795
vt 1.557021 0.411075
vt 1.541444 0.407034
vt 1.553624 0.403204
vt 1.527320 0.405264
vt 1.549526 0.443533
vt 1.565758 0.455007
vt 1.555323 0.464583
vt 1.578959 0.471597
vt 1.569460 0.396941
vt 1.562067 0.390556
vt 1.584163 0.376644
vt 1.561458 0.370381
vt 1.842685 0.438790
vt 1.819772 0.445499
vt 1.799447 0.451040
vt 1.776650 0.455440
vt 1.755979 0.461121
vt 1.729476 0.467979
vt 1.820130 0.389642
vt 1.799607 0.396727
vt 1.778682 0.405383
vt 1.758132 0.413950
vt 1.636197 0.662400
vt 1.625177 0.733808
vt 1.663548 0.669893
vt 1.655941 0.735923
vt 1.620689 0.770797
vt 1.657007 0.770084
vt 1.684130 0.732611
vt 1.689276 0.764668
vt 1.686364 0.668233
vt 1.717684 0.756717
vt 1.709419 0.726621
vt 1.519848 0.358410
vt 1.527476 0.370037
vt 1.516074 0.380072
vt 1.505024 0.376070
vt 1.544651 0.366582
vt 1.544792 0.348963
vt 1.568612 0.343033
vt 1.640004 0.205916
vt 1.518964 0.334445
vt 1.492583 0.336328
vt 1.492619 0.315126
vt 1.492541 0.358783
vt 1.492517 0.376377
vt 1.492485 0.391014
vt 1.500493 0.391273
vt 1.511894 0.392577
vt 1.521463 0.393432
vt 1.492248 0.522067
vt 1.492301 0.485116
vt 1.509455 0.484017
vt 1.511128 0.521252
vt 1.492343 0.459580
vt 1.508790 0.459845
vt 1.522862 0.481654
vt 1.518017 0.457846
vt 1.527461 0.517859
vt 1.547604 0.509883
vt 1.536870 0.477200
vt 1.530897 0.455714
vt 1.565157 0.493304
vt 1.491853 0.748328
vt 1.519584 0.446522
vt 1.706214 0.662858
vt 1.725731 0.655042
vt 1.740410 0.424440
vt 1.718845 0.435670
vt 1.198463 0.675842
vt 1.203010 0.642832
vt 1.217842 0.642754
vt 1.213145 0.699183
vt 1.186982 0.644620
vt 1.183063 0.655529
vt 1.175041 0.622701
vt 1.165141 0.633266
vt 1.202906 0.725846
vt 1.186125 0.712068
vt 1.231433 0.710362
vt 1.218730 0.737229
vt 1.239467 0.647430
vt 1.168700 0.695414
vt 1.146982 0.670099
vt 1.240758 0.747232
vt 1.251741 0.718940
vt 1.348959 0.381115
vt 1.356596 0.415460
vt 1.329234 0.417448
vt 1.320441 0.390027
vt 1.356788 0.449104
vt 1.328448 0.448025
vt 1.388561 0.410664
vt 1.383617 0.434787
vt 1.381792 0.382165
vt 1.332610 0.346074
vt 1.305367 0.364674
vt 1.362920 0.331626
vt 1.164317 0.547471
vt 1.176595 0.569781
vt 1.144255 0.578668
vt 1.137857 0.555686
vt 1.169641 0.593646
vt 1.149620 0.602392
vt 1.196527 0.555113
vt 1.186313 0.537778
vt 1.229683 0.543333
vt 1.218757 0.531191
vt 1.137888 0.525541
vt 1.164793 0.524140
vt 1.109272 0.573800
vt 1.108135 0.531158
vt 1.117474 0.609419
vt 1.186916 0.519101
vt 1.216191 0.515883
vt 1.124338 0.490735
vt 1.150521 0.495109
vt 1.174708 0.497746
vt 1.194798 0.498245
vt 1.219659 0.499007
vt 1.291784 0.406587
vt 1.304903 0.421454
vt 1.274762 0.389418
vt 1.284534 0.345506
vt 1.318531 0.315782
vt 1.255564 0.373218
vt 1.261251 0.328464
vt 1.298282 0.294215
vt 1.233396 0.359491
vt 1.311059 0.558301
vt 1.267197 0.541419
vt 1.258497 0.529261
vt 1.306687 0.537433
vt 1.252657 0.515685
vt 1.298044 0.521623
vt 1.329726 0.526435
vt 1.326408 0.539939
vt 1.337523 0.560115
vt 1.130921 0.645180
vt 1.471571 0.637510
vt 1.464706 0.687299
vt 1.471778 0.594776
vt 1.471598 0.555523
vt 1.441520 0.578168
vt 1.441787 0.616336
vt 1.447799 0.550670
vt 1.369108 0.650455
vt 1.380196 0.632057
vt 1.415040 0.703802
vt 1.390897 0.724107
vt 1.390521 0.608302
vt 1.435438 0.669707
vt 1.442137 0.742840
vt 1.396385 0.763536
vt 1.390278 0.569894
vt 1.401825 0.554040
vt 1.372015 0.555473
vt 1.359427 0.540183
vt 1.413451 0.539337
vt 1.368550 0.533377
vt 1.348969 0.239056
vt 1.330562 0.253541
vt 1.284919 0.232183
vt 1.318702 0.215360
vt 1.270580 0.282230
vt 1.238496 0.264686
vt 1.363008 0.268140
vt 1.369489 0.253947
vt 1.241415 0.315017
vt 1.217344 0.300119
vt 1.191319 0.340549
vt 1.214681 0.349605
vt 1.374378 0.283541
vt 1.477278 0.433172
vt 1.477643 0.446651
vt 1.479350 0.417630
vt 1.481807 0.405355
vt 1.466666 0.418343
vt 1.470624 0.405453
vt 1.466017 0.433358
vt 1.422145 0.429426
vt 1.403128 0.419460
vt 1.406077 0.404436
vt 1.424487 0.420155
vt 1.402517 0.433312
vt 1.420368 0.437214
vt 1.249492 0.501577
vt 1.293007 0.507921
vt 1.325923 0.512852
vt 1.325693 0.480676
vt 1.294510 0.475613
vt 1.300790 0.444618
vt 1.358734 0.481784
vt 1.364927 0.513456
vt 1.385501 0.479069
vt 1.396803 0.508038
vt 1.473777 0.265929
vt 1.476334 0.249898
vt 1.472797 0.284150
vt 1.456496 0.283491
vt 1.457330 0.263431
vt 1.471471 0.307007
vt 1.453768 0.305676
vt 1.457232 0.248695
vt 1.436404 0.300068
vt 1.449582 0.316081
vt 1.429335 0.312040
vt 1.469010 0.319628
vt 1.437498 0.278954
vt 1.439183 0.261485
vt 1.436779 0.245957
vt 1.414478 0.306243
vt 1.424755 0.325868
vt 1.409087 0.320246
vt 1.442777 0.330016
vt 1.416086 0.290854
vt 1.416063 0.272544
vt 1.417700 0.256654
vt 1.400249 0.297756
vt 1.393057 0.278722
vt 1.391861 0.332142
vt 1.393000 0.265060
vt 1.395220 0.249487
vt 1.373890 0.236268
vt 1.473387 0.195353
vt 1.473589 0.169306
vt 1.475767 0.212524
vt 1.475702 0.235837
vt 1.457445 0.213057
vt 1.456998 0.235401
vt 1.450641 0.197210
vt 1.436259 0.232756
vt 1.437628 0.212358
vt 1.399168 0.238251
vt 1.393542 0.235062
vt 1.413796 0.230619
vt 1.416791 0.242244
vt 1.395850 0.219365
vt 1.416860 0.212172
vt 1.376759 0.226539
vt 1.393516 0.192343
vt 1.428159 0.198949
vt 1.369592 0.194193
vt 1.410861 0.172867
vt 1.428207 0.166985
vt 1.451966 0.167985
vt 1.439035 0.426434
vt 1.437301 0.436426
vt 1.452595 0.431491
vt 1.452963 0.442297
vt 1.441739 0.416420
vt 1.454259 0.418681
vt 1.427868 0.410935
vt 1.443456 0.406910
vt 1.431311 0.403083
vt 1.457523 0.405128
vt 1.418934 0.454846
vt 1.435217 0.443398
vt 1.429332 0.464440
vt 1.405648 0.471423
vt 1.415476 0.396769
vt 1.422885 0.390397
vt 1.400868 0.376413
vt 1.423576 0.370204
vt 1.142251 0.437108
vt 1.165132 0.443876
vt 1.185433 0.449485
vt 1.208211 0.453989
vt 1.228850 0.459787
vt 1.255294 0.466837
vt 1.165001 0.388188
vt 1.185505 0.395340
vt 1.206404 0.404074
vt 1.226924 0.412735
vt 1.348207 0.662691
vt 1.358649 0.733837
vt 1.320831 0.670236
vt 1.327820 0.735886
vt 1.362828 0.770719
vt 1.326454 0.769896
vt 1.299603 0.732468
vt 1.294168 0.764333
vt 1.298128 0.668543
vt 1.265781 0.756192
vt 1.274334 0.726313
vt 1.468972 0.380013
vt 1.457554 0.369961
vt 1.465232 0.358347
vt 1.480015 0.376037
vt 1.440394 0.366447
vt 1.440330 0.348831
vt 1.416543 0.342830
vt 1.345474 0.205519
vt 1.466209 0.334380
vt 1.484476 0.391257
vt 1.473080 0.392538
vt 1.463538 0.393364
vt 1.475149 0.483971
vt 1.473368 0.521190
vt 1.475896 0.459801
vt 1.461748 0.481573
vt 1.466675 0.457778
vt 1.457033 0.517745
vt 1.436889 0.509726
vt 1.447747 0.477087
vt 1.453801 0.455615
vt 1.419366 0.493145
vt 1.465147 0.446448
vt 1.278332 0.663169
vt 1.258834 0.655431
vt 1.244600 0.423317
vt 1.266101 0.434687
vt 1.524292 0.385236
vt 1.460799 0.385174
vt 1.532521 0.379036
vt 1.452456 0.378959
vt 1.546377 0.377981
vt 1.438601 0.377814
vt 1.757258 0.788871
vt 1.763783 0.804871
vt 1.735043 0.822483
vt 1.730155 0.805550
vt 1.751307 0.772798
vt 1.725629 0.788643
vt 1.578837 0.125602
vt 1.575408 0.143985
vt 1.550865 0.140682
vt 1.549833 0.122934
vt 1.588081 0.109905
vt 1.555940 0.106798
vt 1.907248 0.543237
vt 1.926515 0.544984
vt 1.926695 0.601500
vt 1.909014 0.597094
vt 1.888701 0.537896
vt 1.892512 0.587957
vt 1.708368 0.185884
vt 1.694056 0.197132
vt 1.668568 0.176737
vt 1.680457 0.163153
vt 1.720751 0.172607
vt 1.690916 0.148457
vt 1.581838 0.849639
vt 1.581227 0.867458
vt 1.538029 0.870336
vt 1.537234 0.852374
vt 1.582632 0.831803
vt 1.536571 0.834385
vt 1.143522 0.726937
vt 1.130368 0.738359
vt 1.107208 0.705151
vt 1.121271 0.694400
vt 1.154907 0.713554
vt 1.135559 0.684102
vt 1.406652 0.125420
vt 1.397397 0.109707
vt 1.429539 0.106671
vt 1.435656 0.122818
vt 1.410082 0.143802
vt 1.434628 0.140559
vt 1.077148 0.541248
vt 1.058153 0.542805
vt 1.079231 0.476801
vt 1.095949 0.483007
vt 1.094908 0.536286
vt 1.112910 0.487941
vt 1.185411 0.281011
vt 1.200415 0.289537
vt 1.172146 0.333117
vt 1.155952 0.327129
vt 1.169845 0.273186
vt 1.139555 0.321366
vt 1.454473 0.122463
vt 1.450293 0.105947
vt 1.474170 0.106401
vt 1.475668 0.123156
vt 1.454514 0.139643
vt 1.475485 0.139583
vt 1.367366 0.130123
vt 1.375751 0.148433
vt 1.345632 0.158797
vt 1.336798 0.142955
vt 1.354726 0.114225
vt 1.329522 0.126344
vt 1.773726 0.759430
vt 1.791015 0.745709
vt 1.808735 0.733045
vt 1.828898 0.715298
vt 1.848552 0.686094
vt 1.871600 0.809939
vt 1.828111 0.761735
vt 1.853197 0.740360
vt 1.895933 0.773610
vt 1.808067 0.775154
vt 1.845241 0.834375
vt 1.876684 0.707370
vt 1.913624 0.738895
vt 1.896003 0.679043
vt 1.926693 0.697777
vt 1.866943 0.658395
vt 1.787946 0.789936
vt 1.821076 0.851899
vt 1.791979 0.868402
vt 1.754516 0.885630
vt 1.715855 0.899105
vt 1.702337 0.837143
vt 1.624563 0.068577
vt 1.584478 0.060379
vt 1.871835 0.489824
vt 1.793386 0.231156
vt 1.832178 0.207716
vt 1.863766 0.252780
vt 1.815567 0.274296
vt 1.800842 0.173445
vt 1.749589 0.196861
vt 1.784979 0.290580
vt 1.813195 0.334366
vt 1.763349 0.252258
vt 1.845757 0.322715
vt 1.891390 0.307825
vt 1.940014 0.545000
vt 1.939837 0.606564
vt 1.905593 0.478763
vt 1.933377 0.475537
vt 1.883962 0.627166
vt 1.915093 0.645652
vt 1.935420 0.651988
vt 1.774775 0.147254
vt 1.743539 0.121207
vt 1.721687 0.220883
vt 1.530979 0.139721
vt 1.856426 0.434179
vt 1.889439 0.424183
vt 1.925139 0.414683
vt 1.836889 0.383786
vt 1.869444 0.373522
vt 1.912890 0.361221
vt 1.622885 0.826895
vt 1.660988 0.816544
vt 1.695522 0.802381
vt 1.510010 0.139617
vt 1.553324 0.055504
vt 1.535187 0.106031
vt 1.511318 0.106378
vt 1.517465 0.052615
vt 1.492707 0.051036
vt 1.492742 0.106017
vt 1.492747 0.139410
vt 1.666826 0.083309
vt 1.630009 0.115235
vt 1.707031 0.095338
vt 1.655972 0.126724
vt 1.609738 0.148713
vt 1.639862 0.159158
vt 1.625713 0.915657
vt 1.624278 0.862623
vt 1.664627 0.852043
vt 1.671559 0.909429
vt 1.579879 0.919918
vt 1.541358 0.922193
vt 1.491297 0.923586
vt 1.491443 0.870240
vt 1.491559 0.833961
vt 1.209658 0.758308
vt 1.192509 0.744368
vt 1.232005 0.771815
vt 1.174896 0.731528
vt 1.155243 0.760000
vt 1.111230 0.807698
vt 1.087268 0.771126
vt 1.175139 0.773664
vt 1.137364 0.832419
vt 1.069936 0.736271
vt 1.088123 0.676700
vt 1.057255 0.695120
vt 1.117382 0.656269
vt 1.195154 0.788620
vt 1.161393 0.850194
vt 1.190395 0.866983
vt 1.219169 0.803864
vt 1.247838 0.821633
vt 1.227799 0.884544
vt 1.257510 0.788099
vt 1.266460 0.898311
vt 1.280489 0.836518
vt 1.360881 0.068315
vt 1.400951 0.060200
vt 1.092042 0.585844
vt 1.121660 0.251591
vt 1.153296 0.206745
vt 1.192080 0.230232
vt 1.184645 0.172646
vt 1.236129 0.196447
vt 1.222103 0.251383
vt 1.093938 0.306384
vt 1.044661 0.542753
vt 1.057826 0.599163
vt 1.044667 0.604127
vt 1.051474 0.473484
vt 1.100299 0.625187
vt 1.069240 0.643250
vt 1.048867 0.649410
vt 1.210708 0.146582
vt 1.264711 0.171968
vt 1.241931 0.120656
vt 1.294579 0.147975
vt 1.263626 0.220115
vt 1.291435 0.196577
vt 1.128531 0.432468
vt 1.095565 0.422400
vt 1.059899 0.412817
vt 1.148257 0.382287
vt 1.115726 0.371943
vt 1.072306 0.359549
vt 1.400453 0.831716
vt 1.360165 0.826865
vt 1.446535 0.834345
vt 1.322066 0.816372
vt 1.287597 0.801869
vt 1.432098 0.055389
vt 1.467955 0.052568
vt 1.318599 0.082963
vt 1.278414 0.094896
vt 1.316927 0.176281
vt 1.318164 0.851620
vt 1.358521 0.862360
vt 1.356740 0.915342
vt 1.310809 0.908905
vt 1.401610 0.867317
vt 1.402652 0.919748
vt 1.444838 0.870275
vt 1.441220 0.922106
vt 1.799175 0.760571
vt 1.818477 0.747309
vt 1.780441 0.774805
vt 1.840158 0.728803
vt 1.862730 0.696498
vt 1.881047 0.669314
vt 1.698743 0.819760
vt 1.617924 0.130573
vt 1.531016 0.122539
vt 1.888837 0.484929
vt 1.872782 0.428911
vt 1.898627 0.638237
vt 1.799994 0.282088
vt 1.829364 0.328434
vt 1.778019 0.241268
vt 1.736929 0.210340
vt 1.509824 0.123179
vt 1.853014 0.378441
vt 1.623716 0.844799
vt 1.662760 0.834265
vt 1.491500 0.852144
vt 1.492745 0.122860
vt 1.648693 0.143326
vt 1.202802 0.773587
vt 1.225877 0.787875
vt 1.184192 0.759157
vt 1.252865 0.804813
vt 1.165018 0.745681
vt 1.103173 0.667092
vt 1.284228 0.819192
vt 1.320167 0.833923
vt 1.075520 0.594874
vt 1.112199 0.427165
vt 1.085715 0.636014
vt 1.207442 0.240368
vt 1.248571 0.209688
vt 1.277119 0.185292
vt 1.305040 0.162679
vt 1.132145 0.376901
vt 1.401120 0.849518
vt 1.445749 0.852323
vt 1.359208 0.844606
vt 1.782247 0.637352
vt 1.766962 0.635708
vt 1.794899 0.640545
vt 1.802962 0.623248
vt 1.744025 0.639722
vt 1.802093 0.576897
vt 1.807552 0.596341
vt 1.784198 0.564712
vt 1.752661 0.552114
vt 1.672925 0.566498
vt 1.717292 0.549894
vt 1.645079 0.568075
vt 1.620923 0.645208
vt 1.610575 0.628572
vt 1.601310 0.606920
vt 1.600261 0.575065
vt 1.612159 0.561449
vt 1.640049 0.655933
vt 1.665203 0.662972
vt 1.686140 0.661128
vt 1.704943 0.655991
vt 1.723972 0.648047
vt 1.217945 0.635489
vt 1.202487 0.636160
vt 1.189734 0.638847
vt 1.181712 0.620490
vt 1.240707 0.640458
vt 1.177011 0.594063
vt 1.182379 0.574877
vt 1.200194 0.562938
vt 1.231411 0.550577
vt 1.266498 0.548641
vt 1.310298 0.565582
vt 1.338540 0.567457
vt 1.373099 0.627906
vt 1.363356 0.645425
vt 1.382444 0.605700
vt 1.385564 0.574750
vt 1.371411 0.562041
vt 1.344438 0.656195
vt 1.319267 0.663365
vt 1.298564 0.661503
vt 1.279730 0.656383
vt 1.260657 0.648589
vt 1.877277 0.814884
vt 1.902674 0.777333
vt 1.850143 0.840272
vt 1.920804 0.741490
vt 1.934158 0.699505
vt 1.825094 0.858410
vt 1.757325 0.892797
vt 1.795249 0.875304
vt 1.717999 0.906393
vt 1.626476 0.061054
vt 1.585449 0.052894
vt 1.870134 0.248488
vt 1.837963 0.202720
vt 1.806284 0.168022
vt 1.898257 0.304477
vt 1.947479 0.606755
vt 1.947663 0.544375
vt 1.940935 0.474446
vt 1.943016 0.652910
vt 1.779738 0.141489
vt 1.748015 0.114999
vt 1.932667 0.413261
vt 1.920191 0.358833
vt 1.553657 0.047807
vt 1.517632 0.045074
vt 1.492701 0.043514
vt 1.669073 0.075981
vt 1.710163 0.088421
vt 1.626403 0.923266
vt 1.672997 0.916994
vt 1.580097 0.927520
vt 1.541364 0.929853
vt 1.491282 0.931270
vt 1.080480 0.774765
vt 1.105492 0.812573
vt 1.132392 0.838256
vt 1.062725 0.738781
vt 1.049771 0.696769
vt 1.157302 0.856659
vt 1.187053 0.873850
vt 1.224922 0.891683
vt 1.264256 0.905581
vt 1.399969 0.052716
vt 1.358958 0.060792
vt 1.147511 0.201749
vt 1.115296 0.247296
vt 1.179201 0.167225
vt 1.087075 0.303027
vt 1.037016 0.542091
vt 1.037024 0.604266
vt 1.043921 0.472366
vt 1.041261 0.650264
vt 1.205740 0.140819
vt 1.237448 0.114451
vt 1.052376 0.411375
vt 1.065009 0.357147
vt 1.467775 0.045027
vt 1.431752 0.047692
vt 1.316345 0.075637
vt 1.275274 0.087984
vt 1.309318 0.916460
vt 1.356006 0.922946
vt 1.402396 0.927346
vt 1.441181 0.929765
vt 1.539629 0.399997
vt 1.532580 0.400943
vt 1.527739 0.394705
vt 1.529511 0.389185
vt 1.536419 0.384650
vt 1.546544 0.383962
vt 1.555082 0.392450
vt 1.548738 0.397132
vt 1.452196 0.400700
vt 1.445333 0.399888
vt 1.436242 0.397058
vt 1.429877 0.392319
vt 1.438376 0.383765
vt 1.448524 0.384578
vt 1.455653 0.389132
vt 1.457261 0.394598

# vertex normals
vn 0.696810 -0.141456 -0.703169
vn 0.577932 -0.210303 -0.788522
vn 0.506186 -0.243104 -0.827452
vn 0.617951 -0.191221 -0.762608
vn 0.671540 -0.197730 -0.714099
vn 0.770141 -0.100854 -0.629851
vn 0.633005 -0.342838 -0.694094
vn 0.815539 -0.175457 -0.551462
vn 0.790035 -0.059183 -0.610198
vn 0.809370 -0.047941 -0.585340
vn 0.476022 -0.218226 -0.851928
vn 0.677272 -0.003231 -0.735726
vn 0.417353 -0.258741 -0.871131
vn 0.824262 -0.042573 -0.564606
vn 0.862826 -0.077657 -0.499501
vn 0.551638 0.037442 -0.833243
vn 0.392282 -0.228716 -0.890957
vn 0.350045 -0.130341 -0.927620
vn 0.417729 -0.028923 -0.908111
vn 0.225882 0.010703 -0.974096
vn 0.178899 -0.116677 -0.976925
vn 0.404349 0.142407 -0.903450
vn 0.276621 0.136538 -0.951230
vn 0.852683 -0.082194 -0.515923
vn 0.787060 0.253496 -0.562385
vn 0.632367 -0.105127 -0.767502
vn 0.314178 -0.121127 -0.941605
vn 0.186641 -0.177149 -0.966325
vn 0.551272 0.029594 -0.833801
vn 0.650256 0.306982 -0.694932
vn 0.647798 0.100115 -0.755205
vn 0.753877 -0.086696 -0.651271
vn 0.710678 0.204116 -0.673256
vn 0.606879 -0.308164 -0.732620
vn 0.790103 -0.225347 -0.570049
vn 0.477733 0.370133 -0.796726
vn 0.518852 0.423960 -0.742328
vn 0.272782 0.344798 -0.898167
vn 0.303736 0.501761 -0.809926
vn 0.731527 0.286373 -0.618755
vn 0.676912 0.369396 -0.636660
vn 0.788515 0.101303 -0.606615
vn 0.799475 0.202433 -0.565562
vn 0.855451 -0.110274 -0.506007
vn 0.544987 0.451376 -0.706575
vn 0.335914 0.549965 -0.764657
vn 0.867345 0.104603 -0.486590
vn 0.790111 0.171382 -0.588518
vn 0.730729 0.217719 -0.647019
vn 0.603207 0.280570 -0.746607
vn 0.417184 0.355991 -0.836199
vn 0.286980 0.008827 -0.957896
vn 0.267787 0.076275 -0.960454
vn 0.359808 -0.062766 -0.930913
vn 0.343549 -0.301962 -0.889265
vn 0.423780 -0.214656 -0.879962
vn 0.491716 -0.180599 -0.851821
vn 0.474148 -0.420204 -0.773700
vn 0.504658 -0.389435 -0.770494
vn 0.594074 -0.274861 -0.755994
vn 0.287440 0.372032 -0.882593
vn 0.239751 0.393449 -0.887535
vn 0.200448 0.539071 -0.818061
vn 0.257336 0.486704 -0.834804
vn 0.196096 0.621779 -0.758246
vn 0.201696 0.634579 -0.746076
vn 0.322057 0.611869 -0.722423
vn 0.311642 0.482075 -0.818830
vn 0.305848 0.430861 -0.849009
vn 0.885447 -0.127444 -0.446925
vn 0.460455 0.112594 -0.880513
vn 0.000000 0.155565 -0.987826
vn 0.000000 -0.092545 -0.995708
vn 0.269081 -0.140954 -0.952747
vn 0.000000 0.481692 -0.876341
vn 0.570303 0.406625 -0.713730
vn 0.000000 0.530990 -0.847378
vn 0.524437 0.469876 -0.710058
vn 0.798370 0.321167 -0.509370
vn 0.683205 0.078661 -0.725978
vn 0.798515 0.350282 -0.489567
vn 0.224804 -0.315391 -0.921950
vn 0.343624 -0.267315 -0.900258
vn 0.315112 -0.298708 -0.900821
vn 0.223167 -0.327579 -0.918090
vn 0.579786 -0.082306 -0.810601
vn 0.447341 -0.179135 -0.876240
vn 0.125563 0.006321 -0.992065
vn 0.150976 0.026821 -0.988173
vn 0.750242 0.168860 -0.639237
vn 0.779621 0.411000 -0.472514
vn 0.563956 0.559374 -0.607499
vn 0.408724 0.571474 -0.711591
vn 0.803312 0.345373 -0.485187
vn 0.573974 0.536622 -0.618539
vn 0.620925 -0.417527 -0.663418
vn 0.597739 -0.388516 -0.701259
vn 0.599610 -0.409498 -0.687589
vn 0.573962 -0.376162 -0.727372
vn 0.535338 -0.471773 -0.700603
vn 0.569604 -0.519438 -0.636974
vn 0.669752 -0.202098 -0.714555
vn 0.679532 -0.487106 -0.548601
vn 0.531796 -0.479746 -0.697880
vn 0.606111 -0.524992 -0.597506
vn 0.743988 -0.369065 -0.557022
vn 0.654227 -0.318257 -0.686076
vn 0.650281 0.051670 -0.757934
vn 0.248387 -0.512660 -0.821878
vn -0.000000 -0.512924 -0.858434
vn 0.000000 0.055989 -0.998431
vn 0.284966 0.070793 -0.955920
vn -0.000000 -0.665723 -0.746199
vn 0.239110 -0.709029 -0.663403
vn 0.000000 -0.817966 -0.575266
vn 0.313574 -0.846088 -0.431052
vn 0.570202 -0.734081 -0.368775
vn 0.637930 -0.766294 -0.076409
vn 0.596326 -0.473533 -0.648199
vn 0.921309 0.045114 -0.386205
vn 0.986419 0.009186 -0.163994
vn 0.775511 -0.534350 -0.336233
vn 0.703279 -0.536783 -0.466114
vn 0.900614 0.400658 -0.168426
vn 0.817320 0.526157 -0.234833
vn 0.264918 0.416353 -0.869752
vn 0.222938 0.461845 -0.858486
vn 0.314868 0.459256 -0.830628
vn 0.304489 0.283010 -0.909501
vn 0.240612 0.297514 -0.923900
vn 0.251884 0.152137 -0.955724
vn 0.436853 0.214400 -0.873609
vn 0.525048 0.349929 -0.775805
vn 0.711709 0.213869 -0.669126
vn 0.737551 0.237079 -0.632307
vn 0.000000 -0.356057 -0.934464
vn -0.000000 -0.647062 -0.762438
vn 0.115828 -0.677736 -0.726126
vn 0.158788 -0.318921 -0.934385
vn -0.000000 -0.416420 -0.909172
vn 0.206929 -0.368056 -0.906485
vn 0.354337 -0.324265 -0.877096
vn 0.282252 -0.707064 -0.648378
vn 0.141277 0.315823 -0.938241
vn 0.397555 0.243114 -0.884786
vn 0.000000 0.005068 -0.999987
vn 0.370187 -0.236721 -0.898290
vn 0.537306 0.157842 -0.828485
vn 0.383323 0.566886 -0.729180
vn 0.545440 0.550381 -0.632120
vn 0.098001 0.545851 -0.832131
vn 0.438971 -0.403190 -0.802958
vn 0.347420 -0.701854 -0.621853
vn 0.502534 -0.246511 -0.828669
vn 0.640830 0.456207 -0.617424
vn 0.528803 0.214559 -0.821177
vn 0.527041 0.171055 -0.832447
vn 0.476599 0.159212 -0.864584
vn 0.657071 0.070670 -0.750509
vn 0.481906 -0.475067 -0.736260
vn 0.341946 -0.746315 -0.571040
vn 0.700596 0.237359 -0.672923
vn 0.790543 0.057547 -0.609697
vn 0.610953 0.057589 -0.789570
vn 0.602351 -0.489808 -0.630287
vn 0.347808 -0.787720 -0.508456
vn 0.489030 -0.711801 -0.504172
vn 0.000002 0.013177 -0.999913
vn 0.000000 -0.852460 -0.522793
vn 0.183952 -0.812433 -0.553276
vn 0.175728 0.008362 -0.984403
vn -0.000000 -0.546488 -0.837467
vn 0.229219 -0.530310 -0.816229
vn 0.000000 0.088106 -0.996111
vn 0.198867 0.084300 -0.976394
vn 0.451714 -0.476247 -0.754416
vn 0.424901 0.081987 -0.901520
vn 0.388914 -0.698260 -0.600982
vn 0.626593 0.023182 -0.779002
vn 0.631900 -0.444723 -0.634763
vn 0.632276 -0.175780 -0.754538
vn 0.722332 -0.320490 -0.612799
vn 0.747905 -0.047953 -0.662072
vn 0.540412 -0.345943 -0.766993
vn 0.684831 -0.418669 -0.596425
vn 0.701505 -0.454177 -0.549194
vn 0.619160 -0.433879 -0.654515
vn 0.669133 -0.217116 -0.710719
vn 0.609500 -0.562615 -0.558546
vn 0.612236 -0.223872 -0.758319
vn 0.589767 0.047367 -0.806183
vn 0.677130 0.019284 -0.735611
vn 0.388011 0.015911 -0.921517
vn 0.600475 -0.541604 -0.588299
vn 0.823904 0.209249 -0.526684
vn 0.684708 -0.476413 -0.551549
vn 0.798806 0.291249 -0.526387
vn 0.181553 -0.893396 -0.410952
vn 0.491061 -0.829484 -0.266111
vn 0.268648 -0.852629 -0.448164
vn 0.040762 -0.942973 -0.330363
vn 0.087937 -0.892060 -0.443278
vn 0.486934 -0.872844 0.032220
vn 0.840394 0.456116 -0.292737
vn 0.691279 0.619754 -0.371534
vn 0.776475 0.468647 -0.421257
vn 0.871048 0.340061 -0.354448
vn 0.493801 -0.730656 -0.471490
vn 0.310538 -0.653799 -0.690009
vn 0.637859 -0.213218 -0.740050
vn 0.485622 -0.316492 -0.814864
vn 0.876384 -0.018481 -0.481259
vn 0.797689 0.034023 -0.602109
vn 0.732761 0.059757 -0.677857
vn 0.616905 0.106309 -0.779825
vn 0.453580 0.194216 -0.869796
vn 0.285691 0.267863 -0.920125
vn 0.825815 -0.222614 -0.518143
vn 0.740688 -0.172214 -0.649403
vn 0.667455 -0.135815 -0.732160
vn 0.562489 -0.085785 -0.822342
vn 0.190448 -0.312920 -0.930489
vn 0.225885 -0.303449 -0.925686
vn 0.231360 -0.296288 -0.926653
vn 0.250541 -0.274191 -0.928466
vn 0.248861 0.032009 -0.968010
vn 0.325332 0.032431 -0.945044
vn 0.275467 -0.252160 -0.927649
vn 0.399215 0.040477 -0.915963
vn 0.249867 -0.287229 -0.924698
vn 0.471317 0.043969 -0.880867
vn 0.340455 -0.239539 -0.909237
vn 0.852865 -0.247762 -0.459603
vn 0.620777 -0.197017 -0.758828
vn 0.352926 -0.276764 -0.893781
vn 0.453924 -0.715869 -0.530551
vn 0.350941 -0.278569 -0.894002
vn 0.458236 -0.091665 -0.884091
vn 0.534271 -0.012970 -0.845214
vn 0.602892 -0.298832 -0.739743
vn 0.000000 0.642407 -0.766364
vn 0.000000 0.018382 -0.999831
vn 0.245199 0.062724 -0.967441
vn -0.000000 -0.458339 -0.888777
vn -0.000000 -0.879211 -0.476432
vn 0.000000 -0.903520 -0.428546
vn 0.376311 -0.867669 -0.324869
vn 0.800827 -0.598181 -0.029249
vn 0.836675 -0.512607 0.192895
vn 0.425649 0.493200 -0.758668
vn 0.000000 0.534388 -0.845239
vn 0.000000 0.537016 -0.843572
vn 0.466959 0.474556 -0.746154
vn 0.000000 0.563131 -0.826368
vn 0.331812 0.576613 -0.746604
vn 0.797181 0.346944 -0.494097
vn 0.660434 0.573034 -0.485241
vn 0.795098 0.303173 -0.525267
vn 0.839525 0.250168 -0.482301
vn 0.816068 0.377283 -0.437824
vn 0.727467 0.567801 -0.385219
vn 0.822194 0.303225 -0.481717
vn 0.000000 0.086734 -0.996231
vn 0.697775 0.211905 -0.684257
vn 0.313157 -0.284059 -0.906225
vn 0.345705 -0.273692 -0.897542
vn 0.422926 0.003260 -0.906159
vn 0.282847 0.097922 -0.954153
vn -0.506187 -0.243104 -0.827451
vn -0.577932 -0.210302 -0.788522
vn -0.696810 -0.141455 -0.703169
vn -0.617951 -0.191221 -0.762608
vn -0.671539 -0.197730 -0.714100
vn -0.770141 -0.100854 -0.629851
vn -0.633005 -0.342837 -0.694095
vn -0.815539 -0.175457 -0.551463
vn -0.790017 -0.059220 -0.610219
vn -0.809366 -0.047945 -0.585344
vn -0.476022 -0.218226 -0.851928
vn -0.677247 -0.003346 -0.735748
vn -0.417354 -0.258741 -0.871131
vn -0.824270 -0.042570 -0.564594
vn -0.862827 -0.077655 -0.499499
vn -0.551601 0.037417 -0.833268
vn -0.392281 -0.228717 -0.890957
vn -0.225882 0.010703 -0.974096
vn -0.417729 -0.028923 -0.908111
vn -0.350045 -0.130341 -0.927620
vn -0.178899 -0.116677 -0.976925
vn -0.404349 0.142407 -0.903450
vn -0.276621 0.136538 -0.951230
vn -0.852683 -0.082194 -0.515923
vn -0.787060 0.253496 -0.562385
vn -0.632367 -0.105127 -0.767502
vn -0.314178 -0.121127 -0.941605
vn -0.186641 -0.177149 -0.966325
vn -0.551272 0.029594 -0.833800
vn -0.753882 -0.086691 -0.651266
vn -0.647798 0.100114 -0.755205
vn -0.650256 0.306982 -0.694931
vn -0.710717 0.204085 -0.673224
vn -0.606880 -0.308163 -0.732620
vn -0.790103 -0.225348 -0.570048
vn -0.477733 0.370133 -0.796726
vn -0.518852 0.423960 -0.742328
vn -0.272782 0.344800 -0.898167
vn -0.303736 0.501761 -0.809926
vn -0.731542 0.286384 -0.618733
vn -0.676912 0.369396 -0.636660
vn -0.789504 0.101865 -0.605233
vn -0.801218 0.200632 -0.563735
vn -0.855526 -0.110117 -0.505914
vn -0.544988 0.451376 -0.706575
vn -0.335915 0.549965 -0.764657
vn -0.867498 0.104337 -0.486376
vn -0.790111 0.171389 -0.588516
vn -0.730730 0.217719 -0.647018
vn -0.603207 0.280569 -0.746607
vn -0.417184 0.355991 -0.836199
vn -0.286980 0.008827 -0.957896
vn -0.267787 0.076275 -0.960454
vn -0.359808 -0.062766 -0.930913
vn -0.343549 -0.301962 -0.889265
vn -0.423780 -0.214656 -0.879962
vn -0.491716 -0.180599 -0.851821
vn -0.474148 -0.420204 -0.773700
vn -0.504658 -0.389435 -0.770494
vn -0.594074 -0.274862 -0.755994
vn -0.200448 0.539071 -0.818060
vn -0.239751 0.393450 -0.887534
vn -0.287440 0.372033 -0.882593
vn -0.257336 0.486704 -0.834804
vn -0.196096 0.621778 -0.758247
vn -0.201696 0.634578 -0.746076
vn -0.311642 0.482075 -0.818830
vn -0.322057 0.611869 -0.722423
vn -0.305848 0.430861 -0.849009
vn -0.885459 -0.127394 -0.446916
vn -0.460455 0.112594 -0.880513
vn -0.269081 -0.140954 -0.952747
vn -0.570303 0.406625 -0.713730
vn -0.524437 0.469876 -0.710058
vn -0.798370 0.321167 -0.509370
vn -0.683205 0.078661 -0.725978
vn -0.798515 0.350282 -0.489567
vn -0.315113 -0.298708 -0.900820
vn -0.343624 -0.267315 -0.900258
vn -0.224804 -0.315391 -0.921950
vn -0.223167 -0.327579 -0.918090
vn -0.579786 -0.082306 -0.810601
vn -0.447341 -0.179136 -0.876240
vn -0.125562 0.006328 -0.992066
vn -0.150988 0.026903 -0.988169
vn -0.750242 0.168860 -0.639237
vn -0.563956 0.559373 -0.607499
vn -0.779621 0.411000 -0.472514
vn -0.408724 0.571474 -0.711591
vn -0.803313 0.345373 -0.485187
vn -0.573974 0.536622 -0.618539
vn -0.599663 -0.409473 -0.687558
vn -0.597738 -0.388516 -0.701259
vn -0.620925 -0.417527 -0.663419
vn -0.573987 -0.376186 -0.727340
vn -0.535337 -0.471772 -0.700603
vn -0.569709 -0.519276 -0.637012
vn -0.669752 -0.202098 -0.714555
vn -0.679532 -0.487106 -0.548601
vn -0.531797 -0.479746 -0.697880
vn -0.606059 -0.525006 -0.597546
vn -0.743950 -0.369044 -0.557086
vn -0.654227 -0.318257 -0.686076
vn -0.650281 0.051670 -0.757934
vn -0.248387 -0.512660 -0.821878
vn -0.284967 0.070793 -0.955920
vn -0.239110 -0.709029 -0.663403
vn -0.313560 -0.846082 -0.431075
vn -0.570202 -0.734081 -0.368775
vn -0.637931 -0.766294 -0.076406
vn -0.596326 -0.473533 -0.648199
vn -0.775511 -0.534349 -0.336234
vn -0.986419 0.009185 -0.163994
vn -0.921309 0.045114 -0.386205
vn -0.703279 -0.536783 -0.466114
vn -0.900614 0.400658 -0.168426
vn -0.817320 0.526157 -0.234834
vn -0.264918 0.416353 -0.869752
vn -0.222938 0.461844 -0.858486
vn -0.314868 0.459256 -0.830628
vn -0.240613 0.297513 -0.923900
vn -0.304489 0.283010 -0.909501
vn -0.251884 0.152137 -0.955724
vn -0.436853 0.214400 -0.873609
vn -0.525048 0.349929 -0.775805
vn -0.711709 0.213869 -0.669126
vn -0.737552 0.237079 -0.632306
vn -0.115828 -0.677736 -0.726125
vn -0.158787 -0.318922 -0.934385
vn -0.206929 -0.368056 -0.906485
vn -0.354337 -0.324265 -0.877096
vn -0.282252 -0.707064 -0.648378
vn -0.141277 0.315823 -0.938241
vn -0.397554 0.243115 -0.884786
vn -0.370187 -0.236722 -0.898290
vn -0.383323 0.566887 -0.729179
vn -0.537307 0.157842 -0.828485
vn -0.545440 0.550381 -0.632120
vn -0.098001 0.545851 -0.832131
vn -0.438971 -0.403190 -0.802958
vn -0.347420 -0.701854 -0.621853
vn -0.502534 -0.246511 -0.828669
vn -0.528803 0.214559 -0.821177
vn -0.640830 0.456206 -0.617424
vn -0.527041 0.171055 -0.832447
vn -0.476599 0.159212 -0.864584
vn -0.657071 0.070670 -0.750509
vn -0.481906 -0.475067 -0.736260
vn -0.341946 -0.746315 -0.571041
vn -0.700596 0.237358 -0.672924
vn -0.790543 0.057547 -0.609697
vn -0.610953 0.057589 -0.789570
vn -0.602351 -0.489808 -0.630287
vn -0.347808 -0.787720 -0.508456
vn -0.489030 -0.711801 -0.504172
vn -0.183952 -0.812433 -0.553276
vn -0.175728 0.008362 -0.984403
vn -0.229219 -0.530310 -0.816229
vn -0.198867 0.084300 -0.976394
vn -0.451714 -0.476247 -0.754416
vn -0.424900 0.081987 -0.901520
vn -0.388914 -0.698259 -0.600982
vn -0.626593 0.023182 -0.779002
vn -0.631900 -0.444722 -0.634763
vn -0.747905 -0.047953 -0.662072
vn -0.722332 -0.320490 -0.612800
vn -0.632276 -0.175780 -0.754538
vn -0.540412 -0.345943 -0.766993
vn -0.684830 -0.418670 -0.596425
vn -0.701505 -0.454177 -0.549194
vn -0.619160 -0.433879 -0.654515
vn -0.669139 -0.217079 -0.710725
vn -0.609500 -0.562615 -0.558546
vn -0.612247 -0.223842 -0.758320
vn -0.589769 0.047380 -0.806181
vn -0.677129 0.019310 -0.735611
vn -0.388013 0.015907 -0.921517
vn -0.823905 0.209249 -0.526684
vn -0.600475 -0.541604 -0.588298
vn -0.684708 -0.476412 -0.551549
vn -0.798806 0.291249 -0.526387
vn -0.181553 -0.893396 -0.410952
vn -0.491061 -0.829484 -0.266111
vn -0.268648 -0.852630 -0.448164
vn -0.040762 -0.942973 -0.330363
vn -0.087937 -0.892060 -0.443278
vn -0.486960 -0.872829 0.032258
vn -0.691279 0.619754 -0.371535
vn -0.840394 0.456116 -0.292738
vn -0.776474 0.468647 -0.421257
vn -0.871048 0.340061 -0.354448
vn -0.493801 -0.730655 -0.471490
vn -0.310539 -0.653799 -0.690009
vn -0.637859 -0.213218 -0.740050
vn -0.485622 -0.316492 -0.814864
vn -0.876384 -0.018482 -0.481258
vn -0.797687 0.034021 -0.602111
vn -0.732761 0.059758 -0.677857
vn -0.616905 0.106309 -0.779825
vn -0.453580 0.194215 -0.869796
vn -0.285691 0.267863 -0.920125
vn -0.825810 -0.222576 -0.518167
vn -0.740688 -0.172213 -0.649403
vn -0.667455 -0.135815 -0.732160
vn -0.562489 -0.085785 -0.822342
vn -0.190447 -0.312920 -0.930490
vn -0.225885 -0.303449 -0.925686
vn -0.231360 -0.296288 -0.926653
vn -0.250541 -0.274191 -0.928466
vn -0.248868 0.032277 -0.967999
vn -0.325352 0.032703 -0.945027
vn -0.275468 -0.252160 -0.927649
vn -0.399294 0.040667 -0.915921
vn -0.249867 -0.287229 -0.924698
vn -0.471371 0.044123 -0.880830
vn -0.340456 -0.239539 -0.909236
vn -0.352926 -0.276765 -0.893781
vn -0.620777 -0.197017 -0.758828
vn -0.852869 -0.247743 -0.459607
vn -0.453903 -0.715879 -0.530555
vn -0.350941 -0.278569 -0.894002
vn -0.458236 -0.091665 -0.884091
vn -0.534271 -0.012970 -0.845214
vn -0.602893 -0.298822 -0.739747
vn -0.245199 0.062724 -0.967442
vn -0.376272 -0.867677 -0.324894
vn -0.800820 -0.598188 -0.029286
vn -0.836670 -0.512627 0.192866
vn -0.425649 0.493200 -0.758668
vn -0.466960 0.474556 -0.746154
vn -0.331813 0.576613 -0.746604
vn -0.797181 0.346944 -0.494097
vn -0.660434 0.573034 -0.485241
vn -0.795098 0.303173 -0.525267
vn -0.839524 0.250168 -0.482301
vn -0.816068 0.377283 -0.437824
vn -0.727467 0.567801 -0.385220
vn -0.822194 0.303225 -0.481717
vn -0.697774 0.211906 -0.684257
vn -0.313157 -0.284059 -0.906225
vn -0.345704 -0.273692 -0.897542
vn -0.422926 0.003260 -0.906158
vn -0.282847 0.097922 -0.954153
vn 0.928582 -0.082416 -0.361861
vn -0.928573 -0.082439 -0.361877
vn 0.675874 0.046432 -0.735554
vn -0.675873 0.046432 -0.735554
vn 0.309550 -0.153225 -0.938457
vn -0.309549 -0.153225 -0.938457
vn 0.644724 0.513405 -0.566345
vn 0.726038 0.491279 -0.481159
vn 0.671472 0.377592 -0.637613
vn 0.600221 0.388020 -0.699410
vn 0.622598 0.249250 -0.741786
vn 0.539710 0.253117 -0.802898
vn 0.559825 0.126767 -0.818857
vn 0.662767 0.101718 -0.741885
vn 0.751023 -0.220395 -0.622407
vn 0.606631 -0.337893 -0.719602
vn 0.638913 -0.665109 -0.386549
vn 0.455667 -0.809582 -0.370060
vn 0.970993 0.072162 -0.227960
vn 0.974084 0.005142 -0.226127
vn 0.948050 0.035522 -0.316131
vn 0.937331 0.067174 -0.341904
vn 0.897162 0.086329 -0.433183
vn 0.873671 0.067483 -0.481815
vn 0.634016 -0.254506 -0.730240
vn 0.615950 -0.371901 -0.694474
vn 0.700846 -0.438565 -0.562562
vn 0.730679 -0.370728 -0.573297
vn 0.753444 -0.512107 -0.412395
vn 0.767448 -0.494093 -0.408529
vn 0.121158 0.402588 -0.907328
vn 0.228727 0.478987 -0.847500
vn 0.162028 0.346288 -0.924030
vn 0.066538 0.301088 -0.951272
vn 0.114770 0.199300 -0.973194
vn 0.059439 0.184642 -0.981007
vn -0.963426 0.195232 -0.183562
vn -0.935025 0.297162 -0.193450
vn -0.935071 0.141186 -0.325128
vn -0.952344 0.076331 -0.295320
vn -0.886745 0.027862 -0.461419
vn -0.914324 -0.004112 -0.404962
vn -0.455660 -0.809588 -0.370056
vn -0.639638 -0.664254 -0.386819
vn -0.752010 -0.220868 -0.621046
vn -0.606648 -0.337875 -0.719596
vn -0.663384 0.101137 -0.741413
vn -0.559850 0.126753 -0.818842
vn -0.975059 -0.060162 -0.213638
vn -0.974241 0.004899 -0.225458
vn -0.948728 0.034563 -0.314198
vn -0.963290 -0.030999 -0.266667
vn -0.897334 0.086289 -0.432835
vn -0.947796 0.003511 -0.318858
vn -0.820253 -0.411273 -0.397542
vn -0.694192 -0.549980 -0.464348
vn -0.750881 -0.541134 -0.378617
vn -0.852650 -0.421429 -0.308846
vn -0.819814 -0.501469 -0.276466
vn -0.882570 -0.420775 -0.209808
vn -0.093535 -0.927131 -0.362876
vn -0.228766 -0.906011 -0.356105
vn -0.372451 -0.455848 -0.808383
vn -0.165621 -0.493374 -0.853904
vn -0.370246 0.101810 -0.923338
vn -0.167481 0.082451 -0.982421
vn -0.633037 -0.167350 -0.755817
vn -0.664969 -0.023205 -0.746511
vn -0.777581 -0.237305 -0.582284
vn -0.736474 -0.325715 -0.592888
vn -0.755276 -0.525063 -0.392259
vn -0.765513 -0.495804 -0.410083
vn 0.750126 0.186334 -0.634501
vn 0.854207 0.077721 -0.514091
vn 0.856339 0.054756 -0.513503
vn 0.886735 0.027849 -0.461438
vn 0.914327 -0.004097 -0.404956
vn 0.935025 0.297154 -0.193461
vn 0.902639 0.366517 -0.225627
vn 0.901994 0.380750 -0.203560
vn 0.928655 0.324948 -0.178912
vn 0.886701 0.378407 -0.265649
vn 0.886301 0.392458 -0.245861
vn 0.963425 0.195229 -0.183572
vn 0.961957 0.220347 -0.161510
vn 0.964328 0.153182 -0.215886
vn 0.962450 0.186615 -0.197140
vn 0.917599 -0.044469 -0.395012
vn 0.809962 0.449498 -0.376713
vn 0.810776 0.462369 -0.358967
vn 0.732322 0.501259 -0.460916
vn 0.641422 0.529231 -0.555422
vn 0.553695 0.550508 -0.624790
vn 0.552149 0.533229 -0.640935
vn 0.654510 -0.676660 -0.337265
vn 0.425744 -0.857120 -0.289980
vn 0.947947 0.003529 -0.318407
vn 0.838716 -0.481351 -0.254671
vn 0.774079 -0.535443 -0.337791
vn 0.762560 -0.539695 -0.356696
vn 0.819813 -0.501476 -0.276458
vn 0.756527 -0.534990 -0.376102
vn 0.750029 -0.525778 -0.401266
vn 0.820263 -0.411265 -0.397530
vn 0.694195 -0.549973 -0.464352
vn 0.642968 -0.524247 -0.558352
vn 0.882574 -0.420777 -0.209786
vn 0.889188 -0.415430 -0.191734
vn 0.979702 -0.003489 -0.200429
vn 0.979392 0.070602 -0.189224
vn 0.975006 -0.059967 -0.213935
vn 0.976934 -0.066380 -0.202963
vn 0.899691 -0.049629 -0.433696
vn 0.971263 0.082176 -0.223372
vn 0.975451 0.104044 -0.194090
vn 0.756838 -0.527638 -0.385739
vn 0.766952 -0.511177 -0.387922
vn 0.656142 -0.413575 -0.631216
vn 0.370159 0.101673 -0.923388
vn 0.946814 -0.089494 -0.309086
vn 0.970381 -0.141851 -0.195548
vn 0.970920 -0.153437 -0.183772
vn 0.894122 -0.275332 -0.353183
vn 0.932052 -0.309733 -0.187999
vn 0.934963 -0.309957 -0.172542
vn 0.241107 0.222927 -0.944548
vn 0.353433 0.226467 -0.907633
vn 0.455798 0.238675 -0.857486
vn 0.167496 0.082218 -0.982438
vn 0.093460 -0.927269 -0.362542
vn 0.228763 -0.905956 -0.356246
vn 0.219822 -0.940945 -0.257490
vn 0.075890 -0.964869 -0.251534
vn -0.000004 -0.968622 -0.248537
vn 0.000123 -0.934779 -0.355229
vn 0.000130 0.077360 -0.997003
vn 0.755843 -0.523646 -0.393060
vn 0.750728 -0.549803 -0.366230
vn 0.768735 -0.513473 -0.381304
vn 0.765772 -0.495919 -0.409461
vn 0.664191 -0.022144 -0.747235
vn 0.633074 -0.166461 -0.755981
vn 0.454493 0.542878 -0.706201
vn 0.311612 0.533365 -0.786396
vn 0.316163 0.551043 -0.772264
vn 0.451186 0.562531 -0.692813
vn 0.246616 0.495095 -0.833104
vn 0.140685 0.418382 -0.897309
vn 0.000000 0.370143 -0.928975
vn 0.000000 0.383179 -0.923674
vn 0.000000 0.184275 -0.982875
vn -0.750166 0.186465 -0.634414
vn -0.854212 0.077703 -0.514086
vn -0.622558 0.249156 -0.741851
vn -0.856316 0.054832 -0.513534
vn -0.901996 0.380749 -0.203553
vn -0.902628 0.366524 -0.225661
vn -0.928655 0.324948 -0.178911
vn -0.886705 0.378413 -0.265628
vn -0.886304 0.392456 -0.245854
vn -0.961957 0.220347 -0.161511
vn -0.964325 0.153288 -0.215825
vn -0.962450 0.186616 -0.197141
vn -0.917540 -0.044456 -0.395151
vn -0.809959 0.449444 -0.376786
vn -0.810799 0.462357 -0.358931
vn -0.644705 0.513433 -0.566341
vn -0.726091 0.491297 -0.481060
vn -0.732343 0.501249 -0.460894
vn -0.641407 0.529232 -0.555437
vn -0.539881 0.253289 -0.802729
vn -0.553696 0.550508 -0.624789
vn -0.552165 0.533300 -0.640863
vn -0.653556 -0.677718 -0.336990
vn -0.425732 -0.857127 -0.289975
vn -0.873332 0.067418 -0.482438
vn -0.762596 -0.539701 -0.356609
vn -0.774059 -0.535445 -0.337834
vn -0.838716 -0.481351 -0.254670
vn -0.756508 -0.535005 -0.376118
vn -0.749991 -0.525762 -0.401358
vn -0.642941 -0.524108 -0.558514
vn -0.889188 -0.415431 -0.191734
vn -0.971113 0.072231 -0.227426
vn -0.979703 -0.003492 -0.200425
vn -0.979393 0.070601 -0.189221
vn -0.976934 -0.066381 -0.202962
vn -0.899780 -0.049571 -0.433520
vn -0.971294 0.082261 -0.223207
vn -0.975450 0.104046 -0.194092
vn -0.753428 -0.512293 -0.412192
vn -0.756818 -0.527688 -0.385710
vn -0.766952 -0.511178 -0.387920
vn -0.767457 -0.494073 -0.408537
vn -0.656093 -0.413412 -0.631374
vn -0.615793 -0.371959 -0.694584
vn -0.946813 -0.089483 -0.309091
vn -0.970381 -0.141855 -0.195546
vn -0.970920 -0.153438 -0.183771
vn -0.894126 -0.275337 -0.353170
vn -0.932048 -0.309738 -0.188012
vn -0.934963 -0.309957 -0.172542
vn -0.114798 0.199288 -0.973194
vn -0.241103 0.222981 -0.944536
vn -0.059436 0.184639 -0.981007
vn -0.353447 0.226504 -0.907618
vn -0.455718 0.238544 -0.857565
vn -0.219795 -0.940952 -0.257486
vn -0.075899 -0.964869 -0.251530
vn -0.750540 -0.550119 -0.366139
vn -0.768754 -0.513438 -0.381311
vn -0.634041 -0.254515 -0.730215
vn -0.316164 0.551044 -0.772264
vn -0.311609 0.533505 -0.786303
vn -0.454546 0.543006 -0.706069
vn -0.451187 0.562531 -0.692812
vn -0.228712 0.479041 -0.847473
vn -0.246617 0.495095 -0.833103
vn -0.121155 0.402592 -0.907326
vn -0.140685 0.418382 -0.897310
vn 0.876412 0.233543 -0.421142
vn 0.892298 0.215758 -0.396550
vn 0.781185 0.325646 -0.532639
vn 0.935059 0.141135 -0.325186
vn 0.952333 0.076329 -0.295356
vn 0.948236 0.043835 -0.314527
vn 0.516603 0.389676 -0.762413
vn 0.776757 -0.233369 -0.584969
vn 0.372073 -0.456205 -0.808356
vn 0.963053 -0.030270 -0.267604
vn 0.961178 -0.103406 -0.255819
vn 0.944468 0.015276 -0.328247
vn 0.750854 -0.541182 -0.378602
vn 0.852677 -0.421443 -0.308753
vn 0.706302 -0.539551 -0.458282
vn 0.714754 -0.462711 -0.524429
vn 0.165604 -0.494093 -0.853491
vn 0.918821 -0.282539 -0.275572
vn 0.268794 0.385866 -0.882529
vn 0.411255 0.392141 -0.822858
vn 0.000000 0.281907 -0.959442
vn 0.000417 -0.515034 -0.857170
vn 0.737172 -0.323736 -0.593104
vn -0.781078 0.325702 -0.532762
vn -0.671658 0.377712 -0.637346
vn -0.876417 0.233540 -0.421132
vn -0.600504 0.388381 -0.698967
vn -0.892248 0.215857 -0.396610
vn -0.948262 0.044174 -0.314402
vn -0.516698 0.389973 -0.762197
vn -0.411617 0.392810 -0.822357
vn -0.937632 0.067065 -0.341098
vn -0.961179 -0.103407 -0.255816
vn -0.944631 0.015599 -0.327763
vn -0.706313 -0.539594 -0.458214
vn -0.714615 -0.462471 -0.524830
vn -0.700648 -0.438677 -0.562721
vn -0.730726 -0.370741 -0.573228
vn -0.918793 -0.282579 -0.275623
vn -0.161894 0.346479 -0.923982
vn -0.066521 0.301100 -0.951270
vn -0.268736 0.386560 -0.882243
vn -0.504737 0.242267 0.828582
vn -0.575470 0.209914 0.790424
vn -0.695437 0.141770 0.704463
vn -0.615677 0.191430 0.764393
vn -0.671604 0.196828 0.714288
vn -0.769711 0.100608 0.630415
vn -0.630988 0.345110 0.694804
vn -0.816181 0.175554 0.550480
vn -0.790655 0.059443 0.609370
vn -0.809862 0.047824 0.584668
vn -0.471975 0.219928 0.853739
vn -0.676770 0.004346 0.736181
vn -0.415979 0.258355 0.871903
vn -0.824179 0.042814 0.564709
vn -0.862669 0.077635 0.499776
vn -0.550664 -0.036295 0.833937
vn -0.389761 0.230611 0.891574
vn -0.222986 -0.005136 0.974808
vn -0.422315 0.037869 0.905658
vn -0.357079 0.125967 0.925542
vn -0.173638 0.123593 0.977023
vn -0.412254 -0.142701 0.899824
vn -0.275760 -0.134592 0.951757
vn -0.835705 0.051156 0.546790
vn -0.781519 -0.246080 0.573300
vn -0.619086 0.100166 0.778909
vn -0.321775 0.115710 0.939719
vn -0.181039 0.179750 0.966910
vn -0.551009 -0.026981 0.834063
vn -0.750089 0.082387 0.656186
vn -0.648940 -0.091922 0.755266
vn -0.648336 -0.306585 0.696897
vn -0.707353 -0.202589 0.677207
vn -0.607432 0.303342 0.734173
vn -0.788760 0.224136 0.572382
vn -0.485768 -0.367754 0.792961
vn -0.519132 -0.421045 0.743789
vn -0.272625 -0.346187 0.897681
vn -0.299350 -0.500398 0.812399
vn -0.729624 -0.288484 0.620021
vn -0.676196 -0.369887 0.637137
vn -0.786038 -0.096584 0.610587
vn -0.794884 -0.205570 0.570877
vn -0.854453 0.108820 0.508004
vn -0.541204 -0.453381 0.708198
vn -0.329703 -0.555685 0.763223
vn -0.866994 -0.105924 0.486930
vn -0.790113 -0.172059 0.588317
vn -0.731922 -0.216439 0.646099
vn -0.605069 -0.278439 0.745898
vn -0.417390 -0.354590 0.836691
vn -0.286077 -0.009627 0.958158
vn -0.267937 -0.076759 0.960374
vn -0.359220 0.062794 0.931138
vn -0.339247 0.303327 0.890452
vn -0.425705 0.207772 0.880685
vn -0.491595 0.180728 0.851864
vn -0.472464 0.422205 0.773641
vn -0.505218 0.387064 0.771321
vn -0.594385 0.274976 0.755708
vn -0.201118 -0.537466 0.818952
vn -0.239024 -0.390741 0.888926
vn -0.286705 -0.372925 0.882455
vn -0.256979 -0.487243 0.834599
vn -0.194103 -0.624334 0.756658
vn -0.202414 -0.635584 0.745025
vn -0.310644 -0.485929 0.816929
vn -0.321064 -0.614249 0.720845
vn -0.306834 -0.434330 0.846883
vn -0.885429 0.127206 0.447028
vn 0.000000 0.092179 0.995742
vn 0.000000 -0.145263 0.989393
vn -0.466262 -0.100787 0.878887
vn -0.273311 0.142227 0.951353
vn 0.000000 -0.479843 0.877355
vn -0.585662 -0.398975 0.705563
vn 0.000000 -0.530636 0.847600
vn -0.533889 -0.468146 0.704132
vn -0.801001 -0.312456 0.510655
vn -0.683577 -0.075098 0.726005
vn -0.802792 -0.347868 0.484265
vn -0.315382 0.298526 0.900787
vn -0.342971 0.267510 0.900449
vn -0.225283 0.315399 0.921830
vn -0.223020 0.327561 0.918132
vn -0.578846 0.082703 0.811232
vn -0.448544 0.178107 0.875835
vn -0.126940 -0.006861 0.991887
vn -0.150188 -0.027529 0.988274
vn -0.750019 -0.174038 0.638109
vn -0.561331 -0.558814 0.610439
vn -0.782442 -0.399544 0.477650
vn -0.407010 -0.573444 0.710989
vn -0.805265 -0.345130 0.482114
vn -0.577578 -0.537103 0.614755
vn -0.599459 0.409484 0.687730
vn -0.593067 0.388236 0.705368
vn -0.614678 0.415080 0.670730
vn -0.573340 0.376071 0.727909
vn -0.536319 0.470331 0.700822
vn -0.570531 0.517440 0.637770
vn -0.660331 0.194345 0.725392
vn -0.670195 0.493320 0.554504
vn -0.530041 0.482356 0.697416
vn -0.603747 0.527221 0.597936
vn -0.743887 0.368946 0.557235
vn -0.653953 0.318192 0.686367
vn -0.644615 -0.042897 0.763303
vn 0.000000 -0.062603 0.998038
vn 0.000000 0.525366 0.850877
vn -0.230199 0.527232 0.817945
vn -0.267998 -0.079525 0.960132
vn 0.000000 0.661994 0.749509
vn -0.225788 0.704192 0.673152
vn 0.000000 0.818677 0.574254
vn -0.311802 0.846995 0.430557
vn -0.577531 0.743794 0.336493
vn -0.645119 0.764029 0.009001
vn -0.592406 0.500356 0.631426
vn -0.771303 0.539787 0.337227
vn -0.988139 -0.049176 0.145473
vn -0.922659 -0.084063 0.376343
vn -0.681519 0.567420 0.462132
vn -0.905799 -0.384677 0.177630
vn -0.821186 -0.515437 0.244904
vn -0.265154 -0.415080 0.870289
vn -0.223190 -0.460884 0.858936
vn -0.314886 -0.457102 0.831808
vn -0.240874 -0.297136 0.923953
vn -0.303785 -0.281749 0.910128
vn -0.252191 -0.151769 0.955702
vn -0.441492 -0.211204 0.872054
vn -0.526175 -0.345689 0.776942
vn -0.712813 -0.209528 0.669325
vn -0.737390 -0.237179 0.632457
vn -0.106498 0.719136 0.686660
vn 0.000000 0.696655 0.717406
vn 0.000000 0.346266 0.938136
vn -0.145270 0.318753 0.936639
vn 0.000000 0.423736 0.905786
vn -0.195513 0.374467 0.906394
vn -0.351225 0.333845 0.874750
vn -0.266744 0.738894 0.618775
vn -0.112547 -0.358187 0.926841
vn -0.390484 -0.266313 0.881249
vn 0.000000 -0.039772 0.999209
vn -0.355413 0.264608 0.896473
vn -0.386600 -0.521699 0.760507
vn -0.539917 -0.188994 0.820226
vn -0.549918 -0.511156 0.660537
vn -0.108487 -0.485185 0.867656
vn -0.437602 0.418787 0.795690
vn -0.334812 0.732287 0.593007
vn -0.505922 0.302126 0.807937
vn -0.530177 -0.213312 0.820616
vn -0.637454 -0.427666 0.640902
vn -0.530999 -0.169489 0.830249
vn -0.473220 -0.163372 0.865663
vn -0.661627 -0.112582 0.741333
vn -0.470658 0.498499 0.727997
vn -0.331399 0.785570 0.522547
vn -0.698495 -0.215650 0.682349
vn -0.789646 -0.108537 0.603887
vn -0.615145 -0.057178 0.786338
vn -0.601101 0.501732 0.622047
vn -0.316399 0.822854 0.472020
vn -0.472686 0.701296 0.533622
vn -0.176828 0.738685 0.650444
vn 0.000000 0.773057 0.634337
vn 0.000000 0.024517 0.999699
vn -0.176194 0.027998 0.983957
vn 0.000000 0.621644 0.783300
vn -0.214950 0.605785 0.766042
vn 0.000000 -0.179057 0.983839
vn -0.185064 -0.169978 0.967915
vn -0.428909 0.545984 0.719680
vn -0.407912 -0.167705 0.897487
vn -0.373144 0.644446 0.667423
vn -0.613400 -0.116255 0.781169
vn -0.605537 0.504887 0.615154
vn -0.731782 -0.074253 0.677481
vn -0.677589 0.204997 0.706292
vn -0.521311 0.431982 0.735953
vn -0.554997 0.414180 0.721411
vn -0.679615 0.420803 0.600873
vn -0.679951 0.495012 0.540953
vn -0.612993 0.421293 0.668395
vn -0.664510 0.222189 0.713484
vn -0.598838 0.534078 0.596787
vn -0.607896 0.227142 0.760834
vn -0.595666 -0.030051 0.802670
vn -0.678446 -0.014080 0.734516
vn -0.388842 0.012218 0.921223
vn -0.811197 -0.279694 0.513548
vn -0.563216 0.591262 0.577232
vn -0.663091 0.528240 0.530352
vn -0.784851 -0.360224 0.504229
vn -0.179573 0.899937 0.397325
vn -0.459234 0.850831 0.255326
vn -0.258778 0.863208 0.433482
vn -0.051520 0.948632 0.312158
vn -0.076727 0.900275 0.428506
vn -0.538502 0.839034 -0.077707
vn -0.691917 -0.603984 0.395542
vn -0.841115 -0.455714 0.291290
vn -0.773544 -0.468361 0.426927
vn -0.877511 -0.331034 0.346974
vn -0.491511 0.733195 0.469939
vn -0.388948 0.629313 0.672818
vn -0.640269 0.199379 0.741825
vn -0.476629 0.277516 0.834152
vn -0.875956 0.017458 0.482075
vn -0.797760 -0.034569 0.601983
vn -0.733620 -0.059504 0.676949
vn -0.617811 -0.105368 0.779235
vn -0.453667 -0.194255 0.869742
vn -0.284857 -0.268174 0.920293
vn -0.825429 0.222898 0.518636
vn -0.740340 0.172806 0.649642
vn -0.667632 0.136491 0.731872
vn -0.562562 0.087087 0.822156
vn -0.190358 0.313014 0.930476
vn -0.224314 0.303743 0.925972
vn -0.231186 0.296276 0.926700
vn -0.249446 0.274819 0.928575
vn -0.248214 -0.032187 0.968170
vn -0.325116 -0.032434 0.945118
vn -0.273609 0.253203 0.927915
vn -0.399103 -0.040451 0.916013
vn -0.249497 0.287237 0.924795
vn -0.471122 -0.043848 0.880977
vn -0.338889 0.240855 0.909474
vn -0.325522 0.265721 0.907429
vn -0.615743 0.181993 0.766642
vn -0.870093 0.216469 0.442809
vn -0.445491 0.708712 0.547051
vn -0.363397 0.254100 0.896312
vn -0.456827 0.083737 0.885605
vn -0.534903 0.008727 0.844868
vn -0.602017 0.299940 0.740008
vn -0.245305 -0.074258 0.966598
vn 0.000000 -0.028431 0.999596
vn 0.000000 -0.595342 0.803472
vn 0.000000 0.444411 0.895823
vn 0.000000 0.865786 0.500415
vn 0.000000 0.901515 0.432747
vn -0.407915 0.852792 0.326116
vn -0.831295 0.555458 -0.020395
vn -0.864932 0.460990 -0.198444
vn 0.000000 -0.536909 0.843640
vn 0.000000 -0.534221 0.845345
vn -0.425228 -0.493153 0.758935
vn -0.469407 -0.474066 0.744929
vn 0.000000 -0.554956 0.831879
vn -0.346666 -0.562445 0.750652
vn -0.806646 -0.341852 0.482140
vn -0.692986 -0.546861 0.469801
vn -0.801232 -0.297368 0.519230
vn -0.839929 -0.249779 0.481799
vn -0.815385 -0.377974 0.438501
vn -0.733261 -0.550190 0.399525
vn -0.822338 -0.302306 0.482048
vn 0.000000 -0.087307 0.996181
vn -0.705777 -0.268900 0.655417
vn -0.313073 0.283971 0.906281
vn -0.344924 0.273611 0.897867
vn -0.422609 -0.002165 0.906309
vn -0.282000 -0.097643 0.954433
vn 0.695437 0.141770 0.704463
vn 0.575470 0.209914 0.790424
vn 0.504737 0.242267 0.828581
vn 0.615677 0.191430 0.764393
vn 0.671604 0.196828 0.714288
vn 0.769711 0.100608 0.630415
vn 0.630988 0.345110 0.694804
vn 0.816181 0.175554 0.550480
vn 0.790634 0.059481 0.609393
vn 0.809859 0.047829 0.584672
vn 0.471975 0.219928 0.853739
vn 0.676743 0.004466 0.736206
vn 0.415979 0.258355 0.871902
vn 0.824187 0.042811 0.564697
vn 0.862670 0.077632 0.499773
vn 0.550625 -0.036267 0.833964
vn 0.389761 0.230611 0.891574
vn 0.357079 0.125967 0.925542
vn 0.422315 0.037869 0.905658
vn 0.222986 -0.005136 0.974808
vn 0.173638 0.123594 0.977023
vn 0.412254 -0.142701 0.899824
vn 0.275760 -0.134592 0.951757
vn 0.835706 0.051156 0.546790
vn 0.781519 -0.246080 0.573300
vn 0.619085 0.100166 0.778910
vn 0.321775 0.115710 0.939719
vn 0.181039 0.179750 0.966910
vn 0.551009 -0.026981 0.834063
vn 0.648336 -0.306586 0.696897
vn 0.648940 -0.091923 0.755266
vn 0.750089 0.082387 0.656186
vn 0.707353 -0.202589 0.677207
vn 0.607432 0.303342 0.734173
vn 0.788760 0.224136 0.572382
vn 0.485768 -0.367754 0.792961
vn 0.519132 -0.421046 0.743789
vn 0.272625 -0.346187 0.897681
vn 0.299350 -0.500398 0.812399
vn 0.729624 -0.288485 0.620021
vn 0.676195 -0.369888 0.637137
vn 0.787058 -0.097232 0.609168
vn 0.796649 -0.203745 0.569068
vn 0.854529 0.108680 0.507907
vn 0.541204 -0.453381 0.708198
vn 0.329704 -0.555685 0.763223
vn 0.867153 -0.105638 0.486710
vn 0.790113 -0.172059 0.588317
vn 0.731922 -0.216439 0.646099
vn 0.605069 -0.278438 0.745898
vn 0.417390 -0.354589 0.836691
vn 0.286077 -0.009626 0.958158
vn 0.267937 -0.076759 0.960374
vn 0.359220 0.062794 0.931138
vn 0.339248 0.303327 0.890451
vn 0.425705 0.207772 0.880685
vn 0.491595 0.180728 0.851864
vn 0.472464 0.422205 0.773641
vn 0.505218 0.387064 0.771321
vn 0.594385 0.274976 0.755708
vn 0.286704 -0.372925 0.882455
vn 0.239024 -0.390740 0.888926
vn 0.201118 -0.537466 0.818952
vn 0.256979 -0.487243 0.834599
vn 0.194103 -0.624334 0.756658
vn 0.202415 -0.635584 0.745025
vn 0.321064 -0.614249 0.720844
vn 0.310644 -0.485929 0.816929
vn 0.306834 -0.434330 0.846883
vn 0.885442 0.127155 0.447018
vn 0.466262 -0.100787 0.878887
vn 0.273311 0.142227 0.951353
vn 0.585662 -0.398975 0.705563
vn 0.533889 -0.468146 0.704132
vn 0.801001 -0.312456 0.510655
vn 0.683577 -0.075098 0.726005
vn 0.802792 -0.347868 0.484265
vn 0.225283 0.315399 0.921830
vn 0.342971 0.267510 0.900449
vn 0.315382 0.298526 0.900787
vn 0.223020 0.327561 0.918132
vn 0.578846 0.082703 0.811232
vn 0.448544 0.178107 0.875835
vn 0.126939 -0.006868 0.991887
vn 0.150199 -0.027610 0.988270
vn 0.750018 -0.174038 0.638109
vn 0.782442 -0.399544 0.477650
vn 0.561331 -0.558814 0.610439
vn 0.407010 -0.573444 0.710989
vn 0.805265 -0.345130 0.482114
vn 0.577578 -0.537103 0.614755
vn 0.614678 0.415080 0.670730
vn 0.593067 0.388236 0.705368
vn 0.599514 0.409458 0.687696
vn 0.573365 0.376095 0.727877
vn 0.536319 0.470331 0.700822
vn 0.570637 0.517279 0.637805
vn 0.660331 0.194345 0.725392
vn 0.670195 0.493320 0.554504
vn 0.530041 0.482356 0.697416
vn 0.603693 0.527237 0.597977
vn 0.743848 0.368924 0.557302
vn 0.653953 0.318192 0.686367
vn 0.644615 -0.042897 0.763303
vn 0.230199 0.527232 0.817945
vn 0.267998 -0.079525 0.960132
vn 0.225788 0.704192 0.673152
vn 0.311802 0.846995 0.430557
vn 0.577531 0.743794 0.336494
vn 0.645119 0.764030 0.009001
vn 0.592406 0.500357 0.631426
vn 0.922659 -0.084063 0.376343
vn 0.988139 -0.049176 0.145473
vn 0.771303 0.539787 0.337227
vn 0.681519 0.567420 0.462132
vn 0.905799 -0.384677 0.177630
vn 0.821186 -0.515437 0.244904
vn 0.265154 -0.415080 0.870289
vn 0.223190 -0.460884 0.858937
vn 0.314886 -0.457102 0.831808
vn 0.303785 -0.281749 0.910128
vn 0.240874 -0.297136 0.923953
vn 0.252191 -0.151769 0.955702
vn 0.441492 -0.211204 0.872054
vn 0.526175 -0.345689 0.776942
vn 0.712813 -0.209528 0.669325
vn 0.737390 -0.237179 0.632458
vn 0.106498 0.719136 0.686660
vn 0.145270 0.318753 0.936639
vn 0.195513 0.374467 0.906393
vn 0.351225 0.333845 0.874750
vn 0.266744 0.738894 0.618776
vn 0.112547 -0.358187 0.926841
vn 0.390484 -0.266313 0.881249
vn 0.355413 0.264608 0.896473
vn 0.539917 -0.188994 0.820226
vn 0.386600 -0.521699 0.760507
vn 0.549918 -0.511156 0.660537
vn 0.108487 -0.485185 0.867656
vn 0.437602 0.418787 0.795690
vn 0.334812 0.732287 0.593007
vn 0.505922 0.302126 0.807937
vn 0.637454 -0.427666 0.640902
vn 0.530177 -0.213312 0.820616
vn 0.530999 -0.169489 0.830249
vn 0.473220 -0.163372 0.865663
vn 0.661627 -0.112582 0.741334
vn 0.470658 0.498499 0.727997
vn 0.331399 0.785570 0.522547
vn 0.698495 -0.215650 0.682349
vn 0.789646 -0.108537 0.603887
vn 0.615145 -0.057178 0.786338
vn 0.601101 0.501732 0.622047
vn 0.316399 0.822854 0.472020
vn 0.472686 0.701296 0.533622
vn 0.176828 0.738685 0.650444
vn 0.176194 0.027998 0.983957
vn 0.214950 0.605785 0.766042
vn 0.185064 -0.169978 0.967915
vn 0.428909 0.545984 0.719680
vn 0.407912 -0.167705 0.897487
vn 0.373144 0.644446 0.667423
vn 0.613400 -0.116255 0.781169
vn 0.605537 0.504887 0.615154
vn 0.521311 0.431982 0.735953
vn 0.677589 0.204997 0.706293
vn 0.731782 -0.074253 0.677481
vn 0.554997 0.414180 0.721411
vn 0.679615 0.420803 0.600873
vn 0.679951 0.495012 0.540953
vn 0.612993 0.421293 0.668395
vn 0.664510 0.222189 0.713484
vn 0.598838 0.534078 0.596787
vn 0.607896 0.227142 0.760834
vn 0.678446 -0.014080 0.734516
vn 0.595666 -0.030051 0.802670
vn 0.388842 0.012218 0.921223
vn 0.563216 0.591262 0.577232
vn 0.811197 -0.279693 0.513548
vn 0.663091 0.528240 0.530352
vn 0.784851 -0.360224 0.504230
vn 0.179572 0.899937 0.397325
vn 0.459233 0.850831 0.255326
vn 0.258777 0.863208 0.433482
vn 0.051520 0.948632 0.312158
vn 0.076727 0.900275 0.428506
vn 0.538502 0.839034 -0.077707
vn 0.841115 -0.455714 0.291291
vn 0.691917 -0.603984 0.395542
vn 0.773544 -0.468361 0.426928
vn 0.877511 -0.331034 0.346974
vn 0.491511 0.733195 0.469939
vn 0.388948 0.629313 0.672818
vn 0.640269 0.199379 0.741825
vn 0.476629 0.277516 0.834152
vn 0.875956 0.017458 0.482075
vn 0.797760 -0.034569 0.601983
vn 0.733620 -0.059504 0.676949
vn 0.617811 -0.105368 0.779235
vn 0.453667 -0.194255 0.869742
vn 0.284857 -0.268174 0.920293
vn 0.825423 0.222857 0.518663
vn 0.740340 0.172806 0.649642
vn 0.667632 0.136491 0.731872
vn 0.562562 0.087087 0.822156
vn 0.190358 0.313014 0.930476
vn 0.224314 0.303743 0.925972
vn 0.231186 0.296276 0.926700
vn 0.249446 0.274819 0.928575
vn 0.248221 -0.032461 0.968159
vn 0.325136 -0.032712 0.945101
vn 0.273609 0.253203 0.927915
vn 0.399185 -0.040649 0.915969
vn 0.249497 0.287237 0.924795
vn 0.471177 -0.044007 0.880940
vn 0.338888 0.240855 0.909474
vn 0.870093 0.216469 0.442808
vn 0.615743 0.181993 0.766642
vn 0.325522 0.265721 0.907429
vn 0.445491 0.708713 0.547050
vn 0.363397 0.254100 0.896312
vn 0.456827 0.083737 0.885605
vn 0.534903 0.008727 0.844868
vn 0.602017 0.299940 0.740008
vn 0.245305 -0.074258 0.966598
vn 0.407915 0.852792 0.326115
vn 0.831295 0.555458 -0.020396
vn 0.864932 0.460990 -0.198444
vn 0.425228 -0.493153 0.758935
vn 0.469407 -0.474066 0.744929
vn 0.346666 -0.562445 0.750652
vn 0.806646 -0.341852 0.482140
vn 0.692986 -0.546861 0.469801
vn 0.801232 -0.297368 0.519230
vn 0.839929 -0.249779 0.481799
vn 0.815385 -0.377975 0.438501
vn 0.733261 -0.550190 0.399525
vn 0.822338 -0.302306 0.482049
vn 0.705777 -0.268900 0.655417
vn 0.313073 0.283971 0.906281
vn 0.344924 0.273611 0.897867
vn 0.422609 -0.002165 0.906309
vn 0.282000 -0.097643 0.954433
vn -0.930371 0.051231 0.363023
vn 0.930371 0.051231 0.363023
vn -0.681159 -0.064366 0.729301
vn 0.681159 -0.064366 0.729301
vn -0.314596 0.124918 0.940970
vn 0.314596 0.124918 0.940970
vn -0.671037 -0.377640 0.638042
vn -0.726939 -0.491350 0.479724
vn -0.645516 -0.513787 0.565095
vn -0.600283 -0.387998 0.699369
vn -0.622053 -0.249480 0.742166
vn -0.539682 -0.252920 0.802979
vn -0.751065 0.211212 0.625533
vn -0.656624 -0.106489 0.746663
vn -0.557163 -0.140994 0.818346
vn -0.606899 0.330756 0.722685
vn -0.631659 0.674370 0.382403
vn -0.445283 0.819848 0.359963
vn -0.947691 -0.035162 0.317248
vn -0.974103 -0.004676 0.226056
vn -0.971032 -0.071918 0.227871
vn -0.936947 -0.065792 0.343221
vn -0.895063 -0.086680 0.437435
vn -0.872269 -0.064194 0.484794
vn -0.700527 0.438331 0.563142
vn -0.614306 0.371088 0.696364
vn -0.630983 0.254570 0.732840
vn -0.730202 0.370724 0.573907
vn -0.753751 0.512375 0.411498
vn -0.767486 0.494902 0.407477
vn -0.161713 -0.346262 0.924095
vn -0.229839 -0.479913 0.846675
vn -0.122190 -0.402984 0.907014
vn -0.066392 -0.300886 0.951346
vn -0.114031 -0.199017 0.973339
vn -0.059191 -0.184620 0.981026
vn 0.935240 -0.141194 0.324638
vn 0.934720 -0.298635 0.192656
vn 0.963237 -0.196417 0.183287
vn 0.952393 -0.076517 0.295115
vn 0.886575 -0.027258 0.461781
vn 0.914389 0.003851 0.404818
vn 0.752095 0.211704 0.624127
vn 0.632494 0.673400 0.382732
vn 0.445283 0.819848 0.359963
vn 0.606899 0.330756 0.722685
vn 0.657246 -0.105907 0.746198
vn 0.557162 -0.140994 0.818347
vn 0.948381 -0.034182 0.315285
vn 0.974257 -0.004428 0.225397
vn 0.975061 0.060340 0.213578
vn 0.963417 0.031064 0.266200
vn 0.895308 -0.086581 0.436953
vn 0.948624 -0.002103 0.316398
vn 0.749758 0.541786 0.379908
vn 0.692119 0.551371 0.465792
vn 0.820615 0.411258 0.396810
vn 0.852807 0.421520 0.308289
vn 0.820096 0.501028 0.276430
vn 0.882728 0.420713 0.209267
vn 0.370445 0.455943 0.809250
vn 0.217565 0.914373 0.341450
vn 0.089151 0.933483 0.347364
vn 0.164119 0.494232 0.853698
vn 0.368937 -0.121286 0.921507
vn 0.166329 -0.104137 0.980556
vn 0.775778 0.232379 0.586659
vn 0.655696 0.023660 0.754654
vn 0.627638 0.166194 0.760559
vn 0.736008 0.325279 0.593706
vn 0.752942 0.528799 0.391728
vn 0.765344 0.497277 0.408613
vn -0.749961 -0.186845 0.634545
vn -0.854534 -0.076464 0.513736
vn -0.855914 -0.053471 0.514347
vn -0.886564 -0.027246 0.461802
vn -0.914392 0.003836 0.404811
vn -0.902064 -0.380676 0.203389
vn -0.902638 -0.367370 0.224243
vn -0.934720 -0.298626 0.192667
vn -0.928724 -0.324762 0.178889
vn -0.887237 -0.378577 0.263609
vn -0.886645 -0.392048 0.245272
vn -0.963236 -0.196415 0.183296
vn -0.961792 -0.220601 0.162147
vn -0.964226 -0.154450 0.215438
vn -0.962381 -0.186862 0.197245
vn -0.917438 0.044929 0.395334
vn -0.810368 -0.449816 0.375459
vn -0.810591 -0.462403 0.359342
vn -0.732510 -0.500928 0.460978
vn -0.641265 -0.529236 0.555597
vn -0.553845 -0.550466 0.624693
vn -0.552673 -0.533973 0.639864
vn -0.657942 0.672166 0.339565
vn -0.422359 0.858721 0.290191
vn -0.948774 -0.002144 0.315948
vn -0.763009 0.538884 0.356962
vn -0.774039 0.535063 0.338483
vn -0.838355 0.481612 0.255363
vn -0.820095 0.501034 0.276421
vn -0.756592 0.534815 0.376220
vn -0.750271 0.525843 0.400729
vn -0.692122 0.551363 0.465796
vn -0.820625 0.411250 0.396798
vn -0.643155 0.521536 0.560671
vn -0.882732 0.420715 0.209246
vn -0.889157 0.415464 0.191808
vn -0.979674 0.003769 0.200563
vn -0.979366 -0.070506 0.189395
vn -0.975009 0.060151 0.213867
vn -0.976899 0.066395 0.203124
vn -0.899158 0.050025 0.434755
vn -0.971280 -0.082636 0.223129
vn -0.975414 -0.104032 0.194280
vn -0.756871 0.527566 0.385773
vn -0.766917 0.511170 0.388001
vn -0.655595 0.413767 0.631658
vn -0.368862 -0.121162 0.921553
vn -0.947157 0.089277 0.308095
vn -0.970434 0.141502 0.195536
vn -0.970989 0.152755 0.183971
vn -0.894230 0.275649 0.352662
vn -0.931972 0.310215 0.187602
vn -0.934886 0.310208 0.172508
vn -0.240615 -0.222435 0.944789
vn -0.352966 -0.225781 0.907986
vn -0.455636 -0.238127 0.857724
vn -0.166339 -0.103919 0.980577
vn -0.217234 0.941582 0.257356
vn -0.217586 0.914311 0.341602
vn -0.089086 0.933596 0.347078
vn -0.074752 0.964999 0.251373
vn 0.000008 0.968622 0.248538
vn -0.000103 0.940447 0.339941
vn -0.000108 -0.099453 0.995042
vn -0.750354 0.549321 0.367718
vn -0.753479 0.527522 0.392416
vn -0.768676 0.513475 0.381421
vn -0.765586 0.497419 0.407985
vn -0.654961 0.022640 0.755323
vn -0.627666 0.165367 0.760716
vn -0.315850 -0.550737 0.772611
vn -0.312165 -0.534165 0.785634
vn -0.455704 -0.543730 0.704763
vn -0.451315 -0.562532 0.692728
vn -0.247023 -0.494605 0.833274
vn -0.140284 -0.417891 0.897601
vn 0.000000 -0.383012 0.923743
vn 0.000000 -0.370182 0.928959
vn 0.000000 -0.184327 0.982865
vn 0.750004 -0.186986 0.634453
vn 0.854539 -0.076447 0.513730
vn 0.622012 -0.249381 0.742233
vn 0.855890 -0.053546 0.514378
vn 0.902626 -0.367377 0.224276
vn 0.902066 -0.380675 0.203382
vn 0.928724 -0.324762 0.178889
vn 0.887241 -0.378582 0.263589
vn 0.886649 -0.392045 0.245265
vn 0.961792 -0.220601 0.162147
vn 0.964223 -0.154555 0.215376
vn 0.962381 -0.186862 0.197245
vn 0.917375 0.044925 0.395481
vn 0.810363 -0.449761 0.375536
vn 0.810613 -0.462391 0.359307
vn 0.732530 -0.500918 0.460957
vn 0.726992 -0.491367 0.479626
vn 0.645493 -0.513814 0.565097
vn 0.641251 -0.529237 0.555613
vn 0.539855 -0.253090 0.802809
vn 0.553846 -0.550466 0.624693
vn 0.552688 -0.534040 0.639795
vn 0.657003 0.673219 0.339297
vn 0.422359 0.858721 0.290191
vn 0.871926 -0.064062 0.485429
vn 0.838355 0.481612 0.255363
vn 0.774020 0.535065 0.338525
vn 0.763045 0.538891 0.356874
vn 0.756573 0.534829 0.376237
vn 0.750235 0.525829 0.400813
vn 0.643127 0.521389 0.560840
vn 0.889157 0.415464 0.191808
vn 0.979674 0.003769 0.200563
vn 0.971150 -0.071981 0.227345
vn 0.979366 -0.070506 0.189395
vn 0.976899 0.066395 0.203124
vn 0.899242 0.049971 0.434588
vn 0.971311 -0.082717 0.222965
vn 0.975414 -0.104032 0.194280
vn 0.756851 0.527616 0.385744
vn 0.753738 0.512557 0.411296
vn 0.766918 0.511169 0.387999
vn 0.767493 0.494880 0.407490
vn 0.655549 0.413599 0.631815
vn 0.614150 0.371144 0.696471
vn 0.947157 0.089277 0.308095
vn 0.970434 0.141502 0.195536
vn 0.970989 0.152755 0.183971
vn 0.894233 0.275655 0.352649
vn 0.931968 0.310220 0.187614
vn 0.934886 0.310208 0.172508
vn 0.114058 -0.199003 0.973339
vn 0.240608 -0.222479 0.944781
vn 0.059187 -0.184616 0.981027
vn 0.352971 -0.225806 0.907977
vn 0.455550 -0.237987 0.857809
vn 0.217208 0.941589 0.257353
vn 0.074756 0.965000 0.251369
vn 0.750187 0.549597 0.367646
vn 0.768694 0.513442 0.381428
vn 0.631003 0.254579 0.732820
vn 0.455755 -0.543855 0.704634
vn 0.312160 -0.534300 0.785544
vn 0.315850 -0.550737 0.772611
vn 0.451315 -0.562532 0.692728
vn 0.229826 -0.479964 0.846649
vn 0.247024 -0.494605 0.833274
vn 0.122187 -0.402988 0.907012
vn 0.140284 -0.417891 0.897601
vn -0.876583 -0.233223 0.420962
vn -0.892243 -0.215650 0.396734
vn -0.780870 -0.326004 0.532883
vn -0.935227 -0.141141 0.324699
vn -0.952382 -0.076515 0.295151
vn -0.948180 -0.043767 0.314705
vn -0.516643 -0.389720 0.762363
vn -0.774904 0.228244 0.589430
vn -0.370029 0.456375 0.809198
vn -0.963172 0.030308 0.267174
vn -0.961262 0.102598 0.255829
vn -0.944184 -0.014880 0.329082
vn -0.749733 0.541833 0.379892
vn -0.852833 0.421536 0.308193
vn -0.706086 0.537909 0.460540
vn -0.714776 0.462320 0.524743
vn -0.164103 0.495035 0.853236
vn -0.918847 0.282603 0.275420
vn -0.268425 -0.385864 0.882642
vn -0.411475 -0.392248 0.822696
vn 0.000000 -0.281485 0.959566
vn -0.000428 0.517816 0.855492
vn -0.736678 0.323219 0.593999
vn 0.780755 -0.326062 0.533015
vn 0.671233 -0.377773 0.637757
vn 0.876588 -0.233221 0.420954
vn 0.600574 -0.388374 0.698911
vn 0.892192 -0.215751 0.396794
vn 0.948207 -0.044118 0.314573
vn 0.516745 -0.390027 0.762137
vn 0.411853 -0.392945 0.822175
vn 0.937253 -0.065679 0.342409
vn 0.961262 0.102598 0.255829
vn 0.944352 -0.015212 0.328586
vn 0.706092 0.537958 0.460473
vn 0.714640 0.462068 0.525150
vn 0.700328 0.438432 0.563309
vn 0.730249 0.370740 0.573837
vn 0.918818 0.282644 0.275473
vn 0.161578 -0.346455 0.924046
vn 0.066376 -0.300899 0.951343
vn 0.268366 -0.386577 0.882348
vn 0.118623 -0.930890 0.345503
vn 0.108285 -0.934938 0.337884
vn -0.132491 -0.970440 0.201724
vn -0.125542 -0.970698 0.204903
vn 0.213056 -0.885517 0.412876
vn 0.213056 -0.885517 0.412875
vn -0.751303 -0.240151 -0.614713
vn -0.752901 -0.225662 -0.618237
vn -0.726525 -0.379838 -0.572613
vn -0.338602 -0.933460 0.118328
vn -0.330541 -0.935969 0.121265
vn -0.713348 0.276380 -0.644010
vn -0.754072 0.055321 -0.654458
vn -0.753556 0.060522 -0.654592
vn -0.544611 0.838517 -0.016979
vn -0.536421 0.843949 0.001690
vn -0.627274 0.736299 -0.253752
vn -0.327442 0.913121 0.242884
vn -0.323476 0.913901 0.245252
vn 0.066141 0.910418 0.408367
vn 0.069273 0.909957 0.408877
vn 0.029223 0.921599 0.387042
vn 0.024394 0.922282 0.385748
vn -0.308235 0.890700 0.334132
vn -0.312510 0.889563 0.333189
vn 0.584868 -0.710012 0.392188
vn 0.590924 -0.704780 0.392549
vn 0.754128 -0.491957 0.435050
vn 0.754177 -0.490263 0.436874
vn 0.812001 -0.335403 0.477660
vn 0.814899 -0.328101 0.477797
vn 0.845098 -0.241020 0.477199
vn 0.241831 0.728273 0.641199
vn -0.428049 0.850939 0.304429
vn 0.287683 -0.887774 0.359300
vn 0.291034 -0.886497 0.359752
vn 0.029326 -0.950292 0.309975
vn 0.033893 -0.949782 0.311070
vn -0.256730 -0.940966 0.220620
vn -0.254656 -0.941325 0.221489
vn -0.405586 -0.902770 0.143199
vn -0.404569 -0.903119 0.143876
vn -0.453751 -0.886479 0.090918
vn -0.453965 -0.886299 0.091599
vn 0.125543 -0.970697 0.204904
vn 0.132492 -0.970440 0.201725
vn -0.108285 -0.934938 0.337884
vn -0.118623 -0.930890 0.345503
vn -0.213056 -0.885518 0.412874
vn 0.726525 -0.379837 -0.572613
vn 0.752901 -0.225663 -0.618237
vn 0.751303 -0.240151 -0.614712
vn 0.330541 -0.935968 0.121267
vn 0.338602 -0.933459 0.118331
vn 0.753556 0.060522 -0.654592
vn 0.754072 0.055320 -0.654458
vn 0.713348 0.276380 -0.644010
vn 0.627274 0.736299 -0.253752
vn 0.536421 0.843949 0.001691
vn 0.544612 0.838516 -0.016978
vn 0.323476 0.913900 0.245253
vn 0.327442 0.913120 0.242885
vn -0.024394 0.922281 0.385750
vn -0.029223 0.921598 0.387044
vn -0.069273 0.909956 0.408879
vn -0.066140 0.910417 0.408370
vn 0.312510 0.889563 0.333190
vn 0.308236 0.890700 0.334133
vn -0.754177 -0.490262 0.436876
vn -0.754128 -0.491957 0.435052
vn -0.590923 -0.704779 0.392551
vn -0.584868 -0.710012 0.392190
vn -0.814899 -0.328101 0.477797
vn -0.812001 -0.335403 0.477660
vn -0.845098 -0.241020 0.477200
vn -0.845098 -0.241020 0.477199
vn -0.241831 0.728273 0.641199
vn 0.428050 0.850939 0.304428
vn -0.291034 -0.886497 0.359753
vn -0.287683 -0.887774 0.359300
vn -0.033893 -0.949783 0.311069
vn -0.029326 -0.950293 0.309974
vn 0.254656 -0.941325 0.221488
vn 0.256730 -0.940966 0.220618
vn 0.404569 -0.903119 0.143877
vn 0.405586 -0.902770 0.143199
vn 0.453965 -0.886298 0.091603
vn 0.453751 -0.886478 0.090921
vn -0.011463 0.501441 0.865116
vn -0.009810 0.498129 0.867048
vn 0.052742 0.382910 0.922279
vn 0.052892 0.383169 0.922163
vn -0.072056 0.643273 0.762239
vn -0.072364 0.643118 0.762341
vn 0.098504 0.310795 0.945359
vn 0.100041 0.307692 0.946212
vn 0.155016 0.199111 0.967639
vn 0.155380 0.198452 0.967716
vn -0.068741 0.684516 0.725750
vn -0.068399 0.683364 0.726866
vn -0.048911 0.747468 0.662495
vn -0.049146 0.747302 0.662665
vn -0.068290 0.727318 0.682895
vn -0.067803 0.728058 0.682155
vn -0.068830 0.777233 0.625437
vn -0.068471 0.776991 0.625777
vn -0.243386 -0.568672 0.785732
vn -0.248244 -0.563992 0.787583
vn -0.307799 -0.441922 0.842594
vn -0.307815 -0.446029 0.840421
vn 0.182106 -0.208433 0.960933
vn 0.181558 -0.205080 0.961758
vn 0.180431 -0.311590 0.932929
vn 0.180012 -0.313707 0.932300
vn 0.171535 -0.384008 0.907256
vn 0.171583 -0.384141 0.907191
vn 0.156929 -0.151683 0.975892
vn 0.156460 -0.151509 0.975994
vn 0.189498 0.021007 0.981656
vn 0.189516 0.020785 0.981658
vn 0.195326 -0.079044 0.977548
vn 0.195330 -0.079194 0.977535
vn 0.191036 -0.106436 0.975795
vn 0.191078 -0.106503 0.975780
vn 0.177538 0.134757 0.974844
vn 0.177509 0.134945 0.974823
vn 0.147067 -0.438307 0.886712
vn 0.146825 -0.438637 0.886589
vn 0.104678 -0.490218 0.865291
vn 0.104815 -0.490080 0.865353
vn 0.174721 -0.092402 0.980273
vn 0.174903 -0.092476 0.980233
vn 0.150681 -0.117097 0.981623
vn 0.150740 -0.116963 0.981630
vn -0.252080 -0.319012 0.913612
vn -0.251219 -0.318339 0.914084
vn -0.118443 -0.268367 0.956008
vn -0.119315 -0.268486 0.955866
vn 0.000000 -0.249953 0.968258
vn -0.202387 -0.682619 0.702190
vn -0.202016 -0.680616 0.704238
vn -0.057598 -0.633880 0.771284
vn -0.058184 -0.634338 0.770863
vn -0.063306 0.829148 0.555433
vn -0.063924 0.828520 0.556298
vn -0.087742 0.804068 0.588027
vn -0.087603 0.804208 0.587857
vn -0.050686 0.865650 0.498077
vn -0.050467 0.863841 0.501230
vn -0.030031 0.904169 0.426118
vn -0.031630 0.903075 0.428316
vn 0.000000 0.915147 0.403121
vn -0.052889 0.383168 0.922163
vn -0.052740 0.382909 0.922279
vn 0.009812 0.498129 0.867048
vn 0.011466 0.501439 0.865117
vn 0.072365 0.643116 0.762342
vn 0.072058 0.643271 0.762240
vn -0.100040 0.307693 0.946212
vn -0.098503 0.310795 0.945359
vn -0.155379 0.198452 0.967716
vn -0.155015 0.199111 0.967639
vn 0.068403 0.683361 0.726869
vn 0.068745 0.684511 0.725753
vn 0.067808 0.728055 0.682157
vn 0.068294 0.727316 0.682896
vn 0.049146 0.747301 0.662666
vn 0.048912 0.747467 0.662496
vn 0.068469 0.776991 0.625778
vn 0.068828 0.777233 0.625438
vn 0.307883 -0.445935 0.840447
vn 0.307863 -0.441832 0.842618
vn 0.248425 -0.563799 0.787665
vn 0.243595 -0.568454 0.785825
vn -0.180013 -0.313708 0.932300
vn -0.180432 -0.311590 0.932929
vn -0.181558 -0.205081 0.961758
vn -0.182107 -0.208434 0.960933
vn -0.171580 -0.384138 0.907192
vn -0.171532 -0.384005 0.907258
vn -0.156461 -0.151509 0.975994
vn -0.156930 -0.151683 0.975892
vn -0.195330 -0.079193 0.977535
vn -0.195325 -0.079044 0.977548
vn -0.189516 0.020785 0.981658
vn -0.189498 0.021007 0.981656
vn -0.191078 -0.106503 0.975780
vn -0.191036 -0.106436 0.975795
vn -0.177509 0.134944 0.974823
vn -0.177538 0.134756 0.974844
vn -0.146820 -0.438634 0.886591
vn -0.147062 -0.438303 0.886715
vn -0.104812 -0.490079 0.865354
vn -0.104676 -0.490217 0.865292
vn -0.174904 -0.092476 0.980233
vn -0.174722 -0.092402 0.980272
vn -0.150742 -0.116963 0.981629
vn -0.150683 -0.117097 0.981623
vn 0.119315 -0.268485 0.955866
vn 0.118443 -0.268365 0.956008
vn 0.251219 -0.318338 0.914084
vn 0.252080 -0.319011 0.913612
vn 0.202218 -0.680445 0.704346
vn 0.202583 -0.682429 0.702318
vn 0.058252 -0.634272 0.770912
vn 0.057666 -0.633814 0.771333
vn 0.087602 0.804207 0.587858
vn 0.087740 0.804067 0.588029
vn 0.063924 0.828519 0.556300
vn 0.063306 0.829147 0.555435
vn 0.050467 0.863841 0.501231
vn 0.050686 0.865650 0.498078
vn 0.031630 0.903076 0.428315
vn 0.030031 0.904170 0.426117
vn -0.576071 0.151312 0.803273
vn 0.408916 0.674555 0.614625
vn 0.285466 0.791830 0.539921
vn 0.305653 0.910687 0.277895
vn 0.103505 0.994524 0.014465
vn -0.081257 0.934277 -0.347166
vn -0.901860 -0.041788 0.430003
vn -0.675368 0.193299 0.711698
vn 0.576071 0.151312 0.803273
vn 0.675368 0.193299 0.711697
vn 0.901860 -0.041788 0.430003
vn 0.081258 0.934276 -0.347167
vn 0.081258 0.934276 -0.347167
vn -0.103505 0.994524 0.014466
vn -0.305652 0.910687 0.277896
vn -0.285466 0.791831 0.539919
vn -0.408915 0.674554 0.614626

# Mesh
g carnivalmask:Mesh_carnivalmask:Mesh
usemtl initialShadingGroup
f 1/1/1 2/2/2 3/3/3 4/4/4
f 6/6/6 5/5/5 2/2/2 1/1/1
f 6/6/6 8/8/8 7/7/7 5/5/5
f 9/9/9 10/10/10 1/1/1 4/4/4
f 12/12/12 9/9/9 4/4/4 11/11/11
f 4/4/4 3/3/3 13/13/13 11/11/11
f 10/10/10 14/14/14 6/6/6 1/1/1
f 14/14/14 15/15/15 8/8/8 6/6/6
f 12/12/12 11/11/11 17/17/17 16/16/16
f 20/20/20 21/21/21 18/18/18 19/19/19
f 23/23/23 20/20/20 19/19/19 22/22/22
f 22/22/22 19/19/19 24/24/24 25/25/25
f 19/19/19 18/18/18 26/26/26 24/24/24
f 21/21/21 28/28/28 27/27/27 18/18/18
f 18/18/18 27/27/27 29/29/29 26/26/26
f 32/32/32 33/33/33 30/30/30 31/31/31
f 35/35/35 32/32/32 31/31/31 34/34/34
f 30/30/30 37/37/37 36/36/36 31/31/31
f 36/36/36 37/37/37 39/39/39 38/38/38
f 33/33/33 40/40/40 41/41/41 30/30/30
f 42/42/42 43/43/43 40/40/40 33/33/33
f 44/44/44 42/42/42 33/33/33 32/32/32
f 30/30/30 41/41/41 45/45/45 37/37/37
f 37/37/37 45/45/45 46/46/46 39/39/39
f 43/43/43 47/47/47 48/48/48 40/40/40
f 40/40/40 48/48/48 49/49/49 41/41/41
f 41/41/41 49/49/49 50/50/50 45/45/45
f 45/45/45 50/50/50 51/51/51 46/46/46
f 53/53/53 52/52/52 21/21/21 20/20/20
f 52/52/52 54/54/54 28/28/28 21/21/21
f 28/28/28 55/55/55 56/56/56 27/27/27
f 54/54/54 57/57/57 55/55/55 28/28/28
f 55/55/55 58/58/58 59/59/59 56/56/56
f 57/57/57 60/60/60 58/58/58 55/55/55
f 62/62/62 63/63/63 64/64/64 61/61/61
f 38/38/38 39/39/39 63/63/63 62/62/62
f 63/63/63 65/65/65 66/66/66 64/64/64
f 39/39/39 46/46/46 65/65/65 63/63/63
f 64/64/64 66/66/66 67/67/67 68/68/68
f 61/61/61 64/64/64 68/68/68 69/69/69
f 70/70/70 44/44/44 32/32/32 35/35/35
f 74/74/74 71/71/71 72/72/72 73/73/73
f 71/71/71 76/76/76 75/75/75 72/72/72
f 76/76/76 78/78/78 77/77/77 75/75/75
f 80/80/80 79/79/79 76/76/76 71/71/71
f 79/79/79 81/81/81 78/78/78 76/76/76
f 85/85/85 82/82/82 83/83/83 84/84/84
f 83/83/83 86/86/86 87/87/87 84/84/84
f 84/84/84 87/87/87 74/74/74 88/88/88
f 89/89/89 85/85/85 84/84/84 88/88/88
f 87/87/87 80/80/80 71/71/71 74/74/74
f 86/86/86 90/90/90 80/80/80 87/87/87
f 92/92/92 93/93/93 91/91/91 90/90/90
f 90/90/90 91/91/91 79/79/79 80/80/80
f 91/91/91 94/94/94 81/81/81 79/79/79
f 93/93/93 95/95/95 94/94/94 91/91/91
f 98/98/98 99/99/99 96/96/96 97/97/97
f 100/100/100 101/101/101 98/98/98 97/97/97
f 59/59/59 100/100/100 97/97/97 102/102/102
f 97/97/97 96/96/96 103/103/103 102/102/102
f 58/58/58 104/104/104 100/100/100 59/59/59
f 104/104/104 105/105/105 101/101/101 100/100/100
f 107/107/107 106/106/106 105/105/105 104/104/104
f 27/27/27 56/56/56 108/108/108 29/29/29
f 56/56/56 59/59/59 102/102/102 108/108/108
f 60/60/60 107/107/107 104/104/104 58/58/58
f 8/8/8 35/35/35 34/34/34 7/7/7
f 15/15/15 70/70/70 35/35/35 8/8/8
f 112/112/112 109/109/109 110/110/110 111/111/111
f 109/109/109 114/114/114 113/113/113 110/110/110
f 114/114/114 116/116/116 115/115/115 113/113/113
f 117/117/117 118/118/118 116/116/116 114/114/114
f 119/119/119 117/117/117 114/114/114 109/109/109
f 69/69/69 68/68/68 93/93/93 92/92/92
f 120/120/120 121/121/121 122/122/122 123/123/123
f 121/121/121 24/24/24 26/26/26 122/122/122
f 24/24/24 121/121/121 124/124/124 25/25/25
f 124/124/124 121/121/121 120/120/120 125/125/125
f 65/65/65 126/126/126 127/127/127 66/66/66
f 46/46/46 51/51/51 126/126/126 65/65/65
f 66/66/66 127/127/127 128/128/128 67/67/67
f 130/130/130 131/131/131 23/23/23 129/129/129
f 127/127/127 130/130/130 129/129/129 128/128/128
f 128/128/128 129/129/129 132/132/132 133/133/133
f 129/129/129 23/23/23 22/22/22 132/132/132
f 131/131/131 53/53/53 20/20/20 23/23/23
f 133/133/133 132/132/132 134/134/134 135/135/135
f 132/132/132 22/22/22 25/25/25 134/134/134
f 95/95/95 133/133/133 135/135/135 94/94/94
f 67/67/67 128/128/128 133/133/133 95/95/95
f 138/138/138 139/139/139 136/136/136 137/137/137
f 141/141/141 138/138/138 137/137/137 140/140/140
f 142/142/142 143/143/143 138/138/138 141/141/141
f 145/145/145 142/142/142 141/141/141 144/144/144
f 144/144/144 141/141/141 140/140/140 146/146/146
f 143/143/143 147/147/147 139/139/139 138/138/138
f 150/150/150 148/148/148 145/145/145 149/149/149
f 149/149/149 145/145/145 144/144/144 151/151/151
f 148/148/148 152/152/152 142/142/142 145/145/145
f 152/152/152 153/153/153 143/143/143 142/142/142
f 153/153/153 154/154/154 147/147/147 143/143/143
f 157/157/157 155/155/155 150/150/150 156/156/156
f 156/156/156 150/150/150 149/149/149 158/158/158
f 155/155/155 159/159/159 148/148/148 150/150/150
f 159/159/159 160/160/160 152/152/152 148/148/148
f 160/160/160 161/161/161 153/153/153 152/152/152
f 162/162/162 163/163/163 159/159/159 155/155/155
f 164/164/164 162/162/162 155/155/155 157/157/157
f 163/163/163 165/165/165 160/160/160 159/159/159
f 165/165/165 166/166/166 161/161/161 160/160/160
f 102/102/102 103/103/103 165/165/165 163/163/163
f 108/108/108 102/102/102 163/163/163 162/162/162
f 103/103/103 167/167/167 166/166/166 165/165/165
f 170/170/170 171/171/171 168/168/168 169/169/169
f 173/173/173 170/170/170 169/169/169 172/172/172
f 175/175/175 173/173/173 172/172/172 174/174/174
f 177/177/177 176/176/176 173/173/173 175/175/175
f 176/176/176 178/178/178 170/170/170 173/173/173
f 139/139/139 175/175/175 174/174/174 136/136/136
f 147/147/147 177/177/177 175/175/175 139/139/139
f 154/154/154 179/179/179 177/177/177 147/147/147
f 179/179/179 180/180/180 176/176/176 177/177/177
f 181/181/181 182/182/182 183/183/183 184/184/184
f 182/182/182 185/185/185 186/186/186 183/183/183
f 167/167/167 187/187/187 185/185/185 182/182/182
f 183/183/183 186/186/186 180/180/180 179/179/179
f 186/186/186 188/188/188 189/189/189 180/180/180
f 185/185/185 190/190/190 188/188/188 186/186/186
f 184/184/184 183/183/183 179/179/179 154/154/154
f 188/188/188 192/192/192 191/191/191 189/189/189
f 189/189/189 191/191/191 193/193/193 178/178/178
f 180/180/180 189/189/189 178/178/178 176/176/176
f 178/178/178 193/193/193 171/171/171 170/170/170
f 120/120/120 123/123/123 194/194/194 195/195/195
f 195/195/195 194/194/194 196/196/196 197/197/197
f 196/196/196 194/194/194 198/198/198 199/199/199
f 194/194/194 123/123/123 200/200/200 198/198/198
f 198/198/198 200/200/200 202/202/202 201/201/201
f 199/199/199 198/198/198 201/201/201 203/203/203
f 204/204/204 125/125/125 205/205/205 206/206/206
f 125/125/125 120/120/120 195/195/195 205/205/205
f 124/124/124 125/125/125 204/204/204 207/207/207
f 123/123/123 122/122/122 208/208/208 200/200/200
f 200/200/200 208/208/208 209/209/209 202/202/202
f 122/122/122 26/26/26 210/210/210 208/208/208
f 208/208/208 210/210/210 211/211/211 209/209/209
f 47/47/47 212/212/212 213/213/213 48/48/48
f 48/48/48 213/213/213 214/214/214 49/49/49
f 49/49/49 214/214/214 215/215/215 50/50/50
f 50/50/50 215/215/215 216/216/216 51/51/51
f 51/51/51 216/216/216 217/217/217 126/126/126
f 212/212/212 218/218/218 219/219/219 213/213/213
f 213/213/213 219/219/219 220/220/220 214/214/214
f 214/214/214 220/220/220 221/221/221 215/215/215
f 219/219/219 218/218/218 106/106/106 107/107/107
f 220/220/220 219/219/219 107/107/107 60/60/60
f 223/223/223 222/222/222 82/82/82 85/85/85
f 225/225/225 224/224/224 222/222/222 223/223/223
f 226/226/226 223/223/223 85/85/85 89/89/89
f 227/227/227 225/225/225 223/223/223 226/226/226
f 229/229/229 228/228/228 225/225/225 227/227/227
f 228/228/228 230/230/230 224/224/224 225/225/225
f 231/231/231 232/232/232 228/228/228 229/229/229
f 16/16/16 17/17/17 232/232/232 231/231/231
f 234/234/234 235/235/235 236/236/236 233/233/233
f 237/237/237 238/238/238 235/235/235 234/234/234
f 211/211/211 239/239/239 238/238/238 237/237/237
f 161/161/161 184/184/184 154/154/154 153/153/153
f 166/166/166 181/181/181 184/184/184 161/161/161
f 240/240/240 190/190/190 185/185/185 187/187/187
f 68/68/68 67/67/67 95/95/95 93/93/93
f 243/243/243 151/151/151 241/241/241 242/242/242
f 235/235/235 243/243/243 242/242/242 244/244/244
f 236/236/236 235/235/235 244/244/244 245/245/245
f 247/247/247 236/236/236 245/245/245 246/246/246
f 248/248/248 233/233/233 236/236/236 247/247/247
f 116/116/116 247/247/247 246/246/246 115/115/115
f 118/118/118 248/248/248 247/247/247 116/116/116
f 118/118/118 203/203/203 249/249/249 248/248/248
f 253/253/253 250/250/250 251/251/251 252/252/252
f 250/250/250 255/255/255 254/254/254 251/251/251
f 256/256/256 257/257/257 255/255/255 250/250/250
f 258/258/258 256/256/256 250/250/250 253/253/253
f 94/94/94 259/259/259 258/258/258 81/81/81
f 81/81/81 258/258/258 253/253/253 78/78/78
f 259/259/259 260/260/260 256/256/256 258/258/258
f 260/260/260 261/261/261 257/257/257 256/256/256
f 262/262/262 206/206/206 260/260/260 259/259/259
f 94/94/94 135/135/135 262/262/262 259/259/259
f 206/206/206 205/205/205 261/261/261 260/260/260
f 207/207/207 204/204/204 206/206/206 262/262/262
f 26/26/26 29/29/29 164/164/164 210/210/210
f 29/29/29 108/108/108 162/162/162 164/164/164
f 103/103/103 96/96/96 187/187/187 167/167/167
f 96/96/96 99/99/99 240/240/240 187/187/187
f 151/151/151 144/144/144 146/146/146 241/241/241
f 158/158/158 149/149/149 151/151/151 243/243/243
f 238/238/238 158/158/158 243/243/243 235/235/235
f 239/239/239 156/156/156 158/158/158 238/238/238
f 164/164/164 157/157/157 156/156/156 239/239/239
f 88/88/88 74/74/74 73/73/73 263/263/263
f 25/25/25 124/124/124 207/207/207 134/134/134
f 135/135/135 134/134/134 207/207/207 262/262/262
f 255/255/255 112/112/112 111/111/111 254/254/254
f 257/257/257 264/264/264 112/112/112 255/255/255
f 264/264/264 119/119/119 109/109/109 112/112/112
f 197/197/197 264/264/264 257/257/257 261/261/261
f 197/197/197 196/196/196 119/119/119 264/264/264
f 196/196/196 199/199/199 117/117/117 119/119/119
f 117/117/117 199/199/199 203/203/203 118/118/118
f 205/205/205 195/195/195 197/197/197 261/261/261
f 232/232/232 265/265/265 230/230/230 228/228/228
f 17/17/17 266/266/266 265/265/265 232/232/232
f 78/78/78 253/253/253 252/252/252 77/77/77
f 17/17/17 11/11/11 13/13/13 266/266/266
f 215/215/215 221/221/221 267/267/267 216/216/216
f 216/216/216 267/267/267 268/268/268 217/217/217
f 221/221/221 220/220/220 60/60/60 57/57/57
f 267/267/267 221/221/221 57/57/57 54/54/54
f 268/268/268 267/267/267 54/54/54 52/52/52
f 268/268/268 52/52/52 53/53/53 131/131/131
f 217/217/217 268/268/268 131/131/131 130/130/130
f 126/126/126 217/217/217 130/130/130 127/127/127
f 210/210/210 164/164/164 239/239/239 211/211/211
f 167/167/167 182/182/182 181/181/181 166/166/166
f 272/272/272 269/269/269 270/270/270 271/271/271
f 271/271/271 270/270/270 273/273/273 274/274/274
f 273/273/273 275/275/275 276/276/276 274/274/274
f 272/272/272 271/271/271 278/278/278 277/277/277
f 279/279/279 272/272/272 277/277/277 280/280/280
f 279/279/279 281/281/281 269/269/269 272/272/272
f 271/271/271 274/274/274 282/282/282 278/278/278
f 274/274/274 276/276/276 283/283/283 282/282/282
f 284/284/284 285/285/285 279/279/279 280/280/280
f 287/287/287 288/288/288 289/289/289 286/286/286
f 290/290/290 287/287/287 286/286/286 291/291/291
f 293/293/293 292/292/292 287/287/287 290/290/290
f 292/292/292 294/294/294 288/288/288 287/287/287
f 288/288/288 295/295/295 296/296/296 289/289/289
f 294/294/294 297/297/297 295/295/295 288/288/288
f 299/299/299 300/300/300 301/301/301 298/298/298
f 302/302/302 299/299/299 298/298/298 303/303/303
f 299/299/299 304/304/304 305/305/305 300/300/300
f 306/306/306 307/307/307 305/305/305 304/304/304
f 300/300/300 309/309/309 308/308/308 301/301/301
f 301/301/301 308/308/308 311/311/311 310/310/310
f 298/298/298 301/301/301 310/310/310 312/312/312
f 305/305/305 313/313/313 309/309/309 300/300/300
f 307/307/307 314/314/314 313/313/313 305/305/305
f 308/308/308 316/316/316 315/315/315 311/311/311
f 309/309/309 317/317/317 316/316/316 308/308/308
f 313/313/313 318/318/318 317/317/317 309/309/309
f 314/314/314 319/319/319 318/318/318 313/313/313
f 286/286/286 289/289/289 320/320/320 321/321/321
f 289/289/289 296/296/296 322/322/322 320/320/320
f 295/295/295 324/324/324 323/323/323 296/296/296
f 296/296/296 323/323/323 325/325/325 322/322/322
f 324/324/324 327/327/327 326/326/326 323/323/323
f 323/323/323 326/326/326 328/328/328 325/325/325
f 331/331/331 332/332/332 329/329/329 330/330/330
f 330/330/330 329/329/329 307/307/307 306/306/306
f 332/332/332 334/334/334 333/333/333 329/329/329
f 329/329/329 333/333/333 314/314/314 307/307/307
f 335/335/335 336/336/336 334/334/334 332/332/332
f 337/337/337 335/335/335 332/332/332 331/331/331
f 303/303/303 298/298/298 312/312/312 338/338/338
f 73/73/73 72/72/72 339/339/339 340/340/340
f 72/72/72 75/75/75 341/341/341 339/339/339
f 75/75/75 77/77/77 342/342/342 341/341/341
f 339/339/339 341/341/341 343/343/343 344/344/344
f 341/341/341 342/342/342 345/345/345 343/343/343
f 346/346/346 347/347/347 348/348/348 349/349/349
f 346/346/346 351/351/351 350/350/350 347/347/347
f 352/352/352 340/340/340 351/351/351 346/346/346
f 352/352/352 346/346/346 349/349/349 353/353/353
f 340/340/340 339/339/339 344/344/344 351/351/351
f 351/351/351 344/344/344 354/354/354 350/350/350
f 354/354/354 356/356/356 357/357/357 355/355/355
f 344/344/344 343/343/343 356/356/356 354/354/354
f 343/343/343 345/345/345 358/358/358 356/356/356
f 356/356/356 358/358/358 359/359/359 357/357/357
f 361/361/361 362/362/362 363/363/363 360/360/360
f 361/361/361 360/360/360 365/365/365 364/364/364
f 366/366/366 361/361/361 364/364/364 327/327/327
f 366/366/366 367/367/367 362/362/362 361/361/361
f 327/327/327 364/364/364 368/368/368 326/326/326
f 364/364/364 365/365/365 369/369/369 368/368/368
f 368/368/368 369/369/369 370/370/370 371/371/371
f 297/297/297 372/372/372 324/324/324 295/295/295
f 372/372/372 366/366/366 327/327/327 324/324/324
f 326/326/326 368/368/368 371/371/371 328/328/328
f 275/275/275 302/302/302 303/303/303 276/276/276
f 276/276/276 303/303/303 338/338/338 283/283/283
f 111/111/111 110/110/110 373/373/373 374/374/374
f 110/110/110 113/113/113 375/375/375 373/373/373
f 113/113/113 115/115/115 376/376/376 375/375/375
f 375/375/375 376/376/376 378/378/378 377/377/377
f 373/373/373 375/375/375 377/377/377 379/379/379
f 355/355/355 357/357/357 335/335/335 337/337/337
f 383/383/383 380/380/380 381/381/381 382/382/382
f 380/380/380 294/294/294 292/292/292 381/381/381
f 293/293/293 384/384/384 381/381/381 292/292/292
f 385/385/385 382/382/382 381/381/381 384/384/384
f 334/334/334 387/387/387 386/386/386 333/333/333
f 333/333/333 386/386/386 319/319/319 314/314/314
f 336/336/336 388/388/388 387/387/387 334/334/334
f 390/390/390 291/291/291 391/391/391 389/389/389
f 388/388/388 390/390/390 389/389/389 387/387/387
f 393/393/393 392/392/392 390/390/390 388/388/388
f 392/392/392 290/290/290 291/291/291 390/390/390
f 291/291/291 286/286/286 321/321/321 391/391/391
f 395/395/395 394/394/394 392/392/392 393/393/393
f 394/394/394 293/293/293 290/290/290 392/392/392
f 358/358/358 395/395/395 393/393/393 359/359/359
f 359/359/359 393/393/393 388/388/388 336/336/336
f 137/137/137 136/136/136 397/397/397 396/396/396
f 140/140/140 137/137/137 396/396/396 398/398/398
f 398/398/398 396/396/396 400/400/400 399/399/399
f 401/401/401 398/398/398 399/399/399 402/402/402
f 146/146/146 140/140/140 398/398/398 401/401/401
f 396/396/396 397/397/397 403/403/403 400/400/400
f 404/404/404 402/402/402 405/405/405 406/406/406
f 407/407/407 401/401/401 402/402/402 404/404/404
f 402/402/402 399/399/399 408/408/408 405/405/405
f 399/399/399 400/400/400 409/409/409 408/408/408
f 400/400/400 403/403/403 410/410/410 409/409/409
f 411/411/411 406/406/406 412/412/412 413/413/413
f 414/414/414 404/404/404 406/406/406 411/411/411
f 406/406/406 405/405/405 415/415/415 412/412/412
f 405/405/405 408/408/408 416/416/416 415/415/415
f 408/408/408 409/409/409 417/417/417 416/416/416
f 412/412/412 415/415/415 419/419/419 418/418/418
f 413/413/413 412/412/412 418/418/418 420/420/420
f 415/415/415 416/416/416 421/421/421 419/419/419
f 416/416/416 417/417/417 422/422/422 421/421/421
f 419/419/419 421/421/421 367/367/367 366/366/366
f 418/418/418 419/419/419 366/366/366 372/372/372
f 421/421/421 422/422/422 423/423/423 367/367/367
f 169/169/169 168/168/168 425/425/425 424/424/424
f 172/172/172 169/169/169 424/424/424 426/426/426
f 174/174/174 172/172/172 426/426/426 427/427/427
f 427/427/427 426/426/426 428/428/428 429/429/429
f 426/426/426 424/424/424 430/430/430 428/428/428
f 136/136/136 174/174/174 427/427/427 397/397/397
f 397/397/397 427/427/427 429/429/429 403/403/403
f 403/403/403 429/429/429 431/431/431 410/410/410
f 429/429/429 428/428/428 432/432/432 431/431/431
f 436/436/436 433/433/433 434/434/434 435/435/435
f 433/433/433 438/438/438 437/437/437 434/434/434
f 434/434/434 437/437/437 439/439/439 423/423/423
f 431/431/431 432/432/432 438/438/438 433/433/433
f 432/432/432 441/441/441 440/440/440 438/438/438
f 438/438/438 440/440/440 442/442/442 437/437/437
f 410/410/410 431/431/431 433/433/433 436/436/436
f 441/441/441 443/443/443 444/444/444 440/440/440
f 430/430/430 445/445/445 443/443/443 441/441/441
f 428/428/428 430/430/430 441/441/441 432/432/432
f 424/424/424 425/425/425 445/445/445 430/430/430
f 446/446/446 447/447/447 383/383/383 382/382/382
f 449/449/449 448/448/448 447/447/447 446/446/446
f 451/451/451 450/450/450 447/447/447 448/448/448
f 450/450/450 452/452/452 383/383/383 447/447/447
f 453/453/453 454/454/454 452/452/452 450/450/450
f 455/455/455 453/453/453 450/450/450 451/451/451
f 458/458/458 456/456/456 385/385/385 457/457/457
f 456/456/456 446/446/446 382/382/382 385/385/385
f 459/459/459 457/457/457 385/385/385 384/384/384
f 452/452/452 460/460/460 380/380/380 383/383/383
f 454/454/454 461/461/461 460/460/460 452/452/452
f 460/460/460 462/462/462 294/294/294 380/380/380
f 461/461/461 463/463/463 462/462/462 460/460/460
f 316/316/316 465/465/465 464/464/464 315/315/315
f 317/317/317 466/466/466 465/465/465 316/316/316
f 318/318/318 467/467/467 466/466/466 317/317/317
f 319/319/319 468/468/468 467/467/467 318/318/318
f 386/386/386 469/469/469 468/468/468 319/319/319
f 465/465/465 471/471/471 470/470/470 464/464/464
f 466/466/466 472/472/472 471/471/471 465/465/465
f 467/467/467 473/473/473 472/472/472 466/466/466
f 371/371/371 370/370/370 470/470/470 471/471/471
f 328/328/328 371/371/371 471/471/471 472/472/472
f 349/349/349 348/348/348 474/474/474 475/475/475
f 475/475/475 474/474/474 476/476/476 477/477/477
f 353/353/353 349/349/349 475/475/475 478/478/478
f 478/478/478 475/475/475 477/477/477 479/479/479
f 479/479/479 477/477/477 480/480/480 481/481/481
f 477/477/477 476/476/476 482/482/482 480/480/480
f 481/481/481 480/480/480 484/484/484 483/483/483
f 483/483/483 484/484/484 285/285/285 284/284/284
f 487/487/487 488/488/488 485/485/485 486/486/486
f 486/486/486 485/485/485 490/490/490 489/489/489
f 489/489/489 490/490/490 491/491/491 463/463/463
f 409/409/409 410/410/410 436/436/436 417/417/417
f 417/417/417 436/436/436 435/435/435 422/422/422
f 439/439/439 437/437/437 442/442/442 492/492/492
f 357/357/357 359/359/359 336/336/336 335/335/335
f 242/242/242 241/241/241 407/407/407 493/493/493
f 244/244/244 242/242/242 493/493/493 485/485/485
f 245/245/245 244/244/244 485/485/485 488/488/488
f 246/246/246 245/245/245 488/488/488 494/494/494
f 494/494/494 488/488/488 487/487/487 495/495/495
f 115/115/115 246/246/246 494/494/494 376/376/376
f 376/376/376 494/494/494 495/495/495 378/378/378
f 495/495/495 496/496/496 455/455/455 378/378/378
f 252/252/252 251/251/251 497/497/497 498/498/498
f 251/251/251 254/254/254 499/499/499 497/497/497
f 497/497/497 499/499/499 501/501/501 500/500/500
f 498/498/498 497/497/497 500/500/500 502/502/502
f 345/345/345 502/502/502 503/503/503 358/358/358
f 342/342/342 498/498/498 502/502/502 345/345/345
f 502/502/502 500/500/500 504/504/504 503/503/503
f 500/500/500 501/501/501 505/505/505 504/504/504
f 503/503/503 504/504/504 458/458/458 506/506/506
f 503/503/503 506/506/506 395/395/395 358/358/358
f 504/504/504 505/505/505 456/456/456 458/458/458
f 506/506/506 458/458/458 457/457/457 459/459/459
f 462/462/462 420/420/420 297/297/297 294/294/294
f 420/420/420 418/418/418 372/372/372 297/297/297
f 423/423/423 439/439/439 362/362/362 367/367/367
f 439/439/439 492/492/492 363/363/363 362/362/362
f 241/241/241 146/146/146 401/401/401 407/407/407
f 493/493/493 407/407/407 404/404/404 414/414/414
f 485/485/485 493/493/493 414/414/414 490/490/490
f 490/490/490 414/414/414 411/411/411 491/491/491
f 491/491/491 411/411/411 413/413/413 420/420/420
f 263/263/263 73/73/73 340/340/340 352/352/352
f 394/394/394 459/459/459 384/384/384 293/293/293
f 506/506/506 459/459/459 394/394/394 395/395/395
f 254/254/254 111/111/111 374/374/374 499/499/499
f 499/499/499 374/374/374 507/507/507 501/501/501
f 374/374/374 373/373/373 379/379/379 507/507/507
f 505/505/505 501/501/501 507/507/507 449/449/449
f 507/507/507 379/379/379 448/448/448 449/449/449
f 379/379/379 377/377/377 451/451/451 448/448/448
f 378/378/378 455/455/455 451/451/451 377/377/377
f 505/505/505 449/449/449 446/446/446 456/456/456
f 480/480/480 482/482/482 508/508/508 484/484/484
f 484/484/484 508/508/508 509/509/509 285/285/285
f 77/77/77 252/252/252 498/498/498 342/342/342
f 509/509/509 281/281/281 279/279/279 285/285/285
f 468/468/468 510/510/510 473/473/473 467/467/467
f 469/469/469 511/511/511 510/510/510 468/468/468
f 325/325/325 328/328/328 472/472/472 473/473/473
f 322/322/322 325/325/325 473/473/473 510/510/510
f 320/320/320 322/322/322 510/510/510 511/511/511
f 391/391/391 321/321/321 320/320/320 511/511/511
f 389/389/389 391/391/391 511/511/511 469/469/469
f 387/387/387 389/389/389 469/469/469 386/386/386
f 463/463/463 491/491/491 420/420/420 462/462/462
f 422/422/422 435/435/435 434/434/434 423/423/423
f 249/249/249 512/512/512 233/233/233 248/248/248
f 495/495/495 487/487/487 513/513/513 496/496/496
f 514/514/514 234/234/234 233/233/233 512/512/512
f 513/513/513 487/487/487 486/486/486 515/515/515
f 516/516/516 237/237/237 234/234/234 514/514/514
f 515/515/515 486/486/486 489/489/489 517/517/517
f 209/209/209 211/211/211 237/237/237 516/516/516
f 517/517/517 489/489/489 463/463/463 461/461/461
f 519/519/519 520/520/520 521/521/521 518/518/518
f 520/520/520 522/522/522 523/523/523 521/521/521
f 525/525/525 526/526/526 527/527/527 524/524/524
f 526/526/526 528/528/528 529/529/529 527/527/527
f 530/530/530 531/531/531 532/532/532 533/533/533
f 533/533/533 532/532/532 534/534/534 535/535/535
f 537/537/537 538/538/538 539/539/539 536/536/536
f 538/538/538 540/540/540 541/541/541 539/539/539
f 543/543/543 544/544/544 545/545/545 542/542/542
f 544/544/544 546/546/546 547/547/547 545/545/545
f 549/549/549 550/550/550 551/551/551 548/548/548
f 550/550/550 552/552/552 553/553/553 551/551/551
f 557/557/557 554/554/554 555/555/555 556/556/556
f 559/559/559 557/557/557 556/556/556 558/558/558
f 563/563/563 560/560/560 561/561/561 562/562/562
f 565/565/565 563/563/563 562/562/562 564/564/564
f 567/567/567 568/568/568 569/569/569 566/566/566
f 568/568/568 570/570/570 571/571/571 569/569/569
f 575/575/575 572/572/572 573/573/573 574/574/574
f 577/577/577 575/575/575 574/574/574 576/576/576
f 579/579/579 580/580/580 581/581/581 578/578/578
f 580/580/580 582/582/582 583/583/583 581/581/581
f 585/585/585 9/9/9 12/12/12 584/584/584
f 584/584/584 12/12/12 16/16/16 522/522/522
f 586/586/586 10/10/10 9/9/9 585/585/585
f 587/587/587 14/14/14 10/10/10 586/586/586
f 588/588/588 15/15/15 14/14/14 587/587/587
f 592/592/592 589/589/589 590/590/590 591/591/591
f 591/591/591 590/590/590 593/593/593 594/594/594
f 596/596/596 595/595/595 589/589/589 592/592/592
f 598/598/598 597/597/597 595/595/595 596/596/596
f 588/588/588 599/599/599 70/70/70 15/15/15
f 594/594/594 593/593/593 600/600/600 601/601/601
f 602/602/602 519/519/519 518/518/518 603/603/603
f 522/522/522 16/16/16 231/231/231 523/523/523
f 601/601/601 600/600/600 519/519/519 602/602/602
f 603/603/603 518/518/518 605/605/605 604/604/604
f 528/528/528 606/606/606 607/607/607 529/529/529
f 192/192/192 525/525/525 524/524/524 191/191/191
f 43/43/43 534/534/534 608/608/608 47/47/47
f 535/535/535 534/534/534 43/43/43 42/42/42
f 612/612/612 609/609/609 610/610/610 611/611/611
f 611/611/611 610/610/610 613/613/613 614/614/614
f 106/106/106 615/615/615 616/616/616 105/105/105
f 105/105/105 616/616/616 617/617/617 101/101/101
f 618/618/618 619/619/619 609/609/609 612/612/612
f 620/620/620 531/531/531 530/530/530 621/621/621
f 531/531/531 620/620/620 623/623/623 622/622/622
f 624/624/624 535/535/535 42/42/42 44/44/44
f 621/621/621 530/530/530 625/625/625 626/626/626
f 599/599/599 624/624/624 44/44/44 70/70/70
f 626/626/626 625/625/625 597/597/597 598/598/598
f 614/614/614 613/613/613 627/627/627 540/540/540
f 540/540/540 627/627/627 628/628/628 541/541/541
f 101/101/101 617/617/617 629/629/629 98/98/98
f 98/98/98 629/629/629 537/537/537 99/99/99
f 191/191/191 524/524/524 630/630/630 193/193/193
f 47/47/47 608/608/608 631/631/631 212/212/212
f 623/623/623 633/633/633 632/632/632 622/622/622
f 212/212/212 631/631/631 634/634/634 218/218/218
f 632/632/632 633/633/633 636/636/636 635/635/635
f 635/635/635 636/636/636 619/619/619 618/618/618
f 218/218/218 634/634/634 615/615/615 106/106/106
f 637/637/637 226/226/226 89/89/89 546/546/546
f 546/546/546 89/89/89 88/88/88 547/547/547
f 638/638/638 227/227/227 226/226/226 637/637/637
f 639/639/639 229/229/229 227/227/227 638/638/638
f 523/523/523 231/231/231 229/229/229 639/639/639
f 193/193/193 630/630/630 640/640/640 171/171/171
f 642/642/642 643/643/643 644/644/644 641/641/641
f 529/529/529 607/607/607 643/643/643 642/642/642
f 641/641/641 644/644/644 645/645/645 646/646/646
f 171/171/171 640/640/640 647/647/647 168/168/168
f 648/648/648 649/649/649 606/606/606 528/528/528
f 651/651/651 650/650/650 649/649/649 648/648/648
f 188/188/188 652/652/652 525/525/525 192/192/192
f 190/190/190 653/653/653 652/652/652 188/188/188
f 536/536/536 653/653/653 190/190/190 240/240/240
f 537/537/537 536/536/536 240/240/240 99/99/99
f 541/541/541 628/628/628 650/650/650 651/651/651
f 657/657/657 654/654/654 655/655/655 656/656/656
f 656/656/656 655/655/655 543/543/543 658/658/658
f 604/604/604 605/605/605 654/654/654 657/657/657
f 658/658/658 543/543/543 542/542/542 659/659/659
f 659/659/659 542/542/542 660/660/660 661/661/661
f 547/547/547 88/88/88 263/263/263 662/662/662
f 663/663/663 280/280/280 277/277/277 664/664/664
f 665/665/665 284/284/284 280/280/280 663/663/663
f 664/664/664 277/277/277 278/278/278 666/666/666
f 666/666/666 278/278/278 282/282/282 552/552/552
f 552/552/552 282/282/282 283/283/283 553/553/553
f 667/667/667 668/668/668 549/549/549 669/669/669
f 671/671/671 670/670/670 668/668/668 667/667/667
f 669/669/669 549/549/549 548/548/548 672/672/672
f 672/672/672 548/548/548 673/673/673 674/674/674
f 283/283/283 338/338/338 675/675/675 553/553/553
f 677/677/677 676/676/676 670/670/670 671/671/671
f 681/681/681 678/678/678 679/679/679 680/680/680
f 682/682/682 483/483/483 284/284/284 665/665/665
f 680/680/680 679/679/679 676/676/676 677/677/677
f 683/683/683 684/684/684 678/678/678 681/681/681
f 554/554/554 686/686/686 685/685/685 555/555/555
f 443/443/443 559/559/559 558/558/558 444/444/444
f 315/315/315 565/565/565 564/564/564 311/311/311
f 310/310/310 311/311/311 564/564/564 687/687/687
f 688/688/688 689/689/689 690/690/690 570/570/570
f 692/692/692 691/691/691 689/689/689 688/688/688
f 369/369/369 567/567/567 566/566/566 370/370/370
f 365/365/365 693/693/693 567/567/567 369/369/369
f 570/570/570 690/690/690 694/694/694 571/571/571
f 697/697/697 695/695/695 561/561/561 696/696/696
f 560/560/560 698/698/698 696/696/696 561/561/561
f 312/312/312 310/310/310 687/687/687 699/699/699
f 701/701/701 700/700/700 695/695/695 697/697/697
f 338/338/338 312/312/312 699/699/699 675/675/675
f 674/674/674 673/673/673 700/700/700 701/701/701
f 702/702/702 703/703/703 691/691/691 692/692/692
f 705/705/705 704/704/704 703/703/703 702/702/702
f 360/360/360 706/706/706 693/693/693 365/365/365
f 363/363/363 707/707/707 706/706/706 360/360/360
f 445/445/445 576/576/576 559/559/559 443/443/443
f 464/464/464 708/708/708 565/565/565 315/315/315
f 560/560/560 709/709/709 710/710/710 698/698/698
f 470/470/470 711/711/711 708/708/708 464/464/464
f 712/712/712 713/713/713 710/710/710 709/709/709
f 571/571/571 694/694/694 713/713/713 712/712/712
f 370/370/370 566/566/566 711/711/711 470/470/470
f 714/714/714 353/353/353 478/478/478 715/715/715
f 716/716/716 352/352/352 353/353/353 714/714/714
f 715/715/715 478/478/478 479/479/479 717/717/717
f 717/717/717 479/479/479 481/481/481 718/718/718
f 718/718/718 481/481/481 483/483/483 682/682/682
f 425/425/425 577/577/577 576/576/576 445/445/445
f 572/572/572 720/720/720 719/719/719 573/573/573
f 573/573/573 719/719/719 686/686/686 554/554/554
f 646/646/646 645/645/645 720/720/720 572/572/572
f 168/168/168 647/647/647 577/577/577 425/425/425
f 555/555/555 685/685/685 721/721/721 582/582/582
f 582/582/582 721/721/721 722/722/722 583/583/583
f 444/444/444 558/558/558 579/579/579 440/440/440
f 440/440/440 579/579/579 578/578/578 442/442/442
f 492/492/492 442/442/442 578/578/578 723/723/723
f 363/363/363 492/492/492 723/723/723 707/707/707
f 583/583/583 722/722/722 704/704/704 705/705/705
f 724/724/724 725/725/725 726/726/726 727/727/727
f 729/729/729 728/728/728 725/725/725 724/724/724
f 727/727/727 726/726/726 684/684/684 683/683/683
f 731/731/731 730/730/730 728/728/728 729/729/729
f 661/661/661 660/660/660 730/730/730 731/731/731
f 662/662/662 263/263/263 352/352/352 716/716/716
f 733/733/733 586/586/586 585/585/585 732/732/732
f 590/590/590 733/733/733 732/732/732 593/593/593
f 593/593/593 732/732/732 734/734/734 600/600/600
f 732/732/732 585/585/585 584/584/584 734/734/734
f 600/600/600 734/734/734 520/520/520 519/519/519
f 734/734/734 584/584/584 522/522/522 520/520/520
f 735/735/735 587/587/587 586/586/586 733/733/733
f 589/589/589 735/735/735 733/733/733 590/590/590
f 736/736/736 588/588/588 587/587/587 735/735/735
f 595/595/595 736/736/736 735/735/735 589/589/589
f 737/737/737 599/599/599 588/588/588 736/736/736
f 597/597/597 737/737/737 736/736/736 595/595/595
f 518/518/518 521/521/521 738/738/738 605/605/605
f 521/521/521 523/523/523 639/639/639 738/738/738
f 739/739/739 648/648/648 528/528/528 526/526/526
f 652/652/652 739/739/739 526/526/526 525/525/525
f 524/524/524 527/527/527 740/740/740 630/630/630
f 527/527/527 529/529/529 642/642/642 740/740/740
f 534/534/534 532/532/532 741/741/741 608/608/608
f 532/532/532 531/531/531 622/622/622 741/741/741
f 741/741/741 742/742/742 631/631/631 608/608/608
f 741/741/741 622/622/622 632/632/632 742/742/742
f 625/625/625 530/530/530 533/533/533 743/743/743
f 743/743/743 533/533/533 535/535/535 624/624/624
f 745/745/745 618/618/618 612/612/612 744/744/744
f 615/615/615 745/745/745 744/744/744 616/616/616
f 616/616/616 744/744/744 746/746/746 617/617/617
f 744/744/744 612/612/612 611/611/611 746/746/746
f 617/617/617 746/746/746 747/747/747 629/629/629
f 746/746/746 611/611/611 614/614/614 747/747/747
f 737/737/737 743/743/743 624/624/624 599/599/599
f 625/625/625 743/743/743 737/737/737 597/597/597
f 629/629/629 747/747/747 538/538/538 537/537/537
f 747/747/747 614/614/614 540/540/540 538/538/538
f 630/630/630 740/740/740 748/748/748 640/640/640
f 740/740/740 642/642/642 641/641/641 748/748/748
f 631/631/631 742/742/742 749/749/749 634/634/634
f 742/742/742 632/632/632 635/635/635 749/749/749
f 749/749/749 635/635/635 618/618/618 745/745/745
f 634/634/634 749/749/749 745/745/745 615/615/615
f 751/751/751 638/638/638 637/637/637 750/750/750
f 654/654/654 751/751/751 750/750/750 655/655/655
f 655/655/655 750/750/750 544/544/544 543/543/543
f 750/750/750 637/637/637 546/546/546 544/544/544
f 542/542/542 545/545/545 752/752/752 660/660/660
f 545/545/545 547/547/547 662/662/662 752/752/752
f 605/605/605 738/738/738 751/751/751 654/654/654
f 738/738/738 639/639/639 638/638/638 751/751/751
f 640/640/640 748/748/748 753/753/753 647/647/647
f 748/748/748 641/641/641 646/646/646 753/753/753
f 754/754/754 651/651/651 648/648/648 739/739/739
f 653/653/653 754/754/754 739/739/739 652/652/652
f 536/536/536 539/539/539 754/754/754 653/653/653
f 539/539/539 541/541/541 651/651/651 754/754/754
f 756/756/756 665/665/665 663/663/663 755/755/755
f 679/679/679 756/756/756 755/755/755 676/676/676
f 676/676/676 755/755/755 757/757/757 670/670/670
f 755/755/755 663/663/663 664/664/664 757/757/757
f 758/758/758 682/682/682 665/665/665 756/756/756
f 678/678/678 758/758/758 756/756/756 679/679/679
f 670/670/670 757/757/757 759/759/759 668/668/668
f 757/757/757 664/664/664 666/666/666 759/759/759
f 668/668/668 759/759/759 550/550/550 549/549/549
f 759/759/759 666/666/666 552/552/552 550/550/550
f 548/548/548 551/551/551 760/760/760 673/673/673
f 551/551/551 553/553/553 675/675/675 760/760/760
f 761/761/761 718/718/718 682/682/682 758/758/758
f 684/684/684 761/761/761 758/758/758 678/678/678
f 762/762/762 717/717/717 718/718/718 761/761/761
f 726/726/726 762/762/762 761/761/761 684/684/684
f 687/687/687 564/564/564 562/562/562 763/763/763
f 763/763/763 562/562/562 561/561/561 695/695/695
f 764/764/764 709/709/709 560/560/560 563/563/563
f 565/565/565 708/708/708 764/764/764 563/563/563
f 699/699/699 687/687/687 763/763/763 765/765/765
f 765/765/765 763/763/763 695/695/695 700/700/700
f 767/767/767 692/692/692 688/688/688 766/766/766
f 706/706/706 767/767/767 766/766/766 693/693/693
f 693/693/693 766/766/766 568/568/568 567/567/567
f 766/766/766 688/688/688 570/570/570 568/568/568
f 768/768/768 702/702/702 692/692/692 767/767/767
f 707/707/707 768/768/768 767/767/767 706/706/706
f 673/673/673 760/760/760 765/765/765 700/700/700
f 675/675/675 699/699/699 765/765/765 760/760/760
f 769/769/769 705/705/705 702/702/702 768/768/768
f 723/723/723 769/769/769 768/768/768 707/707/707
f 574/574/574 573/573/573 554/554/554 557/557/557
f 576/576/576 574/574/574 557/557/557 559/559/559
f 770/770/770 712/712/712 709/709/709 764/764/764
f 711/711/711 770/770/770 764/764/764 708/708/708
f 566/566/566 569/569/569 770/770/770 711/711/711
f 569/569/569 571/571/571 712/712/712 770/770/770
f 772/772/772 716/716/716 714/714/714 771/771/771
f 730/730/730 772/772/772 771/771/771 728/728/728
f 728/728/728 771/771/771 773/773/773 725/725/725
f 771/771/771 714/714/714 715/715/715 773/773/773
f 660/660/660 752/752/752 772/772/772 730/730/730
f 752/752/752 662/662/662 716/716/716 772/772/772
f 725/725/725 773/773/773 762/762/762 726/726/726
f 773/773/773 715/715/715 717/717/717 762/762/762
f 647/647/647 753/753/753 575/575/575 577/577/577
f 753/753/753 646/646/646 572/572/572 575/575/575
f 558/558/558 556/556/556 580/580/580 579/579/579
f 556/556/556 555/555/555 582/582/582 580/580/580
f 581/581/581 583/583/583 705/705/705 769/769/769
f 578/578/578 581/581/581 769/769/769 723/723/723

# Mesh
g carnivalmask:Mesh_carnivalmask:Mesh
usemtl initialShadingGroup
f 775/775/775 776/776/776 777/777/777 774/774/774
f 778/778/778 779/779/779 776/776/776 775/775/775
f 781/781/781 779/779/779 778/778/778 780/780/780
f 783/783/783 782/782/782 777/777/777 776/776/776
f 782/782/782 785/785/785 784/784/784 777/777/777
f 774/774/774 777/777/777 784/784/784 786/786/786
f 787/787/787 783/783/783 776/776/776 779/779/779
f 788/788/788 787/787/787 779/779/779 781/781/781
f 784/784/784 785/785/785 789/789/789 790/790/790
f 794/794/794 791/791/791 792/792/792 793/793/793
f 791/791/791 796/796/796 795/795/795 792/792/792
f 792/792/792 795/795/795 798/798/798 797/797/797
f 793/793/793 792/792/792 797/797/797 799/799/799
f 801/801/801 794/794/794 793/793/793 800/800/800
f 800/800/800 793/793/793 799/799/799 802/802/802
f 806/806/806 803/803/803 804/804/804 805/805/805
f 803/803/803 808/808/808 807/807/807 804/804/804
f 810/810/810 805/805/805 804/804/804 809/809/809
f 810/810/810 809/809/809 811/811/811 812/812/812
f 813/813/813 806/806/806 805/805/805 814/814/814
f 816/816/816 815/815/815 806/806/806 813/813/813
f 815/815/815 817/817/817 803/803/803 806/806/806
f 814/814/814 805/805/805 810/810/810 818/818/818
f 818/818/818 810/810/810 812/812/812 819/819/819
f 820/820/820 816/816/816 813/813/813 821/821/821
f 821/821/821 813/813/813 814/814/814 822/822/822
f 822/822/822 814/814/814 818/818/818 823/823/823
f 823/823/823 818/818/818 819/819/819 824/824/824
f 825/825/825 826/826/826 791/791/791 794/794/794
f 827/827/827 825/825/825 794/794/794 801/801/801
f 828/828/828 801/801/801 800/800/800 829/829/829
f 830/830/830 827/827/827 801/801/801 828/828/828
f 831/831/831 828/828/828 829/829/829 832/832/832
f 833/833/833 830/830/830 828/828/828 831/831/831
f 834/834/834 835/835/835 836/836/836 837/837/837
f 812/812/812 811/811/811 835/835/835 834/834/834
f 838/838/838 834/834/834 837/837/837 839/839/839
f 819/819/819 812/812/812 834/834/834 838/838/838
f 839/839/839 837/837/837 840/840/840 841/841/841
f 837/837/837 836/836/836 842/842/842 840/840/840
f 817/817/817 843/843/843 808/808/808 803/803/803
f 846/846/846 847/847/847 844/844/844 845/845/845
f 849/849/849 846/846/846 845/845/845 848/848/848
f 851/851/851 849/849/849 848/848/848 850/850/850
f 852/852/852 853/853/853 846/846/846 849/849/849
f 854/854/854 852/852/852 849/849/849 851/851/851
f 857/857/857 858/858/858 855/855/855 856/856/856
f 859/859/859 856/856/856 855/855/855 860/860/860
f 855/855/855 861/861/861 847/847/847 860/860/860
f 858/858/858 862/862/862 861/861/861 855/855/855
f 853/853/853 860/860/860 847/847/847 846/846/846
f 863/863/863 859/859/859 860/860/860 853/853/853
f 866/866/866 864/864/864 863/863/863 865/865/865
f 865/865/865 863/863/863 853/853/853 852/852/852
f 867/867/867 865/865/865 852/852/852 854/854/854
f 868/868/868 866/866/866 865/865/865 867/867/867
f 872/872/872 869/869/869 870/870/870 871/871/871
f 874/874/874 873/873/873 870/870/870 869/869/869
f 873/873/873 832/832/832 875/875/875 870/870/870
f 871/871/871 870/870/870 875/875/875 876/876/876
f 877/877/877 831/831/831 832/832/832 873/873/873
f 878/878/878 877/877/877 873/873/873 874/874/874
f 879/879/879 880/880/880 877/877/877 878/878/878
f 829/829/829 800/800/800 802/802/802 881/881/881
f 832/832/832 829/829/829 881/881/881 875/875/875
f 880/880/880 833/833/833 831/831/831 877/877/877
f 808/808/808 781/781/781 780/780/780 807/807/807
f 843/843/843 788/788/788 781/781/781 808/808/808
f 884/884/884 885/885/885 882/882/882 883/883/883
f 887/887/887 884/884/884 883/883/883 886/886/886
f 889/889/889 887/887/887 886/886/886 888/888/888
f 891/891/891 890/890/890 887/887/887 889/889/889
f 890/890/890 892/892/892 884/884/884 887/887/887
f 840/840/840 842/842/842 864/864/864 866/866/866
f 893/893/893 894/894/894 895/895/895 896/896/896
f 797/797/797 894/894/894 893/893/893 799/799/799
f 894/894/894 797/797/797 798/798/798 897/897/897
f 894/894/894 897/897/897 898/898/898 895/895/895
f 899/899/899 838/838/838 839/839/839 900/900/900
f 824/824/824 819/819/819 838/838/838 899/899/899
f 900/900/900 839/839/839 841/841/841 901/901/901
f 904/904/904 902/902/902 903/903/903 796/796/796
f 902/902/902 900/900/900 901/901/901 903/903/903
f 903/903/903 901/901/901 906/906/906 905/905/905
f 796/796/796 903/903/903 905/905/905 795/795/795
f 826/826/826 904/904/904 796/796/796 791/791/791
f 905/905/905 906/906/906 908/908/908 907/907/907
f 795/795/795 905/905/905 907/907/907 798/798/798
f 906/906/906 868/868/868 867/867/867 908/908/908
f 901/901/901 841/841/841 868/868/868 906/906/906
f 912/912/912 909/909/909 910/910/910 911/911/911
f 909/909/909 914/914/914 913/913/913 910/910/910
f 916/916/916 915/915/915 914/914/914 909/909/909
f 915/915/915 918/918/918 917/917/917 914/914/914
f 914/914/914 917/917/917 919/919/919 913/913/913
f 920/920/920 916/916/916 909/909/909 912/912/912
f 922/922/922 923/923/923 921/921/921 918/918/918
f 918/918/918 921/921/921 924/924/924 917/917/917
f 925/925/925 922/922/922 918/918/918 915/915/915
f 926/926/926 925/925/925 915/915/915 916/916/916
f 927/927/927 926/926/926 916/916/916 920/920/920
f 929/929/929 930/930/930 928/928/928 923/923/923
f 923/923/923 928/928/928 931/931/931 921/921/921
f 932/932/932 929/929/929 923/923/923 922/922/922
f 933/933/933 932/932/932 922/922/922 925/925/925
f 934/934/934 933/933/933 925/925/925 926/926/926
f 936/936/936 935/935/935 929/929/929 932/932/932
f 935/935/935 937/937/937 930/930/930 929/929/929
f 938/938/938 936/936/936 932/932/932 933/933/933
f 939/939/939 938/938/938 933/933/933 934/934/934
f 876/876/876 875/875/875 936/936/936 938/938/938
f 875/875/875 881/881/881 935/935/935 936/936/936
f 940/940/940 876/876/876 938/938/938 939/939/939
f 944/944/944 941/941/941 942/942/942 943/943/943
f 941/941/941 946/946/946 945/945/945 942/942/942
f 946/946/946 948/948/948 947/947/947 945/945/945
f 949/949/949 950/950/950 948/948/948 946/946/946
f 951/951/951 949/949/949 946/946/946 941/941/941
f 948/948/948 912/912/912 911/911/911 947/947/947
f 950/950/950 920/920/920 912/912/912 948/948/948
f 952/952/952 927/927/927 920/920/920 950/950/950
f 953/953/953 952/952/952 950/950/950 949/949/949
f 955/955/955 956/956/956 957/957/957 954/954/954
f 958/958/958 955/955/955 954/954/954 959/959/959
f 960/960/960 940/940/940 955/955/955 958/958/958
f 959/959/959 954/954/954 952/952/952 953/953/953
f 961/961/961 959/959/959 953/953/953 962/962/962
f 963/963/963 958/958/958 959/959/959 961/961/961
f 954/954/954 957/957/957 927/927/927 952/952/952
f 965/965/965 961/961/961 962/962/962 964/964/964
f 964/964/964 962/962/962 951/951/951 966/966/966
f 962/962/962 953/953/953 949/949/949 951/951/951
f 966/966/966 951/951/951 941/941/941 944/944/944
f 896/896/896 895/895/895 967/967/967 968/968/968
f 968/968/968 967/967/967 970/970/970 969/969/969
f 971/971/971 968/968/968 969/969/969 972/972/972
f 973/973/973 896/896/896 968/968/968 971/971/971
f 975/975/975 973/973/973 971/971/971 974/974/974
f 974/974/974 971/971/971 972/972/972 976/976/976
f 898/898/898 978/978/978 979/979/979 977/977/977
f 895/895/895 898/898/898 977/977/977 967/967/967
f 898/898/898 897/897/897 980/980/980 978/978/978
f 893/893/893 896/896/896 973/973/973 981/981/981
f 981/981/981 973/973/973 975/975/975 982/982/982
f 799/799/799 893/893/893 981/981/981 983/983/983
f 983/983/983 981/981/981 982/982/982 984/984/984
f 985/985/985 820/820/820 821/821/821 986/986/986
f 986/986/986 821/821/821 822/822/822 987/987/987
f 987/987/987 822/822/822 823/823/823 988/988/988
f 988/988/988 823/823/823 824/824/824 989/989/989
f 989/989/989 824/824/824 899/899/899 990/990/990
f 991/991/991 985/985/985 986/986/986 992/992/992
f 992/992/992 986/986/986 987/987/987 993/993/993
f 993/993/993 987/987/987 988/988/988 994/994/994
f 991/991/991 992/992/992 880/880/880 879/879/879
f 992/992/992 993/993/993 833/833/833 880/880/880
f 995/995/995 996/996/996 858/858/858 857/857/857
f 997/997/997 998/998/998 996/996/996 995/995/995
f 996/996/996 999/999/999 862/862/862 858/858/858
f 998/998/998 1000/1000/1000 999/999/999 996/996/996
f 1001/1001/1001 1002/1002/1002 1000/1000/1000 998/998/998
f 1003/1003/1003 1001/1001/1001 998/998/998 997/997/997
f 1005/1005/1005 1004/1004/1004 1002/1002/1002 1001/1001/1001
f 790/790/790 789/789/789 1004/1004/1004 1005/1005/1005
f 1006/1006/1006 1007/1007/1007 1008/1008/1008 1009/1009/1009
f 1011/1011/1011 1010/1010/1010 1007/1007/1007 1006/1006/1006
f 1012/1012/1012 984/984/984 1010/1010/1010 1011/1011/1011
f 957/957/957 934/934/934 926/926/926 927/927/927
f 956/956/956 939/939/939 934/934/934 957/957/957
f 963/963/963 1013/1013/1013 960/960/960 958/958/958
f 841/841/841 840/840/840 866/866/866 868/868/868
f 924/924/924 1014/1014/1014 1015/1015/1015 1016/1016/1016
f 1014/1014/1014 1006/1006/1006 1017/1017/1017 1015/1015/1015
f 1006/1006/1006 1009/1009/1009 1018/1018/1018 1017/1017/1017
f 1009/1009/1009 1020/1020/1020 1019/1019/1019 1018/1018/1018
f 1008/1008/1008 1021/1021/1021 1020/1020/1020 1009/1009/1009
f 1020/1020/1020 889/889/889 888/888/888 1019/1019/1019
f 1021/1021/1021 891/891/891 889/889/889 1020/1020/1020
f 976/976/976 891/891/891 1021/1021/1021 1022/1022/1022
f 1025/1025/1025 1026/1026/1026 1023/1023/1023 1024/1024/1024
f 1028/1028/1028 1025/1025/1025 1024/1024/1024 1027/1027/1027
f 1030/1030/1030 1029/1029/1029 1025/1025/1025 1028/1028/1028
f 1029/1029/1029 1031/1031/1031 1026/1026/1026 1025/1025/1025
f 1032/1032/1032 867/867/867 854/854/854 1031/1031/1031
f 1031/1031/1031 854/854/854 851/851/851 1026/1026/1026
f 1033/1033/1033 1032/1032/1032 1031/1031/1031 1029/1029/1029
f 1034/1034/1034 1033/1033/1033 1029/1029/1029 1030/1030/1030
f 979/979/979 1035/1035/1035 1032/1032/1032 1033/1033/1033
f 908/908/908 867/867/867 1032/1032/1032 1035/1035/1035
f 977/977/977 979/979/979 1033/1033/1033 1034/1034/1034
f 978/978/978 980/980/980 1035/1035/1035 979/979/979
f 802/802/802 799/799/799 983/983/983 937/937/937
f 881/881/881 802/802/802 937/937/937 935/935/935
f 871/871/871 876/876/876 940/940/940 960/960/960
f 872/872/872 871/871/871 960/960/960 1013/1013/1013
f 917/917/917 924/924/924 1016/1016/1016 919/919/919
f 921/921/921 931/931/931 1014/1014/1014 924/924/924
f 931/931/931 1011/1011/1011 1006/1006/1006 1014/1014/1014
f 928/928/928 1012/1012/1012 1011/1011/1011 931/931/931
f 930/930/930 937/937/937 1012/1012/1012 928/928/928
f 847/847/847 861/861/861 1036/1036/1036 844/844/844
f 897/897/897 798/798/798 907/907/907 980/980/980
f 907/907/907 908/908/908 1035/1035/1035 980/980/980
f 885/885/885 1028/1028/1028 1027/1027/1027 882/882/882
f 1037/1037/1037 1030/1030/1030 1028/1028/1028 885/885/885
f 892/892/892 1037/1037/1037 885/885/885 884/884/884
f 1037/1037/1037 970/970/970 1034/1034/1034 1030/1030/1030
f 969/969/969 970/970/970 1037/1037/1037 892/892/892
f 972/972/972 969/969/969 892/892/892 890/890/890
f 972/972/972 890/890/890 891/891/891 976/976/976
f 967/967/967 977/977/977 1034/1034/1034 970/970/970
f 1038/1038/1038 1005/1005/1005 1001/1001/1001 1003/1003/1003
f 1039/1039/1039 790/790/790 1005/1005/1005 1038/1038/1038
f 1026/1026/1026 851/851/851 850/850/850 1023/1023/1023
f 784/784/784 790/790/790 1039/1039/1039 786/786/786
f 994/994/994 988/988/988 989/989/989 1040/1040/1040
f 1040/1040/1040 989/989/989 990/990/990 1041/1041/1041
f 993/993/993 994/994/994 830/830/830 833/833/833
f 994/994/994 1040/1040/1040 827/827/827 830/830/830
f 1040/1040/1040 1041/1041/1041 825/825/825 827/827/827
f 825/825/825 1041/1041/1041 904/904/904 826/826/826
f 1041/1041/1041 990/990/990 902/902/902 904/904/904
f 990/990/990 899/899/899 900/900/900 902/902/902
f 937/937/937 983/983/983 984/984/984 1012/1012/1012
f 940/940/940 939/939/939 956/956/956 955/955/955
f 1044/1044/1044 1045/1045/1045 1042/1042/1042 1043/1043/1043
f 1043/1043/1043 1042/1042/1042 1047/1047/1047 1046/1046/1046
f 1048/1048/1048 1046/1046/1046 1047/1047/1047 1049/1049/1049
f 1042/1042/1042 1045/1045/1045 1050/1050/1050 1051/1051/1051
f 1045/1045/1045 1052/1052/1052 1053/1053/1053 1050/1050/1050
f 1054/1054/1054 1052/1052/1052 1045/1045/1045 1044/1044/1044
f 1047/1047/1047 1042/1042/1042 1051/1051/1051 1055/1055/1055
f 1049/1049/1049 1047/1047/1047 1055/1055/1055 1056/1056/1056
f 1058/1058/1058 1057/1057/1057 1053/1053/1053 1052/1052/1052
f 1059/1059/1059 1060/1060/1060 1061/1061/1061 1062/1062/1062
f 1060/1060/1060 1063/1063/1063 1064/1064/1064 1061/1061/1061
f 1065/1065/1065 1066/1066/1066 1063/1063/1063 1060/1060/1060
f 1067/1067/1067 1065/1065/1065 1060/1060/1060 1059/1059/1059
f 1068/1068/1068 1059/1059/1059 1062/1062/1062 1069/1069/1069
f 1070/1070/1070 1067/1067/1067 1059/1059/1059 1068/1068/1068
f 1071/1071/1071 1072/1072/1072 1073/1073/1073 1074/1074/1074
f 1072/1072/1072 1075/1075/1075 1076/1076/1076 1073/1073/1073
f 1077/1077/1077 1072/1072/1072 1071/1071/1071 1078/1078/1078
f 1080/1080/1080 1079/1079/1079 1077/1077/1077 1078/1078/1078
f 1082/1082/1082 1071/1071/1071 1074/1074/1074 1081/1081/1081
f 1081/1081/1081 1074/1074/1074 1083/1083/1083 1084/1084/1084
f 1074/1074/1074 1073/1073/1073 1085/1085/1085 1083/1083/1083
f 1086/1086/1086 1078/1078/1078 1071/1071/1071 1082/1082/1082
f 1087/1087/1087 1080/1080/1080 1078/1078/1078 1086/1086/1086
f 1089/1089/1089 1081/1081/1081 1084/1084/1084 1088/1088/1088
f 1090/1090/1090 1082/1082/1082 1081/1081/1081 1089/1089/1089
f 1091/1091/1091 1086/1086/1086 1082/1082/1082 1090/1090/1090
f 1092/1092/1092 1087/1087/1087 1086/1086/1086 1091/1091/1091
f 1062/1062/1062 1061/1061/1061 1094/1094/1094 1093/1093/1093
f 1069/1069/1069 1062/1062/1062 1093/1093/1093 1095/1095/1095
f 1097/1097/1097 1068/1068/1068 1069/1069/1069 1096/1096/1096
f 1096/1096/1096 1069/1069/1069 1095/1095/1095 1098/1098/1098
f 1100/1100/1100 1097/1097/1097 1096/1096/1096 1099/1099/1099
f 1099/1099/1099 1096/1096/1096 1098/1098/1098 1101/1101/1101
f 1105/1105/1105 1102/1102/1102 1103/1103/1103 1104/1104/1104
f 1104/1104/1104 1103/1103/1103 1079/1079/1079 1080/1080/1080
f 1107/1107/1107 1105/1105/1105 1104/1104/1104 1106/1106/1106
f 1106/1106/1106 1104/1104/1104 1080/1080/1080 1087/1087/1087
f 1108/1108/1108 1109/1109/1109 1105/1105/1105 1107/1107/1107
f 1109/1109/1109 1110/1110/1110 1102/1102/1102 1105/1105/1105
f 1073/1073/1073 1076/1076/1076 1111/1111/1111 1085/1085/1085
f 845/845/845 844/844/844 1113/1113/1113 1112/1112/1112
f 848/848/848 845/845/845 1112/1112/1112 1114/1114/1114
f 850/850/850 848/848/848 1114/1114/1114 1115/1115/1115
f 1114/1114/1114 1112/1112/1112 1117/1117/1117 1116/1116/1116
f 1115/1115/1115 1114/1114/1114 1116/1116/1116 1118/1118/1118
f 1120/1120/1120 1121/1121/1121 1122/1122/1122 1119/1119/1119
f 1124/1124/1124 1121/1121/1121 1120/1120/1120 1123/1123/1123
f 1124/1124/1124 1113/1113/1113 1125/1125/1125 1121/1121/1121
f 1121/1121/1121 1125/1125/1125 1126/1126/1126 1122/1122/1122
f 1112/1112/1112 1113/1113/1113 1124/1124/1124 1117/1117/1117
f 1117/1117/1117 1124/1124/1124 1123/1123/1123 1127/1127/1127
f 1128/1128/1128 1127/1127/1127 1129/1129/1129 1130/1130/1130
f 1116/1116/1116 1117/1117/1117 1127/1127/1127 1128/1128/1128
f 1118/1118/1118 1116/1116/1116 1128/1128/1128 1131/1131/1131
f 1131/1131/1131 1128/1128/1128 1130/1130/1130 1132/1132/1132
f 1133/1133/1133 1134/1134/1134 1135/1135/1135 1136/1136/1136
f 1135/1135/1135 1134/1134/1134 1137/1137/1137 1138/1138/1138
f 1134/1134/1134 1139/1139/1139 1100/1100/1100 1137/1137/1137
f 1140/1140/1140 1139/1139/1139 1134/1134/1134 1133/1133/1133
f 1137/1137/1137 1100/1100/1100 1099/1099/1099 1141/1141/1141
f 1138/1138/1138 1137/1137/1137 1141/1141/1141 1142/1142/1142
f 1142/1142/1142 1141/1141/1141 1144/1144/1144 1143/1143/1143
f 1145/1145/1145 1070/1070/1070 1068/1068/1068 1097/1097/1097
f 1139/1139/1139 1145/1145/1145 1097/1097/1097 1100/1100/1100
f 1141/1141/1141 1099/1099/1099 1101/1101/1101 1144/1144/1144
f 1075/1075/1075 1048/1048/1048 1049/1049/1049 1076/1076/1076
f 1076/1076/1076 1049/1049/1049 1056/1056/1056 1111/1111/1111
f 883/883/883 882/882/882 1147/1147/1147 1146/1146/1146
f 886/886/886 883/883/883 1146/1146/1146 1148/1148/1148
f 888/888/888 886/886/886 1148/1148/1148 1149/1149/1149
f 1149/1149/1149 1148/1148/1148 1150/1150/1150 1151/1151/1151
f 1148/1148/1148 1146/1146/1146 1152/1152/1152 1150/1150/1150
f 1130/1130/1130 1129/1129/1129 1110/1110/1110 1109/1109/1109
f 1156/1156/1156 1153/1153/1153 1154/1154/1154 1155/1155/1155
f 1067/1067/1067 1155/1155/1155 1154/1154/1154 1065/1065/1065
f 1157/1157/1157 1066/1066/1066 1065/1065/1065 1154/1154/1154
f 1153/1153/1153 1158/1158/1158 1157/1157/1157 1154/1154/1154
f 1160/1160/1160 1107/1107/1107 1106/1106/1106 1159/1159/1159
f 1159/1159/1159 1106/1106/1106 1087/1087/1087 1092/1092/1092
f 1161/1161/1161 1108/1108/1108 1107/1107/1107 1160/1160/1160
f 1064/1064/1064 1162/1162/1162 1163/1163/1163 1164/1164/1164
f 1162/1162/1162 1161/1161/1161 1160/1160/1160 1163/1163/1163
f 1165/1165/1165 1166/1166/1166 1161/1161/1161 1162/1162/1162
f 1063/1063/1063 1165/1165/1165 1162/1162/1162 1064/1064/1064
f 1061/1061/1061 1064/1064/1064 1164/1164/1164 1094/1094/1094
f 1167/1167/1167 1168/1168/1168 1166/1166/1166 1165/1165/1165
f 1066/1066/1066 1167/1167/1167 1165/1165/1165 1063/1063/1063
f 1168/1168/1168 1131/1131/1131 1132/1132/1132 1166/1166/1166
f 1166/1166/1166 1132/1132/1132 1108/1108/1108 1161/1161/1161
f 911/911/911 910/910/910 1169/1169/1169 1170/1170/1170
f 910/910/910 913/913/913 1171/1171/1171 1169/1169/1169
f 1169/1169/1169 1171/1171/1171 1172/1172/1172 1173/1173/1173
f 1171/1171/1171 1174/1174/1174 1175/1175/1175 1172/1172/1172
f 913/913/913 919/919/919 1174/1174/1174 1171/1171/1171
f 1170/1170/1170 1169/1169/1169 1173/1173/1173 1176/1176/1176
f 1175/1175/1175 1178/1178/1178 1179/1179/1179 1177/1177/1177
f 1174/1174/1174 1180/1180/1180 1178/1178/1178 1175/1175/1175
f 1172/1172/1172 1175/1175/1175 1177/1177/1177 1181/1181/1181
f 1173/1173/1173 1172/1172/1172 1181/1181/1181 1182/1182/1182
f 1176/1176/1176 1173/1173/1173 1182/1182/1182 1183/1183/1183
f 1179/1179/1179 1185/1185/1185 1186/1186/1186 1184/1184/1184
f 1178/1178/1178 1187/1187/1187 1185/1185/1185 1179/1179/1179
f 1177/1177/1177 1179/1179/1179 1184/1184/1184 1188/1188/1188
f 1181/1181/1181 1177/1177/1177 1188/1188/1188 1189/1189/1189
f 1182/1182/1182 1181/1181/1181 1189/1189/1189 1190/1190/1190
f 1188/1188/1188 1184/1184/1184 1191/1191/1191 1192/1192/1192
f 1184/1184/1184 1186/1186/1186 1193/1193/1193 1191/1191/1191
f 1189/1189/1189 1188/1188/1188 1192/1192/1192 1194/1194/1194
f 1190/1190/1190 1189/1189/1189 1194/1194/1194 1195/1195/1195
f 1194/1194/1194 1192/1192/1192 1139/1139/1139 1140/1140/1140
f 1192/1192/1192 1191/1191/1191 1145/1145/1145 1139/1139/1139
f 1195/1195/1195 1194/1194/1194 1140/1140/1140 1196/1196/1196
f 943/943/943 942/942/942 1197/1197/1197 1198/1198/1198
f 942/942/942 945/945/945 1199/1199/1199 1197/1197/1197
f 945/945/945 947/947/947 1200/1200/1200 1199/1199/1199
f 1199/1199/1199 1200/1200/1200 1202/1202/1202 1201/1201/1201
f 1197/1197/1197 1199/1199/1199 1201/1201/1201 1203/1203/1203
f 947/947/947 911/911/911 1170/1170/1170 1200/1200/1200
f 1200/1200/1200 1170/1170/1170 1176/1176/1176 1202/1202/1202
f 1202/1202/1202 1176/1176/1176 1183/1183/1183 1204/1204/1204
f 1201/1201/1201 1202/1202/1202 1204/1204/1204 1205/1205/1205
f 1208/1208/1208 1209/1209/1209 1206/1206/1206 1207/1207/1207
f 1211/1211/1211 1208/1208/1208 1207/1207/1207 1210/1210/1210
f 1210/1210/1210 1207/1207/1207 1196/1196/1196 1212/1212/1212
f 1205/1205/1205 1204/1204/1204 1208/1208/1208 1211/1211/1211
f 1214/1214/1214 1205/1205/1205 1211/1211/1211 1213/1213/1213
f 1213/1213/1213 1211/1211/1211 1210/1210/1210 1215/1215/1215
f 1204/1204/1204 1183/1183/1183 1209/1209/1209 1208/1208/1208
f 1217/1217/1217 1214/1214/1214 1213/1213/1213 1216/1216/1216
f 1218/1218/1218 1203/1203/1203 1214/1214/1214 1217/1217/1217
f 1203/1203/1203 1201/1201/1201 1205/1205/1205 1214/1214/1214
f 1198/1198/1198 1197/1197/1197 1203/1203/1203 1218/1218/1218
f 1219/1219/1219 1220/1220/1220 1153/1153/1153 1156/1156/1156
f 1221/1221/1221 1222/1222/1222 1220/1220/1220 1219/1219/1219
f 1224/1224/1224 1221/1221/1221 1219/1219/1219 1223/1223/1223
f 1223/1223/1223 1219/1219/1219 1156/1156/1156 1225/1225/1225
f 1226/1226/1226 1223/1223/1223 1225/1225/1225 1227/1227/1227
f 1228/1228/1228 1224/1224/1224 1223/1223/1223 1226/1226/1226
f 1230/1230/1230 1231/1231/1231 1229/1229/1229 1158/1158/1158
f 1220/1220/1220 1230/1230/1230 1158/1158/1158 1153/1153/1153
f 1229/1229/1229 1232/1232/1232 1157/1157/1157 1158/1158/1158
f 1233/1233/1233 1225/1225/1225 1156/1156/1156 1155/1155/1155
f 1234/1234/1234 1227/1227/1227 1225/1225/1225 1233/1233/1233
f 1235/1235/1235 1233/1233/1233 1155/1155/1155 1067/1067/1067
f 1236/1236/1236 1234/1234/1234 1233/1233/1233 1235/1235/1235
f 1238/1238/1238 1089/1089/1089 1088/1088/1088 1237/1237/1237
f 1239/1239/1239 1090/1090/1090 1089/1089/1089 1238/1238/1238
f 1240/1240/1240 1091/1091/1091 1090/1090/1090 1239/1239/1239
f 1241/1241/1241 1092/1092/1092 1091/1091/1091 1240/1240/1240
f 1242/1242/1242 1159/1159/1159 1092/1092/1092 1241/1241/1241
f 1244/1244/1244 1238/1238/1238 1237/1237/1237 1243/1243/1243
f 1245/1245/1245 1239/1239/1239 1238/1238/1238 1244/1244/1244
f 1246/1246/1246 1240/1240/1240 1239/1239/1239 1245/1245/1245
f 1143/1143/1143 1144/1144/1144 1244/1244/1244 1243/1243/1243
f 1144/1144/1144 1101/1101/1101 1245/1245/1245 1244/1244/1244
f 1119/1119/1119 1122/1122/1122 1248/1248/1248 1247/1247/1247
f 1247/1247/1247 1248/1248/1248 1250/1250/1250 1249/1249/1249
f 1122/1122/1122 1126/1126/1126 1251/1251/1251 1248/1248/1248
f 1248/1248/1248 1251/1251/1251 1252/1252/1252 1250/1250/1250
f 1250/1250/1250 1252/1252/1252 1254/1254/1254 1253/1253/1253
f 1249/1249/1249 1250/1250/1250 1253/1253/1253 1255/1255/1255
f 1253/1253/1253 1254/1254/1254 1256/1256/1256 1257/1257/1257
f 1257/1257/1257 1256/1256/1256 1057/1057/1057 1058/1058/1058
f 1261/1261/1261 1258/1258/1258 1259/1259/1259 1260/1260/1260
f 1260/1260/1260 1259/1259/1259 1262/1262/1262 1263/1263/1263
f 1263/1263/1263 1262/1262/1262 1236/1236/1236 1264/1264/1264
f 1183/1183/1183 1182/1182/1182 1190/1190/1190 1209/1209/1209
f 1209/1209/1209 1190/1190/1190 1195/1195/1195 1206/1206/1206
f 1210/1210/1210 1212/1212/1212 1265/1265/1265 1215/1215/1215
f 1132/1132/1132 1130/1130/1130 1109/1109/1109 1108/1108/1108
f 1016/1016/1016 1015/1015/1015 1266/1266/1266 1180/1180/1180
f 1015/1015/1015 1017/1017/1017 1260/1260/1260 1266/1266/1266
f 1017/1017/1017 1018/1018/1018 1261/1261/1261 1260/1260/1260
f 1018/1018/1018 1019/1019/1019 1267/1267/1267 1261/1261/1261
f 1261/1261/1261 1267/1267/1267 1268/1268/1268 1258/1258/1258
f 1019/1019/1019 888/888/888 1149/1149/1149 1267/1267/1267
f 1267/1267/1267 1149/1149/1149 1151/1151/1151 1268/1268/1268
f 1269/1269/1269 1268/1268/1268 1151/1151/1151 1228/1228/1228
f 1024/1024/1024 1023/1023/1023 1271/1271/1271 1270/1270/1270
f 1027/1027/1027 1024/1024/1024 1270/1270/1270 1272/1272/1272
f 1272/1272/1272 1270/1270/1270 1273/1273/1273 1274/1274/1274
f 1270/1270/1270 1271/1271/1271 1275/1275/1275 1273/1273/1273
f 1275/1275/1275 1118/1118/1118 1131/1131/1131 1276/1276/1276
f 1271/1271/1271 1115/1115/1115 1118/1118/1118 1275/1275/1275
f 1273/1273/1273 1275/1275/1275 1276/1276/1276 1277/1277/1277
f 1274/1274/1274 1273/1273/1273 1277/1277/1277 1278/1278/1278
f 1277/1277/1277 1276/1276/1276 1279/1279/1279 1231/1231/1231
f 1279/1279/1279 1276/1276/1276 1131/1131/1131 1168/1168/1168
f 1278/1278/1278 1277/1277/1277 1231/1231/1231 1230/1230/1230
f 1231/1231/1231 1279/1279/1279 1232/1232/1232 1229/1229/1229
f 1193/1193/1193 1235/1235/1235 1067/1067/1067 1070/1070/1070
f 1191/1191/1191 1193/1193/1193 1070/1070/1070 1145/1145/1145
f 1212/1212/1212 1196/1196/1196 1140/1140/1140 1133/1133/1133
f 1265/1265/1265 1212/1212/1212 1133/1133/1133 1136/1136/1136
f 919/919/919 1016/1016/1016 1180/1180/1180 1174/1174/1174
f 1180/1180/1180 1266/1266/1266 1187/1187/1187 1178/1178/1178
f 1266/1266/1266 1260/1260/1260 1263/1263/1263 1187/1187/1187
f 1187/1187/1187 1263/1263/1263 1264/1264/1264 1185/1185/1185
f 1185/1185/1185 1264/1264/1264 1193/1193/1193 1186/1186/1186
f 844/844/844 1036/1036/1036 1125/1125/1125 1113/1113/1113
f 1232/1232/1232 1167/1167/1167 1066/1066/1066 1157/1157/1157
f 1232/1232/1232 1279/1279/1279 1168/1168/1168 1167/1167/1167
f 882/882/882 1027/1027/1027 1272/1272/1272 1147/1147/1147
f 1147/1147/1147 1272/1272/1272 1274/1274/1274 1280/1280/1280
f 1146/1146/1146 1147/1147/1147 1280/1280/1280 1152/1152/1152
f 1274/1274/1274 1278/1278/1278 1222/1222/1222 1280/1280/1280
f 1152/1152/1152 1280/1280/1280 1222/1222/1222 1221/1221/1221
f 1150/1150/1150 1152/1152/1152 1221/1221/1221 1224/1224/1224
f 1228/1228/1228 1151/1151/1151 1150/1150/1150 1224/1224/1224
f 1222/1222/1222 1278/1278/1278 1230/1230/1230 1220/1220/1220
f 1255/1255/1255 1253/1253/1253 1257/1257/1257 1281/1281/1281
f 1281/1281/1281 1257/1257/1257 1058/1058/1058 1282/1282/1282
f 1023/1023/1023 850/850/850 1115/1115/1115 1271/1271/1271
f 1054/1054/1054 1282/1282/1282 1058/1058/1058 1052/1052/1052
f 1283/1283/1283 1241/1241/1241 1240/1240/1240 1246/1246/1246
f 1284/1284/1284 1242/1242/1242 1241/1241/1241 1283/1283/1283
f 1101/1101/1101 1098/1098/1098 1246/1246/1246 1245/1245/1245
f 1098/1098/1098 1095/1095/1095 1283/1283/1283 1246/1246/1246
f 1095/1095/1095 1093/1093/1093 1284/1284/1284 1283/1283/1283
f 1094/1094/1094 1164/1164/1164 1284/1284/1284 1093/1093/1093
f 1164/1164/1164 1163/1163/1163 1242/1242/1242 1284/1284/1284
f 1163/1163/1163 1160/1160/1160 1159/1159/1159 1242/1242/1242
f 1264/1264/1264 1236/1236/1236 1235/1235/1235 1193/1193/1193
f 1207/1207/1207 1206/1206/1206 1195/1195/1195 1196/1196/1196
f 1285/1285/1285 1022/1022/1022 1021/1021/1021 1008/1008/1008
f 1258/1258/1258 1268/1268/1268 1269/1269/1269 1286/1286/1286
f 1007/1007/1007 1287/1287/1287 1285/1285/1285 1008/1008/1008
f 1258/1258/1258 1286/1286/1286 1288/1288/1288 1259/1259/1259
f 1010/1010/1010 1289/1289/1289 1287/1287/1287 1007/1007/1007
f 1259/1259/1259 1288/1288/1288 1290/1290/1290 1262/1262/1262
f 984/984/984 982/982/982 1289/1289/1289 1010/1010/1010
f 1262/1262/1262 1290/1290/1290 1234/1234/1234 1236/1236/1236
f 1291/1291/1291 1292/1292/1292 1293/1293/1293 1294/1294/1294
f 1295/1295/1295 1291/1291/1291 1294/1294/1294 1296/1296/1296
f 1297/1297/1297 1298/1298/1298 1299/1299/1299 1300/1300/1300
f 1301/1301/1301 1297/1297/1297 1300/1300/1300 1302/1302/1302
f 1304/1304/1304 1305/1305/1305 1306/1306/1306 1303/1303/1303
f 1303/1303/1303 1306/1306/1306 1308/1308/1308 1307/1307/1307
f 1309/1309/1309 1310/1310/1310 1311/1311/1311 1312/1312/1312
f 1313/1313/1313 1309/1309/1309 1312/1312/1312 1314/1314/1314
f 1315/1315/1315 1316/1316/1316 1317/1317/1317 1318/1318/1318
f 1319/1319/1319 1315/1315/1315 1318/1318/1318 1320/1320/1320
f 1321/1321/1321 1322/1322/1322 1323/1323/1323 1324/1324/1324
f 1325/1325/1325 1321/1321/1321 1324/1324/1324 1326/1326/1326
f 1329/1329/1329 1330/1330/1330 1327/1327/1327 1328/1328/1328
f 1330/1330/1330 1332/1332/1332 1331/1331/1331 1327/1327/1327
f 1335/1335/1335 1336/1336/1336 1333/1333/1333 1334/1334/1334
f 1336/1336/1336 1338/1338/1338 1337/1337/1337 1333/1333/1333
f 1339/1339/1339 1340/1340/1340 1341/1341/1341 1342/1342/1342
f 1343/1343/1343 1339/1339/1339 1342/1342/1342 1344/1344/1344
f 1347/1347/1347 1348/1348/1348 1345/1345/1345 1346/1346/1346
f 1348/1348/1348 1350/1350/1350 1349/1349/1349 1345/1345/1345
f 1351/1351/1351 1352/1352/1352 1353/1353/1353 1354/1354/1354
f 1355/1355/1355 1351/1351/1351 1354/1354/1354 1356/1356/1356
f 782/782/782 1358/1358/1358 1357/1357/1357 785/785/785
f 785/785/785 1357/1357/1357 1295/1295/1295 789/789/789
f 783/783/783 1359/1359/1359 1358/1358/1358 782/782/782
f 787/787/787 1360/1360/1360 1359/1359/1359 783/783/783
f 788/788/788 1361/1361/1361 1360/1360/1360 787/787/787
f 1364/1364/1364 1365/1365/1365 1362/1362/1362 1363/1363/1363
f 1363/1363/1363 1362/1362/1362 1367/1367/1367 1366/1366/1366
f 1368/1368/1368 1369/1369/1369 1365/1365/1365 1364/1364/1364
f 1370/1370/1370 1371/1371/1371 1369/1369/1369 1368/1368/1368
f 1372/1372/1372 1361/1361/1361 788/788/788 843/843/843
f 1366/1366/1366 1367/1367/1367 1374/1374/1374 1373/1373/1373
f 1292/1292/1292 1375/1375/1375 1376/1376/1376 1293/1293/1293
f 789/789/789 1295/1295/1295 1296/1296/1296 1004/1004/1004
f 1373/1373/1373 1374/1374/1374 1375/1375/1375 1292/1292/1292
f 1293/1293/1293 1376/1376/1376 1377/1377/1377 1378/1378/1378
f 1379/1379/1379 1301/1301/1301 1302/1302/1302 1380/1380/1380
f 1298/1298/1298 965/965/965 964/964/964 1299/1299/1299
f 1307/1307/1307 816/816/816 820/820/820 1381/1381/1381
f 1307/1307/1307 1308/1308/1308 815/815/815 816/816/816
f 1384/1384/1384 1385/1385/1385 1382/1382/1382 1383/1383/1383
f 1383/1383/1383 1382/1382/1382 1387/1387/1387 1386/1386/1386
f 1389/1389/1389 879/879/879 878/878/878 1388/1388/1388
f 1388/1388/1388 878/878/878 874/874/874 1390/1390/1390
f 1392/1392/1392 1391/1391/1391 1385/1385/1385 1384/1384/1384
f 1304/1304/1304 1393/1393/1393 1394/1394/1394 1305/1305/1305
f 1393/1393/1393 1304/1304/1304 1395/1395/1395 1396/1396/1396
f 1308/1308/1308 1397/1397/1397 817/817/817 815/815/815
f 1305/1305/1305 1394/1394/1394 1399/1399/1399 1398/1398/1398
f 1397/1397/1397 1372/1372/1372 843/843/843 817/817/817
f 1398/1398/1398 1399/1399/1399 1371/1371/1371 1370/1370/1370
f 1386/1386/1386 1387/1387/1387 1313/1313/1313 1400/1400/1400
f 1400/1400/1400 1313/1313/1313 1314/1314/1314 1401/1401/1401
f 1390/1390/1390 874/874/874 869/869/869 1402/1402/1402
f 1402/1402/1402 869/869/869 872/872/872 1310/1310/1310
f 1299/1299/1299 964/964/964 966/966/966 1403/1403/1403
f 1381/1381/1381 820/820/820 985/985/985 1404/1404/1404
f 1406/1406/1406 1396/1396/1396 1395/1395/1395 1405/1405/1405
f 1404/1404/1404 985/985/985 991/991/991 1407/1407/1407
f 1406/1406/1406 1405/1405/1405 1408/1408/1408 1409/1409/1409
f 1409/1409/1409 1408/1408/1408 1391/1391/1391 1392/1392/1392
f 1407/1407/1407 991/991/991 879/879/879 1389/1389/1389
f 999/999/999 1410/1410/1410 1319/1319/1319 862/862/862
f 862/862/862 1319/1319/1319 1320/1320/1320 861/861/861
f 1000/1000/1000 1411/1411/1411 1410/1410/1410 999/999/999
f 1002/1002/1002 1412/1412/1412 1411/1411/1411 1000/1000/1000
f 1004/1004/1004 1296/1296/1296 1412/1412/1412 1002/1002/1002
f 1403/1403/1403 966/966/966 944/944/944 1413/1413/1413
f 1414/1414/1414 1415/1415/1415 1416/1416/1416 1417/1417/1417
f 1380/1380/1380 1302/1302/1302 1415/1415/1415 1414/1414/1414
f 1417/1417/1417 1416/1416/1416 1419/1419/1419 1418/1418/1418
f 1413/1413/1413 944/944/944 943/943/943 1420/1420/1420
f 1421/1421/1421 1422/1422/1422 1301/1301/1301 1379/1379/1379
f 1423/1423/1423 1424/1424/1424 1422/1422/1422 1421/1421/1421
f 1425/1425/1425 961/961/961 965/965/965 1298/1298/1298
f 1426/1426/1426 963/963/963 961/961/961 1425/1425/1425
f 1426/1426/1426 1311/1311/1311 1013/1013/1013 963/963/963
f 1310/1310/1310 872/872/872 1013/1013/1013 1311/1311/1311
f 1401/1401/1401 1314/1314/1314 1424/1424/1424 1423/1423/1423
f 1429/1429/1429 1430/1430/1430 1427/1427/1427 1428/1428/1428
f 1428/1428/1428 1427/1427/1427 1431/1431/1431 1316/1316/1316
f 1378/1378/1378 1377/1377/1377 1430/1430/1430 1429/1429/1429
f 1316/1316/1316 1431/1431/1431 1432/1432/1432 1317/1317/1317
f 1317/1317/1317 1432/1432/1432 1433/1433/1433 1434/1434/1434
f 861/861/861 1320/1320/1320 1435/1435/1435 1036/1036/1036
f 1053/1053/1053 1436/1436/1436 1437/1437/1437 1050/1050/1050
f 1057/1057/1057 1438/1438/1438 1436/1436/1436 1053/1053/1053
f 1050/1050/1050 1437/1437/1437 1439/1439/1439 1051/1051/1051
f 1051/1051/1051 1439/1439/1439 1325/1325/1325 1055/1055/1055
f 1055/1055/1055 1325/1325/1325 1326/1326/1326 1056/1056/1056
f 1440/1440/1440 1441/1441/1441 1442/1442/1442 1322/1322/1322
f 1443/1443/1443 1444/1444/1444 1441/1441/1441 1440/1440/1440
f 1322/1322/1322 1442/1442/1442 1445/1445/1445 1323/1323/1323
f 1323/1323/1323 1445/1445/1445 1447/1447/1447 1446/1446/1446
f 1111/1111/1111 1056/1056/1056 1326/1326/1326 1448/1448/1448
f 1449/1449/1449 1450/1450/1450 1444/1444/1444 1443/1443/1443
f 1453/1453/1453 1454/1454/1454 1451/1451/1451 1452/1452/1452
f 1256/1256/1256 1455/1455/1455 1438/1438/1438 1057/1057/1057
f 1452/1452/1452 1451/1451/1451 1450/1450/1450 1449/1449/1449
f 1457/1457/1457 1456/1456/1456 1454/1454/1454 1453/1453/1453
f 1459/1459/1459 1329/1329/1329 1328/1328/1328 1458/1458/1458
f 1332/1332/1332 1217/1217/1217 1216/1216/1216 1331/1331/1331
f 1338/1338/1338 1088/1088/1088 1084/1084/1084 1337/1337/1337
f 1084/1084/1084 1083/1083/1083 1460/1460/1460 1337/1337/1337
f 1462/1462/1462 1463/1463/1463 1343/1343/1343 1461/1461/1461
f 1464/1464/1464 1465/1465/1465 1463/1463/1463 1462/1462/1462
f 1340/1340/1340 1142/1142/1142 1143/1143/1143 1341/1341/1341
f 1466/1466/1466 1138/1138/1138 1142/1142/1142 1340/1340/1340
f 1461/1461/1461 1343/1343/1343 1344/1344/1344 1467/1467/1467
f 1469/1469/1469 1470/1470/1470 1468/1468/1468 1334/1334/1334
f 1471/1471/1471 1335/1335/1335 1334/1334/1334 1468/1468/1468
f 1083/1083/1083 1085/1085/1085 1472/1472/1472 1460/1460/1460
f 1473/1473/1473 1474/1474/1474 1470/1470/1470 1469/1469/1469
f 1085/1085/1085 1111/1111/1111 1448/1448/1448 1472/1472/1472
f 1446/1446/1446 1447/1447/1447 1474/1474/1474 1473/1473/1473
f 1475/1475/1475 1476/1476/1476 1465/1465/1465 1464/1464/1464
f 1477/1477/1477 1478/1478/1478 1476/1476/1476 1475/1475/1475
f 1479/1479/1479 1135/1135/1135 1138/1138/1138 1466/1466/1466
f 1480/1480/1480 1136/1136/1136 1135/1135/1135 1479/1479/1479
f 1349/1349/1349 1218/1218/1218 1217/1217/1217 1332/1332/1332
f 1481/1481/1481 1237/1237/1237 1088/1088/1088 1338/1338/1338
f 1482/1482/1482 1335/1335/1335 1471/1471/1471 1483/1483/1483
f 1484/1484/1484 1243/1243/1243 1237/1237/1237 1481/1481/1481
f 1486/1486/1486 1485/1485/1485 1482/1482/1482 1483/1483/1483
f 1467/1467/1467 1344/1344/1344 1485/1485/1485 1486/1486/1486
f 1341/1341/1341 1143/1143/1143 1243/1243/1243 1484/1484/1484
f 1126/1126/1126 1487/1487/1487 1488/1488/1488 1251/1251/1251
f 1125/1125/1125 1489/1489/1489 1487/1487/1487 1126/1126/1126
f 1251/1251/1251 1488/1488/1488 1490/1490/1490 1252/1252/1252
f 1252/1252/1252 1490/1490/1490 1491/1491/1491 1254/1254/1254
f 1254/1254/1254 1491/1491/1491 1455/1455/1455 1256/1256/1256
f 1350/1350/1350 1198/1198/1198 1218/1218/1218 1349/1349/1349
f 1493/1493/1493 1347/1347/1347 1346/1346/1346 1492/1492/1492
f 1492/1492/1492 1346/1346/1346 1329/1329/1329 1459/1459/1459
f 1418/1418/1418 1419/1419/1419 1347/1347/1347 1493/1493/1493
f 1420/1420/1420 943/943/943 1198/1198/1198 1350/1350/1350
f 1458/1458/1458 1328/1328/1328 1355/1355/1355 1494/1494/1494
f 1494/1494/1494 1355/1355/1355 1356/1356/1356 1495/1495/1495
f 1331/1331/1331 1216/1216/1216 1213/1213/1213 1352/1352/1352
f 1352/1352/1352 1213/1213/1213 1215/1215/1215 1353/1353/1353
f 1215/1215/1215 1265/1265/1265 1496/1496/1496 1353/1353/1353
f 1496/1496/1496 1265/1265/1265 1136/1136/1136 1480/1480/1480
f 1495/1495/1495 1356/1356/1356 1478/1478/1478 1477/1477/1477
f 1498/1498/1498 1499/1499/1499 1500/1500/1500 1497/1497/1497
f 1501/1501/1501 1502/1502/1502 1499/1499/1499 1498/1498/1498
f 1497/1497/1497 1500/1500/1500 1456/1456/1456 1457/1457/1457
f 1503/1503/1503 1504/1504/1504 1502/1502/1502 1501/1501/1501
f 1434/1434/1434 1433/1433/1433 1504/1504/1504 1503/1503/1503
f 1036/1036/1036 1435/1435/1435 1489/1489/1489 1125/1125/1125
f 1359/1359/1359 1506/1506/1506 1505/1505/1505 1358/1358/1358
f 1506/1506/1506 1363/1363/1363 1366/1366/1366 1505/1505/1505
f 1505/1505/1505 1366/1366/1366 1373/1373/1373 1507/1507/1507
f 1358/1358/1358 1505/1505/1505 1507/1507/1507 1357/1357/1357
f 1507/1507/1507 1373/1373/1373 1292/1292/1292 1291/1291/1291
f 1357/1357/1357 1507/1507/1507 1291/1291/1291 1295/1295/1295
f 1360/1360/1360 1508/1508/1508 1506/1506/1506 1359/1359/1359
f 1508/1508/1508 1364/1364/1364 1363/1363/1363 1506/1506/1506
f 1361/1361/1361 1509/1509/1509 1508/1508/1508 1360/1360/1360
f 1509/1509/1509 1368/1368/1368 1364/1364/1364 1508/1508/1508
f 1372/1372/1372 1510/1510/1510 1509/1509/1509 1361/1361/1361
f 1510/1510/1510 1370/1370/1370 1368/1368/1368 1509/1509/1509
f 1294/1294/1294 1293/1293/1293 1378/1378/1378 1511/1511/1511
f 1296/1296/1296 1294/1294/1294 1511/1511/1511 1412/1412/1412
f 1422/1422/1422 1512/1512/1512 1297/1297/1297 1301/1301/1301
f 1512/1512/1512 1425/1425/1425 1298/1298/1298 1297/1297/1297
f 1300/1300/1300 1299/1299/1299 1403/1403/1403 1513/1513/1513
f 1302/1302/1302 1300/1300/1300 1513/1513/1513 1415/1415/1415
f 1303/1303/1303 1307/1307/1307 1381/1381/1381 1514/1514/1514
f 1304/1304/1304 1303/1303/1303 1514/1514/1514 1395/1395/1395
f 1515/1515/1515 1514/1514/1514 1381/1381/1381 1404/1404/1404
f 1395/1395/1395 1514/1514/1514 1515/1515/1515 1405/1405/1405
f 1306/1306/1306 1305/1305/1305 1398/1398/1398 1516/1516/1516
f 1306/1306/1306 1516/1516/1516 1397/1397/1397 1308/1308/1308
f 1391/1391/1391 1518/1518/1518 1517/1517/1517 1385/1385/1385
f 1518/1518/1518 1389/1389/1389 1388/1388/1388 1517/1517/1517
f 1517/1517/1517 1388/1388/1388 1390/1390/1390 1519/1519/1519
f 1385/1385/1385 1517/1517/1517 1519/1519/1519 1382/1382/1382
f 1519/1519/1519 1390/1390/1390 1402/1402/1402 1520/1520/1520
f 1382/1382/1382 1519/1519/1519 1520/1520/1520 1387/1387/1387
f 1516/1516/1516 1510/1510/1510 1372/1372/1372 1397/1397/1397
f 1516/1516/1516 1398/1398/1398 1370/1370/1370 1510/1510/1510
f 1520/1520/1520 1402/1402/1402 1310/1310/1310 1309/1309/1309
f 1387/1387/1387 1520/1520/1520 1309/1309/1309 1313/1313/1313
f 1513/1513/1513 1403/1403/1403 1413/1413/1413 1521/1521/1521
f 1415/1415/1415 1513/1513/1513 1521/1521/1521 1416/1416/1416
f 1515/1515/1515 1404/1404/1404 1407/1407/1407 1522/1522/1522
f 1405/1405/1405 1515/1515/1515 1522/1522/1522 1408/1408/1408
f 1408/1408/1408 1522/1522/1522 1518/1518/1518 1391/1391/1391
f 1522/1522/1522 1407/1407/1407 1389/1389/1389 1518/1518/1518
f 1411/1411/1411 1524/1524/1524 1523/1523/1523 1410/1410/1410
f 1524/1524/1524 1429/1429/1429 1428/1428/1428 1523/1523/1523
f 1523/1523/1523 1428/1428/1428 1316/1316/1316 1315/1315/1315
f 1410/1410/1410 1523/1523/1523 1315/1315/1315 1319/1319/1319
f 1318/1318/1318 1317/1317/1317 1434/1434/1434 1525/1525/1525
f 1320/1320/1320 1318/1318/1318 1525/1525/1525 1435/1435/1435
f 1511/1511/1511 1378/1378/1378 1429/1429/1429 1524/1524/1524
f 1412/1412/1412 1511/1511/1511 1524/1524/1524 1411/1411/1411
f 1521/1521/1521 1413/1413/1413 1420/1420/1420 1526/1526/1526
f 1416/1416/1416 1521/1521/1521 1526/1526/1526 1419/1419/1419
f 1424/1424/1424 1527/1527/1527 1512/1512/1512 1422/1422/1422
f 1527/1527/1527 1426/1426/1426 1425/1425/1425 1512/1512/1512
f 1312/1312/1312 1311/1311/1311 1426/1426/1426 1527/1527/1527
f 1314/1314/1314 1312/1312/1312 1527/1527/1527 1424/1424/1424
f 1438/1438/1438 1529/1529/1529 1528/1528/1528 1436/1436/1436
f 1529/1529/1529 1452/1452/1452 1449/1449/1449 1528/1528/1528
f 1528/1528/1528 1449/1449/1449 1443/1443/1443 1530/1530/1530
f 1436/1436/1436 1528/1528/1528 1530/1530/1530 1437/1437/1437
f 1455/1455/1455 1531/1531/1531 1529/1529/1529 1438/1438/1438
f 1531/1531/1531 1453/1453/1453 1452/1452/1452 1529/1529/1529
f 1530/1530/1530 1443/1443/1443 1440/1440/1440 1532/1532/1532
f 1437/1437/1437 1530/1530/1530 1532/1532/1532 1439/1439/1439
f 1532/1532/1532 1440/1440/1440 1322/1322/1322 1321/1321/1321
f 1439/1439/1439 1532/1532/1532 1321/1321/1321 1325/1325/1325
f 1324/1324/1324 1323/1323/1323 1446/1446/1446 1533/1533/1533
f 1326/1326/1326 1324/1324/1324 1533/1533/1533 1448/1448/1448
f 1491/1491/1491 1534/1534/1534 1531/1531/1531 1455/1455/1455
f 1534/1534/1534 1457/1457/1457 1453/1453/1453 1531/1531/1531
f 1490/1490/1490 1535/1535/1535 1534/1534/1534 1491/1491/1491
f 1535/1535/1535 1497/1497/1497 1457/1457/1457 1534/1534/1534
f 1337/1337/1337 1460/1460/1460 1536/1536/1536 1333/1333/1333
f 1333/1333/1333 1536/1536/1536 1469/1469/1469 1334/1334/1334
f 1482/1482/1482 1537/1537/1537 1336/1336/1336 1335/1335/1335
f 1481/1481/1481 1338/1338/1338 1336/1336/1336 1537/1537/1537
f 1460/1460/1460 1472/1472/1472 1538/1538/1538 1536/1536/1536
f 1538/1538/1538 1473/1473/1473 1469/1469/1469 1536/1536/1536
f 1465/1465/1465 1540/1540/1540 1539/1539/1539 1463/1463/1463
f 1540/1540/1540 1479/1479/1479 1466/1466/1466 1539/1539/1539
f 1539/1539/1539 1466/1466/1466 1340/1340/1340 1339/1339/1339
f 1463/1463/1463 1539/1539/1539 1339/1339/1339 1343/1343/1343
f 1476/1476/1476 1541/1541/1541 1540/1540/1540 1465/1465/1465
f 1541/1541/1541 1480/1480/1480 1479/1479/1479 1540/1540/1540
f 1533/1533/1533 1446/1446/1446 1473/1473/1473 1538/1538/1538
f 1472/1472/1472 1448/1448/1448 1533/1533/1533 1538/1538/1538
f 1478/1478/1478 1542/1542/1542 1541/1541/1541 1476/1476/1476
f 1542/1542/1542 1496/1496/1496 1480/1480/1480 1541/1541/1541
f 1346/1346/1346 1345/1345/1345 1330/1330/1330 1329/1329/1329
f 1345/1345/1345 1349/1349/1349 1332/1332/1332 1330/1330/1330
f 1485/1485/1485 1543/1543/1543 1537/1537/1537 1482/1482/1482
f 1543/1543/1543 1484/1484/1484 1481/1481/1481 1537/1537/1537
f 1342/1342/1342 1341/1341/1341 1484/1484/1484 1543/1543/1543
f 1344/1344/1344 1342/1342/1342 1543/1543/1543 1485/1485/1485
f 1489/1489/1489 1545/1545/1545 1544/1544/1544 1487/1487/1487
f 1545/1545/1545 1503/1503/1503 1501/1501/1501 1544/1544/1544
f 1544/1544/1544 1501/1501/1501 1498/1498/1498 1546/1546/1546
f 1487/1487/1487 1544/1544/1544 1546/1546/1546 1488/1488/1488
f 1525/1525/1525 1434/1434/1434 1503/1503/1503 1545/1545/1545
f 1435/1435/1435 1525/1525/1525 1545/1545/1545 1489/1489/1489
f 1546/1546/1546 1498/1498/1498 1497/1497/1497 1535/1535/1535
f 1488/1488/1488 1546/1546/1546 1535/1535/1535 1490/1490/1490
f 1526/1526/1526 1420/1420/1420 1350/1350/1350 1348/1348/1348
f 1419/1419/1419 1526/1526/1526 1348/1348/1348 1347/1347/1347
f 1327/1327/1327 1331/1331/1331 1352/1352/1352 1351/1351/1351
f 1328/1328/1328 1327/1327/1327 1351/1351/1351 1355/1355/1355
f 1356/1356/1356 1354/1354/1354 1542/1542/1542 1478/1478/1478
f 1354/1354/1354 1353/1353/1353 1496/1496/1496 1542/1542/1542
f 2/1547/1547 775/775/1548 774/774/1549 3/1548/1550
f 5/1549/1551 778/778/1552 775/775/1548 2/1547/1547
f 5/1549/1555 7/1550/1553 780/780/1554 778/778/1555
f 3/1548/1550 774/774/1549 786/786/1556 13/1551/1557
f 807/807/1559 34/1553/1560 31/1552/1558 804/804/1558
f 804/804/1563 31/1552/1563 36/1554/1561 809/809/1562
f 809/809/1562 36/1554/1561 38/1555/1564 811/811/1565
f 835/835/1568 62/1557/1569 61/1556/1566 836/836/1567
f 811/811/1565 38/1555/1564 62/1557/1569 835/835/1568
f 836/836/1567 61/1556/1566 69/1558/1570 842/842/1571
f 82/1559/1572 857/857/1573 856/856/1574 83/1560/1575
f 83/1560/1575 856/856/1574 859/859/1576 86/1561/1577
f 86/1561/1577 859/859/1576 863/863/1578 90/1562/1578
f 864/864/1579 92/1563/1579 90/1562/1579 863/863/1579
f 7/1550/1553 34/1553/1560 807/807/1559 780/780/1554
f 842/842/1571 69/1558/1570 92/1563/1580 864/864/1580
f 222/1564/1581 995/995/1582 857/857/1573 82/1559/1572
f 224/1565/1583 997/997/1584 995/995/1582 222/1564/1581
f 230/1566/1585 1003/1003/1586 997/997/1584 224/1565/1583
f 265/1567/1587 1038/1038/1588 1003/1003/1586 230/1566/1585
f 266/1568/1589 1039/1039/1590 1038/1038/1588 265/1567/1587
f 13/1551/1557 786/786/1556 1039/1039/1590 266/1568/1589
f 269/1569/1591 1044/1044/1592 1043/1043/1593 270/1570/1594
f 270/1570/1594 1043/1043/1593 1046/1046/1595 273/1571/1595
f 1046/1046/1596 1048/1048/1597 275/1572/1598 273/1571/1596
f 281/1573/1599 1054/1054/1600 1044/1044/1592 269/1569/1591
f 1072/1072/1603 299/1575/1603 302/1574/1601 1075/1075/1602
f 1077/1077/1605 304/1576/1606 299/1575/1604 1072/1072/1604
f 1079/1079/1607 306/1577/1608 304/1576/1606 1077/1077/1605
f 1102/1102/1611 331/1579/1612 330/1578/1609 1103/1103/1610
f 1103/1103/1610 330/1578/1609 306/1577/1608 1079/1079/1607
f 1110/1110/1613 337/1580/1614 331/1579/1612 1102/1102/1611
f 347/1581/1615 1120/1120/1616 1119/1119/1617 348/1582/1618
f 350/1583/1619 1123/1123/1620 1120/1120/1616 347/1581/1615
f 354/1584/1621 1127/1127/1622 1123/1123/1620 350/1583/1619
f 1127/1127/1623 354/1584/1623 355/1585/1623 1129/1129/1623
f 1048/1048/1597 1075/1075/1602 302/1574/1601 275/1572/1598
f 1129/1129/1624 355/1585/1624 337/1580/1614 1110/1110/1613
f 348/1582/1618 1119/1119/1617 1247/1247/1625 474/1586/1626
f 474/1586/1626 1247/1247/1625 1249/1249/1627 476/1587/1628
f 476/1587/1628 1249/1249/1627 1255/1255/1629 482/1588/1630
f 482/1588/1630 1255/1255/1629 1281/1281/1631 508/1589/1632
f 508/1589/1632 1281/1281/1631 1282/1282/1633 509/1590/1634
f 509/1590/1634 1282/1282/1633 1054/1054/1600 281/1573/1599
f 1365/1365/1637 592/1592/1638 591/1591/1635 1362/1362/1636
f 1362/1362/1636 591/1591/1635 594/1593/1639 1367/1367/1640
f 1369/1369/1641 596/1594/1642 592/1592/1638 1365/1365/1637
f 1371/1371/1643 598/1595/1644 596/1594/1642 1369/1369/1641
f 1367/1367/1640 594/1593/1639 601/1596/1645 1374/1374/1646
f 1375/1375/1649 602/1598/1650 603/1597/1647 1376/1376/1648
f 1374/1374/1646 601/1596/1645 602/1598/1650 1375/1375/1649
f 1376/1376/1648 603/1597/1647 604/1599/1651 1377/1377/1652
f 606/1600/1653 1379/1379/1654 1380/1380/1655 607/1601/1656
f 609/1602/1657 1384/1384/1658 1383/1383/1659 610/1603/1660
f 610/1603/1660 1383/1383/1659 1386/1386/1661 613/1604/1662
f 619/1605/1663 1392/1392/1664 1384/1384/1658 609/1602/1657
f 620/1607/1668 621/1606/1665 1394/1394/1666 1393/1393/1667
f 623/1608/1670 620/1607/1668 1393/1393/1667 1396/1396/1669
f 621/1606/1665 626/1609/1671 1399/1399/1672 1394/1394/1666
f 626/1609/1671 598/1595/1644 1371/1371/1643 1399/1399/1672
f 613/1604/1662 1386/1386/1661 1400/1400/1673 627/1610/1674
f 627/1610/1674 1400/1400/1673 1401/1401/1675 628/1611/1676
f 633/1612/1678 623/1608/1670 1396/1396/1669 1406/1406/1677
f 633/1612/1678 1406/1406/1677 1409/1409/1679 636/1613/1680
f 636/1613/1680 1409/1409/1679 1392/1392/1664 619/1605/1663
f 643/1614/1681 1414/1414/1682 1417/1417/1683 644/1615/1684
f 607/1601/1656 1380/1380/1655 1414/1414/1682 643/1614/1681
f 644/1615/1684 1417/1417/1683 1418/1418/1685 645/1616/1685
f 649/1617/1686 1421/1421/1687 1379/1379/1654 606/1600/1653
f 650/1618/1688 1423/1423/1689 1421/1421/1687 649/1617/1686
f 628/1611/1676 1401/1401/1675 1423/1423/1689 650/1618/1688
f 1430/1430/1692 657/1620/1693 656/1619/1690 1427/1427/1691
f 1427/1427/1691 656/1619/1690 658/1621/1694 1431/1431/1695
f 1377/1377/1652 604/1599/1651 657/1620/1693 1430/1430/1692
f 1431/1431/1695 658/1621/1694 659/1622/1696 1432/1432/1697
f 1432/1432/1697 659/1622/1696 661/1623/1698 1433/1433/1698
f 1441/1441/1701 667/1625/1702 669/1624/1699 1442/1442/1700
f 1444/1444/1703 671/1626/1704 667/1625/1702 1441/1441/1701
f 1442/1442/1700 669/1624/1699 672/1627/1705 1445/1445/1706
f 1445/1445/1706 672/1627/1705 674/1628/1707 1447/1447/1708
f 1450/1450/1709 677/1629/1710 671/1626/1704 1444/1444/1703
f 1454/1454/1713 681/1631/1714 680/1630/1711 1451/1451/1712
f 1451/1451/1712 680/1630/1711 677/1629/1710 1450/1450/1709
f 1456/1456/1715 683/1632/1716 681/1631/1714 1454/1454/1713
f 686/1633/1717 1459/1459/1718 1458/1458/1719 685/1634/1720
f 689/1635/1721 1462/1462/1722 1461/1461/1723 690/1636/1724
f 691/1637/1725 1464/1464/1726 1462/1462/1722 689/1635/1721
f 690/1636/1724 1461/1461/1723 1467/1467/1727 694/1638/1728
f 1468/1468/1730 1470/1470/1731 697/1640/1732 696/1639/1729
f 1471/1471/1734 1468/1468/1730 696/1639/1729 698/1641/1733
f 1470/1470/1731 1474/1474/1735 701/1642/1736 697/1640/1732
f 1474/1474/1735 1447/1447/1708 674/1628/1707 701/1642/1736
f 703/1643/1737 1475/1475/1738 1464/1464/1726 691/1637/1725
f 704/1644/1739 1477/1477/1740 1475/1475/1738 703/1643/1737
f 1483/1483/1742 1471/1471/1734 698/1641/1733 710/1645/1741
f 713/1646/1743 1486/1486/1744 1483/1483/1742 710/1645/1741
f 694/1638/1728 1467/1467/1727 1486/1486/1744 713/1646/1743
f 720/1647/1745 1493/1493/1746 1492/1492/1747 719/1648/1748
f 719/1648/1748 1492/1492/1747 1459/1459/1718 686/1633/1717
f 645/1616/1685 1418/1418/1685 1493/1493/1746 720/1647/1745
f 685/1634/1720 1458/1458/1719 1494/1494/1749 721/1649/1750
f 721/1649/1750 1494/1494/1749 1495/1495/1751 722/1650/1752
f 722/1650/1752 1495/1495/1751 1477/1477/1740 704/1644/1739
f 1499/1499/1755 724/1652/1756 727/1651/1753 1500/1500/1754
f 1502/1502/1757 729/1653/1758 724/1652/1756 1499/1499/1755
f 1500/1500/1754 727/1651/1753 683/1632/1716 1456/1456/1715
f 1504/1504/1759 731/1654/1760 729/1653/1758 1502/1502/1757
f 1433/1433/1698 661/1623/1698 731/1654/1760 1504/1504/1759
f 201/1655/1761 974/974/1761 976/976/1761 203/1656/1761
f 203/1656/1762 976/976/1762 1022/1022/1762 249/1657/1762
f 512/1658/1763 249/1657/1763 1022/1022/1763 1285/1285/1763
f 1287/1287/1764 514/1659/1764 512/1658/1764 1285/1285/1764
f 1289/1289/1765 516/1660/1765 514/1659/1765 1287/1287/1765
f 982/982/1766 209/1661/1766 516/1660/1766 1289/1289/1766
f 209/1661/1767 982/982/1767 975/975/1767 202/1662/1767
f 202/1662/1768 975/975/1768 974/974/1768 201/1655/1768
f 455/1663/1769 1228/1228/1769 1226/1226/1769 453/1664/1769
f 453/1664/1770 1226/1226/1770 1227/1227/1770 454/1665/1770
f 454/1665/1771 1227/1227/1771 1234/1234/1771 461/1666/1771
f 1290/1290/1772 517/1667/1773 461/1666/1772 1234/1234/1773
f 1288/1288/1774 515/1668/1774 517/1667/1774 1290/1290/1774
f 1286/1286/1775 513/1669/1775 515/1668/1775 1288/1288/1775
f 1286/1286/1776 1269/1269/1776 496/1670/1776 513/1669/1776
f 496/1670/1777 1269/1269/1777 1228/1228/1777 455/1663/1777
