# Blender 5.0.1
# www.blender.org
mtllib table.mtl
o Cylinder
v -0.000000 0.767453 -0.786671
v 0.094823 0.767453 -0.780935
v 0.188263 0.767453 -0.763812
v 0.278957 0.767453 -0.735550
v 0.365584 0.767453 -0.696562
v 0.446880 0.767453 -0.647417
v 0.521659 0.767453 -0.588832
v 0.588832 0.767453 -0.521659
v 0.647417 0.767453 -0.446880
v 0.696562 0.767453 -0.365584
v 0.735550 0.767453 -0.278957
v 0.763812 0.767453 -0.188263
v 0.780935 0.767453 -0.094823
v 0.786671 0.767453 -0.000000
v 0.780935 0.767453 0.094823
v 0.763812 0.767453 0.188263
v 0.735550 0.767453 0.278957
v 0.696562 0.767453 0.365584
v 0.647417 0.767453 0.446880
v 0.588832 0.767453 0.521659
v 0.521659 0.767453 0.588832
v 0.446880 0.767453 0.647417
v 0.365584 0.767453 0.696562
v 0.278957 0.767453 0.735550
v 0.188263 0.767453 0.763812
v 0.094823 0.767453 0.780935
v -0.000000 0.767453 0.786671
v -0.094823 0.767453 0.780935
v -0.188263 0.767453 0.763812
v -0.278957 0.767453 0.735550
v -0.365584 0.767453 0.696562
v -0.446880 0.767453 0.647417
v -0.521659 0.767453 0.588832
v -0.588832 0.767453 0.521659
v -0.647417 0.767453 0.446880
v -0.696562 0.767453 0.365584
v -0.735550 0.767453 0.278957
v -0.763812 0.767453 0.188263
v -0.780935 0.767453 0.094823
v -0.786671 0.767453 -0.000000
v -0.780935 0.767453 -0.094823
v -0.763812 0.767453 -0.188263
v -0.735550 0.767453 -0.278957
v -0.696562 0.767453 -0.365584
v -0.647417 0.767453 -0.446880
v -0.588832 0.767453 -0.521659
v -0.521659 0.767453 -0.588832
v -0.446880 0.767453 -0.647417
v -0.365584 0.767453 -0.696562
v -0.278957 0.767453 -0.735550
v -0.188263 0.767453 -0.763812
v -0.094823 0.767453 -0.780935
v -0.000000 0.745120 -0.783216
v 0.094406 0.745120 -0.777505
v 0.187436 0.745120 -0.760457
v 0.277732 0.745120 -0.732320
v 0.363979 0.745120 -0.693503
v 0.444917 0.745120 -0.644574
v 0.519368 0.745120 -0.586246
v 0.586246 0.745120 -0.519368
v 0.644574 0.745120 -0.444917
v 0.693503 0.745120 -0.363979
v 0.732320 0.745120 -0.277732
v 0.760457 0.745120 -0.187436
v 0.777505 0.745120 -0.094406
v 0.783216 0.745120 -0.000000
v 0.777505 0.745120 0.094406
v 0.760457 0.745120 0.187436
v 0.732320 0.745120 0.277732
v 0.693503 0.745120 0.363979
v 0.644574 0.745120 0.444917
v 0.586246 0.745120 0.519368
v 0.519368 0.745120 0.586246
v 0.444917 0.745120 0.644574
v 0.363979 0.745120 0.693503
v 0.277732 0.745120 0.732320
v 0.187436 0.745120 0.760457
v 0.094406 0.745120 0.777505
v -0.000000 0.745120 0.783216
v -0.094406 0.745120 0.777505
v -0.187436 0.745120 0.760457
v -0.277732 0.745120 0.732320
v -0.363979 0.745120 0.693503
v -0.444917 0.745120 0.644574
v -0.519368 0.745120 0.586246
v -0.586246 0.745120 0.519368
v -0.644574 0.745120 0.444917
v -0.693503 0.745120 0.363979
v -0.732320 0.745120 0.277732
v -0.760457 0.745120 0.187436
v -0.777505 0.745120 0.094406
v -0.783216 0.745120 -0.000000
v -0.777505 0.745120 -0.094406
v -0.760457 0.745120 -0.187436
v -0.732320 0.745120 -0.277732
v -0.693503 0.745120 -0.363979
v -0.644574 0.745120 -0.444917
v -0.586246 0.745120 -0.519368
v -0.519368 0.745120 -0.586246
v -0.444917 0.745120 -0.644574
v -0.363979 0.745120 -0.693503
v -0.277732 0.745120 -0.732320
v -0.187436 0.745120 -0.760457
v -0.094406 0.745120 -0.777505
v -0.000000 0.692742 -0.766254
v 0.092362 0.692742 -0.760667
v 0.183376 0.692742 -0.743988
v 0.271717 0.692742 -0.716460
v 0.356096 0.692742 -0.678484
v 0.435282 0.692742 -0.630614
v 0.508120 0.692742 -0.573549
v 0.573549 0.692742 -0.508120
v 0.630614 0.692742 -0.435282
v 0.678484 0.692742 -0.356096
v 0.716460 0.692742 -0.271717
v 0.743988 0.692742 -0.183377
v 0.760667 0.692742 -0.092362
v 0.766254 0.692742 -0.000000
v 0.760667 0.692742 0.092362
v 0.743988 0.692742 0.183377
v 0.716460 0.692742 0.271717
v 0.678484 0.692742 0.356096
v 0.630614 0.692742 0.435282
v 0.573549 0.692742 0.508120
v 0.508120 0.692742 0.573549
v 0.435282 0.692742 0.630614
v 0.356096 0.692742 0.678484
v 0.271717 0.692742 0.716460
v 0.183376 0.692742 0.743988
v 0.092362 0.692742 0.760667
v -0.000000 0.692742 0.766254
v -0.092362 0.692742 0.760667
v -0.183377 0.692742 0.743988
v -0.271717 0.692742 0.716460
v -0.356096 0.692742 0.678484
v -0.435282 0.692742 0.630614
v -0.508120 0.692742 0.573549
v -0.573549 0.692742 0.508120
v -0.630614 0.692742 0.435282
v -0.678484 0.692742 0.356096
v -0.716460 0.692742 0.271717
v -0.743988 0.692742 0.183377
v -0.760667 0.692742 0.092362
v -0.766254 0.692742 -0.000000
v -0.760667 0.692742 -0.092362
v -0.743988 0.692742 -0.183377
v -0.716460 0.692742 -0.271717
v -0.678484 0.692742 -0.356096
v -0.630614 0.692742 -0.435282
v -0.573549 0.692742 -0.508120
v -0.508120 0.692742 -0.573549
v -0.435282 0.692742 -0.630614
v -0.356096 0.692742 -0.678484
v -0.271717 0.692742 -0.716460
v -0.183377 0.692742 -0.743988
v -0.092362 0.692742 -0.760667
v -0.000000 0.745120 -0.790444
v -0.000000 0.749989 -0.795322
v -0.000000 0.745773 -0.792883
v -0.000000 0.747555 -0.794668
v 0.095865 0.749989 -0.789523
v 0.095277 0.745120 -0.784680
v 0.095787 0.747555 -0.788874
v 0.095571 0.745773 -0.787102
v 0.190333 0.749989 -0.772211
v 0.189166 0.745120 -0.767475
v 0.190177 0.747555 -0.771576
v 0.189749 0.745773 -0.769843
v 0.282025 0.749989 -0.743639
v 0.280295 0.745120 -0.739078
v 0.281793 0.747555 -0.743028
v 0.281160 0.745773 -0.741358
v 0.369604 0.749989 -0.704222
v 0.367337 0.745120 -0.699903
v 0.369301 0.747555 -0.703644
v 0.368471 0.745773 -0.702063
v 0.451794 0.749989 -0.654537
v 0.449023 0.745120 -0.650522
v 0.451423 0.747555 -0.653999
v 0.450409 0.745773 -0.652530
v 0.527396 0.749989 -0.595307
v 0.524161 0.745120 -0.591655
v 0.526962 0.747555 -0.594818
v 0.525778 0.745773 -0.593481
v 0.595307 0.749989 -0.527396
v 0.591655 0.745120 -0.524161
v 0.594818 0.747555 -0.526962
v 0.593481 0.745773 -0.525778
v 0.654537 0.749989 -0.451794
v 0.650522 0.745120 -0.449023
v 0.653999 0.747555 -0.451423
v 0.652530 0.745773 -0.450409
v 0.704222 0.749989 -0.369604
v 0.699903 0.745120 -0.367337
v 0.703644 0.747555 -0.369301
v 0.702063 0.745773 -0.368471
v 0.743639 0.749989 -0.282025
v 0.739078 0.745120 -0.280295
v 0.743028 0.747555 -0.281793
v 0.741358 0.745773 -0.281160
v 0.772211 0.749989 -0.190333
v 0.767475 0.745120 -0.189166
v 0.771576 0.747555 -0.190177
v 0.769843 0.745773 -0.189749
v 0.789523 0.749989 -0.095865
v 0.784680 0.745120 -0.095277
v 0.788874 0.747555 -0.095787
v 0.787102 0.745773 -0.095571
v 0.795322 0.749989 -0.000000
v 0.790444 0.745120 -0.000000
v 0.794668 0.747555 -0.000000
v 0.792883 0.745773 -0.000000
v 0.789523 0.749989 0.095865
v 0.784680 0.745120 0.095277
v 0.788874 0.747555 0.095787
v 0.787102 0.745773 0.095571
v 0.772211 0.749989 0.190333
v 0.767475 0.745120 0.189166
v 0.771576 0.747555 0.190177
v 0.769843 0.745773 0.189749
v 0.743639 0.749989 0.282025
v 0.739078 0.745120 0.280295
v 0.743028 0.747555 0.281793
v 0.741358 0.745773 0.281160
v 0.704222 0.749989 0.369604
v 0.699903 0.745120 0.367337
v 0.703644 0.747555 0.369301
v 0.702063 0.745773 0.368471
v 0.654537 0.749989 0.451794
v 0.650522 0.745120 0.449023
v 0.653999 0.747555 0.451423
v 0.652530 0.745773 0.450409
v 0.595307 0.749989 0.527396
v 0.591655 0.745120 0.524161
v 0.594818 0.747555 0.526962
v 0.593481 0.745773 0.525778
v 0.527396 0.749989 0.595307
v 0.524161 0.745120 0.591655
v 0.526962 0.747555 0.594818
v 0.525778 0.745773 0.593481
v 0.451794 0.749989 0.654537
v 0.449023 0.745120 0.650522
v 0.451423 0.747555 0.653999
v 0.450409 0.745773 0.652530
v 0.369604 0.749989 0.704222
v 0.367337 0.745120 0.699903
v 0.369301 0.747555 0.703644
v 0.368471 0.745773 0.702063
v 0.282025 0.749989 0.743639
v 0.280295 0.745120 0.739078
v 0.281793 0.747555 0.743028
v 0.281160 0.745773 0.741358
v 0.190333 0.749989 0.772211
v 0.189166 0.745120 0.767475
v 0.190177 0.747555 0.771576
v 0.189749 0.745773 0.769843
v 0.095865 0.749989 0.789523
v 0.095277 0.745120 0.784680
v 0.095787 0.747555 0.788874
v 0.095571 0.745773 0.787102
v -0.000000 0.749989 0.795322
v -0.000000 0.745120 0.790444
v -0.000000 0.747555 0.794668
v -0.000000 0.745773 0.792883
v -0.095865 0.749989 0.789523
v -0.095277 0.745120 0.784680
v -0.095787 0.747555 0.788874
v -0.095571 0.745773 0.787102
v -0.190333 0.749989 0.772211
v -0.189166 0.745120 0.767475
v -0.190177 0.747555 0.771576
v -0.189749 0.745773 0.769843
v -0.282025 0.749989 0.743639
v -0.280295 0.745120 0.739078
v -0.281793 0.747555 0.743028
v -0.281160 0.745773 0.741358
v -0.369604 0.749989 0.704222
v -0.367337 0.745120 0.699903
v -0.369301 0.747555 0.703644
v -0.368471 0.745773 0.702063
v -0.451794 0.749989 0.654537
v -0.449023 0.745120 0.650522
v -0.451423 0.747555 0.653999
v -0.450409 0.745773 0.652530
v -0.527396 0.749989 0.595307
v -0.524161 0.745120 0.591655
v -0.526962 0.747555 0.594818
v -0.525778 0.745773 0.593481
v -0.595307 0.749989 0.527396
v -0.591655 0.745120 0.524161
v -0.594818 0.747555 0.526962
v -0.593481 0.745773 0.525778
v -0.654537 0.749989 0.451794
v -0.650522 0.745120 0.449023
v -0.653999 0.747555 0.451423
v -0.652530 0.745773 0.450409
v -0.704222 0.749989 0.369604
v -0.699903 0.745120 0.367337
v -0.703644 0.747555 0.369301
v -0.702063 0.745773 0.368471
v -0.743639 0.749989 0.282025
v -0.739078 0.745120 0.280295
v -0.743028 0.747555 0.281793
v -0.741358 0.745773 0.281160
v -0.772211 0.749989 0.190333
v -0.767475 0.745120 0.189166
v -0.771576 0.747555 0.190177
v -0.769843 0.745773 0.189749
v -0.789523 0.749989 0.095865
v -0.784680 0.745120 0.095277
v -0.788874 0.747555 0.095787
v -0.787102 0.745773 0.095571
v -0.795322 0.749989 -0.000000
v -0.790444 0.745120 -0.000000
v -0.794668 0.747555 -0.000000
v -0.792883 0.745773 -0.000000
v -0.789523 0.749989 -0.095865
v -0.784680 0.745120 -0.095277
v -0.788874 0.747555 -0.095787
v -0.787102 0.745773 -0.095571
v -0.772211 0.749989 -0.190333
v -0.767475 0.745120 -0.189166
v -0.771576 0.747555 -0.190177
v -0.769843 0.745773 -0.189749
v -0.743639 0.749989 -0.282025
v -0.739078 0.745120 -0.280295
v -0.743028 0.747555 -0.281793
v -0.741358 0.745773 -0.281160
v -0.704222 0.749989 -0.369604
v -0.699903 0.745120 -0.367337
v -0.703644 0.747555 -0.369301
v -0.702063 0.745773 -0.368471
v -0.654537 0.749989 -0.451794
v -0.650522 0.745120 -0.449023
v -0.653999 0.747555 -0.451423
v -0.652530 0.745773 -0.450409
v -0.595307 0.749989 -0.527396
v -0.591655 0.745120 -0.524161
v -0.594818 0.747555 -0.526962
v -0.593481 0.745773 -0.525778
v -0.527396 0.749989 -0.595307
v -0.524161 0.745120 -0.591655
v -0.526962 0.747555 -0.594818
v -0.525778 0.745773 -0.593481
v -0.451794 0.749989 -0.654537
v -0.449023 0.745120 -0.650522
v -0.451423 0.747555 -0.653999
v -0.450409 0.745773 -0.652530
v -0.369604 0.749989 -0.704222
v -0.367337 0.745120 -0.699903
v -0.369301 0.747555 -0.703644
v -0.368471 0.745773 -0.702063
v -0.282025 0.749989 -0.743639
v -0.280295 0.745120 -0.739078
v -0.281793 0.747555 -0.743028
v -0.281160 0.745773 -0.741358
v -0.190333 0.749989 -0.772211
v -0.189166 0.745120 -0.767475
v -0.190177 0.747555 -0.771576
v -0.189749 0.745773 -0.769843
v -0.095865 0.749989 -0.789523
v -0.095277 0.745120 -0.784680
v -0.095787 0.747555 -0.788874
v -0.095571 0.745773 -0.787102
v -0.000000 0.687872 -0.778097
v -0.000000 0.692742 -0.773219
v -0.000000 0.690307 -0.777444
v -0.000000 0.692089 -0.775658
v 0.093201 0.692742 -0.767581
v 0.093789 0.687872 -0.772424
v 0.093495 0.692089 -0.770003
v 0.093710 0.690307 -0.771775
v 0.185043 0.692742 -0.750751
v 0.186211 0.687872 -0.755487
v 0.185627 0.692089 -0.753119
v 0.186054 0.690307 -0.754852
v 0.274187 0.692742 -0.722972
v 0.275917 0.687872 -0.727533
v 0.275052 0.692089 -0.725253
v 0.275685 0.690307 -0.726922
v 0.359333 0.692742 -0.684651
v 0.361600 0.687872 -0.688971
v 0.360466 0.692089 -0.686811
v 0.361296 0.690307 -0.688392
v 0.439239 0.692742 -0.636347
v 0.442010 0.687872 -0.640361
v 0.440624 0.692089 -0.638354
v 0.441638 0.690307 -0.639824
v 0.512739 0.692742 -0.578763
v 0.515974 0.687872 -0.582414
v 0.514356 0.692089 -0.580588
v 0.515540 0.690307 -0.581925
v 0.578763 0.692742 -0.512739
v 0.582414 0.687872 -0.515974
v 0.580588 0.692089 -0.514356
v 0.581925 0.690307 -0.515540
v 0.636347 0.692742 -0.439239
v 0.640361 0.687872 -0.442010
v 0.638354 0.692089 -0.440624
v 0.639824 0.690307 -0.441638
v 0.684651 0.692742 -0.359333
v 0.688971 0.687872 -0.361600
v 0.686811 0.692089 -0.360466
v 0.688392 0.690307 -0.361296
v 0.722972 0.692742 -0.274187
v 0.727533 0.687872 -0.275917
v 0.725253 0.692089 -0.275052
v 0.726922 0.690307 -0.275685
v 0.750751 0.692742 -0.185043
v 0.755487 0.687872 -0.186211
v 0.753119 0.692089 -0.185627
v 0.754852 0.690307 -0.186054
v 0.767581 0.692742 -0.093201
v 0.772424 0.687872 -0.093789
v 0.770003 0.692089 -0.093495
v 0.771775 0.690307 -0.093710
v 0.773219 0.692742 -0.000000
v 0.778097 0.687872 -0.000000
v 0.775658 0.692089 -0.000000
v 0.777444 0.690307 -0.000000
v 0.767581 0.692742 0.093201
v 0.772424 0.687872 0.093789
v 0.770003 0.692089 0.093495
v 0.771775 0.690307 0.093710
v 0.750751 0.692742 0.185043
v 0.755487 0.687872 0.186211
v 0.753119 0.692089 0.185627
v 0.754852 0.690307 0.186054
v 0.722972 0.692742 0.274187
v 0.727533 0.687872 0.275917
v 0.725253 0.692089 0.275052
v 0.726922 0.690307 0.275685
v 0.684651 0.692742 0.359333
v 0.688971 0.687872 0.361600
v 0.686811 0.692089 0.360466
v 0.688392 0.690307 0.361296
v 0.636347 0.692742 0.439239
v 0.640361 0.687872 0.442010
v 0.638354 0.692089 0.440624
v 0.639824 0.690307 0.441638
v 0.578763 0.692742 0.512739
v 0.582414 0.687872 0.515974
v 0.580588 0.692089 0.514356
v 0.581925 0.690307 0.515540
v 0.512739 0.692742 0.578763
v 0.515974 0.687872 0.582414
v 0.514356 0.692089 0.580588
v 0.515540 0.690307 0.581925
v 0.439239 0.692742 0.636347
v 0.442010 0.687872 0.640361
v 0.440624 0.692089 0.638354
v 0.441638 0.690307 0.639824
v 0.359333 0.692742 0.684651
v 0.361600 0.687872 0.688971
v 0.360466 0.692089 0.686811
v 0.361296 0.690307 0.688392
v 0.274187 0.692742 0.722972
v 0.275917 0.687872 0.727533
v 0.275052 0.692089 0.725253
v 0.275685 0.690307 0.726922
v 0.185043 0.692742 0.750751
v 0.186211 0.687872 0.755487
v 0.185627 0.692089 0.753119
v 0.186054 0.690307 0.754852
v 0.093201 0.692742 0.767581
v 0.093789 0.687872 0.772424
v 0.093495 0.692089 0.770003
v 0.093710 0.690307 0.771775
v -0.000000 0.692742 0.773219
v -0.000000 0.687872 0.778097
v -0.000000 0.692089 0.775658
v -0.000000 0.690307 0.777444
v -0.093201 0.692742 0.767581
v -0.093789 0.687872 0.772424
v -0.093495 0.692089 0.770003
v -0.093710 0.690307 0.771775
v -0.185043 0.692742 0.750751
v -0.186211 0.687872 0.755487
v -0.185627 0.692089 0.753119
v -0.186054 0.690307 0.754852
v -0.274187 0.692742 0.722972
v -0.275917 0.687872 0.727533
v -0.275052 0.692089 0.725253
v -0.275685 0.690307 0.726922
v -0.359333 0.692742 0.684651
v -0.361600 0.687872 0.688971
v -0.360466 0.692089 0.686811
v -0.361296 0.690307 0.688392
v -0.439239 0.692742 0.636347
v -0.442010 0.687872 0.640361
v -0.440624 0.692089 0.638354
v -0.441638 0.690307 0.639824
v -0.512739 0.692742 0.578763
v -0.515974 0.687872 0.582414
v -0.514356 0.692089 0.580588
v -0.515540 0.690307 0.581925
v -0.578763 0.692742 0.512739
v -0.582414 0.687872 0.515974
v -0.580588 0.692089 0.514356
v -0.581925 0.690307 0.515540
v -0.636347 0.692742 0.439239
v -0.640361 0.687872 0.442010
v -0.638354 0.692089 0.440624
v -0.639824 0.690307 0.441638
v -0.684651 0.692742 0.359333
v -0.688971 0.687872 0.361600
v -0.686811 0.692089 0.360466
v -0.688392 0.690307 0.361296
v -0.722972 0.692742 0.274187
v -0.727533 0.687872 0.275917
v -0.725253 0.692089 0.275052
v -0.726922 0.690307 0.275685
v -0.750751 0.692742 0.185043
v -0.755487 0.687872 0.186211
v -0.753119 0.692089 0.185627
v -0.754852 0.690307 0.186054
v -0.767581 0.692742 0.093201
v -0.772424 0.687872 0.093789
v -0.770003 0.692089 0.093495
v -0.771775 0.690307 0.093710
v -0.773219 0.692742 -0.000000
v -0.778097 0.687872 -0.000000
v -0.775658 0.692089 -0.000000
v -0.777444 0.690307 -0.000000
v -0.767581 0.692742 -0.093201
v -0.772424 0.687872 -0.093789
v -0.770003 0.692089 -0.093495
v -0.771775 0.690307 -0.093710
v -0.750751 0.692742 -0.185043
v -0.755487 0.687872 -0.186211
v -0.753119 0.692089 -0.185627
v -0.754852 0.690307 -0.186054
v -0.722972 0.692742 -0.274187
v -0.727533 0.687872 -0.275917
v -0.725253 0.692089 -0.275052
v -0.726922 0.690307 -0.275685
v -0.684651 0.692742 -0.359333
v -0.688971 0.687872 -0.361600
v -0.686811 0.692089 -0.360466
v -0.688392 0.690307 -0.361296
v -0.636347 0.692742 -0.439239
v -0.640361 0.687872 -0.442010
v -0.638354 0.692089 -0.440624
v -0.639824 0.690307 -0.441638
v -0.578763 0.692742 -0.512739
v -0.582414 0.687872 -0.515974
v -0.580588 0.692089 -0.514356
v -0.581925 0.690307 -0.515540
v -0.512739 0.692742 -0.578763
v -0.515974 0.687872 -0.582414
v -0.514356 0.692089 -0.580588
v -0.515540 0.690307 -0.581925
v -0.439239 0.692742 -0.636347
v -0.442010 0.687872 -0.640361
v -0.440624 0.692089 -0.638354
v -0.441638 0.690307 -0.639824
v -0.359333 0.692742 -0.684651
v -0.361600 0.687872 -0.688971
v -0.360466 0.692089 -0.686811
v -0.361296 0.690307 -0.688392
v -0.274187 0.692742 -0.722972
v -0.275917 0.687872 -0.727533
v -0.275052 0.692089 -0.725253
v -0.275685 0.690307 -0.726922
v -0.185043 0.692742 -0.750751
v -0.186211 0.687872 -0.755487
v -0.185627 0.692089 -0.753119
v -0.186054 0.690307 -0.754852
v -0.093201 0.692742 -0.767581
v -0.093789 0.687872 -0.772424
v -0.093495 0.692089 -0.770003
v -0.093710 0.690307 -0.771775
v -0.000000 0.678736 -0.177361
v -0.000000 0.683605 -0.778097
v -0.000000 0.679388 -0.775658
v -0.000000 0.681170 -0.777444
v 0.093789 0.683605 -0.772424
v 0.021379 0.678736 -0.176068
v 0.093710 0.681170 -0.771775
v 0.093495 0.679388 -0.770003
v 0.186211 0.683605 -0.755487
v 0.042445 0.678736 -0.172207
v 0.186054 0.681170 -0.754853
v 0.185627 0.679388 -0.753119
v 0.275917 0.683605 -0.727533
v 0.062893 0.678736 -0.165835
v 0.275685 0.681170 -0.726922
v 0.275052 0.679388 -0.725253
v 0.361600 0.683605 -0.688971
v 0.082424 0.678736 -0.157045
v 0.361296 0.681170 -0.688392
v 0.360466 0.679388 -0.686811
v 0.442010 0.683605 -0.640361
v 0.100752 0.678736 -0.145965
v 0.441638 0.681170 -0.639824
v 0.440624 0.679388 -0.638354
v 0.515974 0.683605 -0.582414
v 0.117612 0.678736 -0.132757
v 0.515540 0.681170 -0.581925
v 0.514356 0.679388 -0.580588
v 0.582414 0.683605 -0.515974
v 0.132757 0.678736 -0.117612
v 0.581925 0.681170 -0.515540
v 0.580588 0.679388 -0.514356
v 0.640361 0.683605 -0.442010
v 0.145965 0.678736 -0.100752
v 0.639824 0.681170 -0.441638
v 0.638354 0.679388 -0.440624
v 0.688971 0.683605 -0.361600
v 0.157045 0.678736 -0.082424
v 0.688392 0.681170 -0.361296
v 0.686811 0.679388 -0.360466
v 0.727533 0.683605 -0.275917
v 0.165835 0.678736 -0.062893
v 0.726922 0.681170 -0.275685
v 0.725253 0.679388 -0.275052
v 0.755487 0.683605 -0.186211
v 0.172207 0.678736 -0.042445
v 0.754853 0.681170 -0.186054
v 0.753119 0.679388 -0.185627
v 0.772424 0.683605 -0.093789
v 0.176068 0.678736 -0.021379
v 0.771775 0.681170 -0.093710
v 0.770003 0.679388 -0.093495
v 0.778097 0.683605 -0.000000
v 0.177361 0.678736 -0.000000
v 0.777444 0.681170 -0.000000
v 0.775658 0.679388 -0.000000
v 0.772424 0.683605 0.093789
v 0.176068 0.678736 0.021379
v 0.771775 0.681170 0.093710
v 0.770003 0.679388 0.093495
v 0.755487 0.683605 0.186211
v 0.172207 0.678736 0.042445
v 0.754853 0.681170 0.186054
v 0.753119 0.679388 0.185627
v 0.727533 0.683605 0.275917
v 0.165835 0.678736 0.062893
v 0.726922 0.681170 0.275685
v 0.725253 0.679388 0.275052
v 0.688971 0.683605 0.361600
v 0.157045 0.678736 0.082424
v 0.688392 0.681170 0.361296
v 0.686811 0.679388 0.360466
v 0.640361 0.683605 0.442010
v 0.145965 0.678736 0.100752
v 0.639824 0.681170 0.441638
v 0.638354 0.679388 0.440624
v 0.582414 0.683605 0.515974
v 0.132757 0.678736 0.117612
v 0.581925 0.681170 0.515540
v 0.580588 0.679388 0.514356
v 0.515974 0.683605 0.582414
v 0.117612 0.678736 0.132757
v 0.515540 0.681170 0.581925
v 0.514356 0.679388 0.580588
v 0.442010 0.683605 0.640361
v 0.100752 0.678736 0.145965
v 0.441638 0.681170 0.639824
v 0.440624 0.679388 0.638354
v 0.361600 0.683605 0.688971
v 0.082424 0.678736 0.157045
v 0.361296 0.681170 0.688392
v 0.360466 0.679388 0.686811
v 0.275917 0.683605 0.727533
v 0.062893 0.678736 0.165835
v 0.275685 0.681170 0.726922
v 0.275052 0.679388 0.725253
v 0.186211 0.683605 0.755487
v 0.042445 0.678736 0.172207
v 0.186054 0.681170 0.754853
v 0.185627 0.679388 0.753119
v 0.093789 0.683605 0.772424
v 0.021379 0.678736 0.176068
v 0.093710 0.681170 0.771775
v 0.093495 0.679388 0.770003
v -0.000000 0.683605 0.778097
v -0.000000 0.678736 0.177361
v -0.000000 0.681170 0.777444
v -0.000000 0.679388 0.775658
v -0.093789 0.683605 0.772424
v -0.021379 0.678736 0.176068
v -0.093710 0.681170 0.771775
v -0.093495 0.679388 0.770003
v -0.186211 0.683605 0.755487
v -0.042445 0.678736 0.172207
v -0.186054 0.681170 0.754853
v -0.185627 0.679388 0.753119
v -0.275917 0.683605 0.727533
v -0.062893 0.678736 0.165835
v -0.275685 0.681170 0.726922
v -0.275052 0.679388 0.725253
v -0.361600 0.683605 0.688971
v -0.082424 0.678736 0.157045
v -0.361296 0.681170 0.688392
v -0.360466 0.679388 0.686811
v -0.442010 0.683605 0.640361
v -0.100752 0.678736 0.145965
v -0.441638 0.681170 0.639824
v -0.440624 0.679388 0.638354
v -0.515974 0.683605 0.582414
v -0.117612 0.678736 0.132757
v -0.515540 0.681170 0.581925
v -0.514356 0.679388 0.580588
v -0.582414 0.683605 0.515974
v -0.132757 0.678736 0.117612
v -0.581925 0.681170 0.515540
v -0.580588 0.679388 0.514356
v -0.640361 0.683605 0.442010
v -0.145965 0.678736 0.100752
v -0.639824 0.681170 0.441638
v -0.638354 0.679388 0.440624
v -0.688971 0.683605 0.361600
v -0.157045 0.678736 0.082424
v -0.688392 0.681170 0.361296
v -0.686811 0.679388 0.360466
v -0.727533 0.683605 0.275917
v -0.165835 0.678736 0.062893
v -0.726922 0.681170 0.275685
v -0.725253 0.679388 0.275052
v -0.755487 0.683605 0.186211
v -0.172207 0.678736 0.042445
v -0.754853 0.681170 0.186054
v -0.753119 0.679388 0.185627
v -0.772424 0.683605 0.093789
v -0.176068 0.678736 0.021379
v -0.771775 0.681170 0.093710
v -0.770003 0.679388 0.093495
v -0.778097 0.683605 -0.000000
v -0.177361 0.678736 -0.000000
v -0.777444 0.681170 -0.000000
v -0.775658 0.679388 -0.000000
v -0.772424 0.683605 -0.093789
v -0.176068 0.678736 -0.021379
v -0.771775 0.681170 -0.093710
v -0.770003 0.679388 -0.093495
v -0.755487 0.683605 -0.186211
v -0.172207 0.678736 -0.042445
v -0.754853 0.681170 -0.186054
v -0.753119 0.679388 -0.185627
v -0.727533 0.683605 -0.275917
v -0.165835 0.678736 -0.062893
v -0.726922 0.681170 -0.275685
v -0.725253 0.679388 -0.275052
v -0.688971 0.683605 -0.361600
v -0.157045 0.678736 -0.082424
v -0.688392 0.681170 -0.361296
v -0.686811 0.679388 -0.360466
v -0.640361 0.683605 -0.442010
v -0.145965 0.678736 -0.100752
v -0.639824 0.681170 -0.441638
v -0.638354 0.679388 -0.440624
v -0.582414 0.683605 -0.515974
v -0.132757 0.678736 -0.117612
v -0.581925 0.681170 -0.515540
v -0.580588 0.679388 -0.514356
v -0.515974 0.683605 -0.582414
v -0.117612 0.678736 -0.132757
v -0.515540 0.681170 -0.581925
v -0.514356 0.679388 -0.580588
v -0.442010 0.683605 -0.640361
v -0.100752 0.678736 -0.145965
v -0.441638 0.681170 -0.639824
v -0.440624 0.679388 -0.638354
v -0.361600 0.683605 -0.688971
v -0.082424 0.678736 -0.157045
v -0.361296 0.681170 -0.688392
v -0.360466 0.679388 -0.686811
v -0.275917 0.683605 -0.727533
v -0.062893 0.678736 -0.165835
v -0.275685 0.681170 -0.726922
v -0.275052 0.679388 -0.725253
v -0.186211 0.683605 -0.755487
v -0.042445 0.678736 -0.172207
v -0.186054 0.681170 -0.754853
v -0.185627 0.679388 -0.753119
v -0.093789 0.683605 -0.772424
v -0.021379 0.678736 -0.176068
v -0.093710 0.681170 -0.771775
v -0.093495 0.679388 -0.770003
v 0.095277 0.767453 -0.784680
v 0.095865 0.762584 -0.789523
v 0.095571 0.766801 -0.787102
v 0.095787 0.765019 -0.788874
v -0.000000 0.762584 -0.795322
v -0.000000 0.767453 -0.790444
v -0.000000 0.765019 -0.794668
v -0.000000 0.766801 -0.792883
v 0.189166 0.767453 -0.767475
v 0.190333 0.762584 -0.772211
v 0.189749 0.766801 -0.769843
v 0.190177 0.765019 -0.771576
v 0.280295 0.767453 -0.739078
v 0.282025 0.762584 -0.743639
v 0.281160 0.766801 -0.741358
v 0.281793 0.765019 -0.743028
v 0.367337 0.767453 -0.699903
v 0.369604 0.762584 -0.704222
v 0.368471 0.766801 -0.702063
v 0.369301 0.765019 -0.703644
v 0.449023 0.767453 -0.650522
v 0.451794 0.762584 -0.654537
v 0.450409 0.766801 -0.652530
v 0.451423 0.765019 -0.653999
v 0.524161 0.767453 -0.591655
v 0.527396 0.762584 -0.595307
v 0.525778 0.766801 -0.593481
v 0.526962 0.765019 -0.594818
v 0.591655 0.767453 -0.524161
v 0.595307 0.762584 -0.527396
v 0.593481 0.766801 -0.525778
v 0.594818 0.765019 -0.526962
v 0.650522 0.767453 -0.449023
v 0.654537 0.762584 -0.451794
v 0.652530 0.766801 -0.450409
v 0.653999 0.765019 -0.451423
v 0.699903 0.767453 -0.367337
v 0.704222 0.762584 -0.369604
v 0.702063 0.766801 -0.368471
v 0.703644 0.765019 -0.369301
v 0.739078 0.767453 -0.280295
v 0.743639 0.762584 -0.282025
v 0.741358 0.766801 -0.281160
v 0.743028 0.765019 -0.281793
v 0.767475 0.767453 -0.189166
v 0.772211 0.762584 -0.190333
v 0.769843 0.766801 -0.189749
v 0.771576 0.765019 -0.190177
v 0.784680 0.767453 -0.095277
v 0.789523 0.762584 -0.095865
v 0.787102 0.766801 -0.095571
v 0.788874 0.765019 -0.095787
v 0.790444 0.767453 -0.000000
v 0.795322 0.762584 -0.000000
v 0.792883 0.766801 -0.000000
v 0.794668 0.765019 -0.000000
v 0.784680 0.767453 0.095277
v 0.789523 0.762584 0.095865
v 0.787102 0.766801 0.095571
v 0.788874 0.765019 0.095787
v 0.767475 0.767453 0.189166
v 0.772211 0.762584 0.190333
v 0.769843 0.766801 0.189749
v 0.771576 0.765019 0.190177
v 0.739078 0.767453 0.280295
v 0.743639 0.762584 0.282025
v 0.741358 0.766801 0.281160
v 0.743028 0.765019 0.281793
v 0.699903 0.767453 0.367337
v 0.704222 0.762584 0.369604
v 0.702063 0.766801 0.368471
v 0.703644 0.765019 0.369301
v 0.650522 0.767453 0.449023
v 0.654537 0.762584 0.451794
v 0.652530 0.766801 0.450409
v 0.653999 0.765019 0.451423
v 0.591655 0.767453 0.524161
v 0.595307 0.762584 0.527396
v 0.593481 0.766801 0.525778
v 0.594818 0.765019 0.526962
v 0.524161 0.767453 0.591655
v 0.527396 0.762584 0.595307
v 0.525778 0.766801 0.593481
v 0.526962 0.765019 0.594818
v 0.449023 0.767453 0.650522
v 0.451794 0.762584 0.654537
v 0.450409 0.766801 0.652530
v 0.451423 0.765019 0.653999
v 0.367337 0.767453 0.699903
v 0.369604 0.762584 0.704222
v 0.368471 0.766801 0.702063
v 0.369301 0.765019 0.703644
v 0.280295 0.767453 0.739078
v 0.282025 0.762584 0.743639
v 0.281160 0.766801 0.741358
v 0.281793 0.765019 0.743028
v 0.189166 0.767453 0.767475
v 0.190333 0.762584 0.772211
v 0.189749 0.766801 0.769843
v 0.190177 0.765019 0.771576
v 0.095277 0.767453 0.784680
v 0.095865 0.762584 0.789523
v 0.095571 0.766801 0.787102
v 0.095787 0.765019 0.788874
v -0.000000 0.767453 0.790444
v -0.000000 0.762584 0.795322
v -0.000000 0.766801 0.792883
v -0.000000 0.765019 0.794668
v -0.095277 0.767453 0.784680
v -0.095865 0.762584 0.789523
v -0.095571 0.766801 0.787102
v -0.095787 0.765019 0.788874
v -0.189166 0.767453 0.767475
v -0.190333 0.762584 0.772211
v -0.189749 0.766801 0.769843
v -0.190177 0.765019 0.771576
v -0.280295 0.767453 0.739078
v -0.282025 0.762584 0.743639
v -0.281160 0.766801 0.741358
v -0.281793 0.765019 0.743028
v -0.367337 0.767453 0.699903
v -0.369604 0.762584 0.704222
v -0.368471 0.766801 0.702063
v -0.369301 0.765019 0.703644
v -0.449023 0.767453 0.650522
v -0.451794 0.762584 0.654537
v -0.450409 0.766801 0.652530
v -0.451423 0.765019 0.653999
v -0.524161 0.767453 0.591655
v -0.527396 0.762584 0.595307
v -0.525778 0.766801 0.593481
v -0.526962 0.765019 0.594818
v -0.591655 0.767453 0.524161
v -0.595307 0.762584 0.527396
v -0.593481 0.766801 0.525778
v -0.594818 0.765019 0.526962
v -0.650522 0.767453 0.449023
v -0.654537 0.762584 0.451794
v -0.652530 0.766801 0.450409
v -0.653999 0.765019 0.451423
v -0.699903 0.767453 0.367337
v -0.704222 0.762584 0.369604
v -0.702063 0.766801 0.368471
v -0.703644 0.765019 0.369301
v -0.739078 0.767453 0.280295
v -0.743639 0.762584 0.282025
v -0.741358 0.766801 0.281160
v -0.743028 0.765019 0.281793
v -0.767475 0.767453 0.189166
v -0.772211 0.762584 0.190333
v -0.769843 0.766801 0.189749
v -0.771576 0.765019 0.190177
v -0.784680 0.767453 0.095277
v -0.789523 0.762584 0.095865
v -0.787102 0.766801 0.095571
v -0.788874 0.765019 0.095787
v -0.790444 0.767453 -0.000000
v -0.795322 0.762584 -0.000000
v -0.792883 0.766801 -0.000000
v -0.794668 0.765019 -0.000000
v -0.784680 0.767453 -0.095277
v -0.789523 0.762584 -0.095865
v -0.787102 0.766801 -0.095571
v -0.788874 0.765019 -0.095787
v -0.767475 0.767453 -0.189166
v -0.772211 0.762584 -0.190333
v -0.769843 0.766801 -0.189749
v -0.771576 0.765019 -0.190177
v -0.739078 0.767453 -0.280295
v -0.743639 0.762584 -0.282025
v -0.741358 0.766801 -0.281160
v -0.743028 0.765019 -0.281793
v -0.699903 0.767453 -0.367337
v -0.704222 0.762584 -0.369604
v -0.702063 0.766801 -0.368471
v -0.703644 0.765019 -0.369301
v -0.650522 0.767453 -0.449023
v -0.654537 0.762584 -0.451794
v -0.652530 0.766801 -0.450409
v -0.653999 0.765019 -0.451423
v -0.591655 0.767453 -0.524161
v -0.595307 0.762584 -0.527396
v -0.593481 0.766801 -0.525778
v -0.594818 0.765019 -0.526962
v -0.524161 0.767453 -0.591655
v -0.527396 0.762584 -0.595307
v -0.525778 0.766801 -0.593481
v -0.526962 0.765019 -0.594818
v -0.449023 0.767453 -0.650522
v -0.451794 0.762584 -0.654537
v -0.450409 0.766801 -0.652530
v -0.451423 0.765019 -0.653999
v -0.367337 0.767453 -0.699903
v -0.369604 0.762584 -0.704222
v -0.368471 0.766801 -0.702063
v -0.369301 0.765019 -0.703644
v -0.280295 0.767453 -0.739078
v -0.282025 0.762584 -0.743639
v -0.281160 0.766801 -0.741358
v -0.281793 0.765019 -0.743028
v -0.189166 0.767453 -0.767475
v -0.190333 0.762584 -0.772211
v -0.189749 0.766801 -0.769843
v -0.190177 0.765019 -0.771576
v -0.095277 0.767453 -0.784680
v -0.095865 0.762584 -0.789523
v -0.095571 0.766801 -0.787102
v -0.095787 0.765019 -0.788874
v 0.093201 0.678736 -0.767581
v -0.000000 0.678736 -0.773219
v 0.185043 0.678736 -0.750751
v 0.274187 0.678736 -0.722972
v 0.359333 0.678736 -0.684651
v 0.439239 0.678736 -0.636347
v 0.512739 0.678736 -0.578763
v 0.578763 0.678736 -0.512739
v 0.636347 0.678736 -0.439239
v 0.684651 0.678736 -0.359333
v 0.722972 0.678736 -0.274187
v 0.750751 0.678736 -0.185043
v 0.767581 0.678736 -0.093201
v 0.773219 0.678736 -0.000000
v 0.767581 0.678736 0.093201
v 0.750751 0.678736 0.185043
v 0.722972 0.678736 0.274187
v 0.684651 0.678736 0.359333
v 0.636347 0.678736 0.439239
v 0.578763 0.678736 0.512739
v 0.512739 0.678736 0.578763
v 0.439239 0.678736 0.636347
v 0.359333 0.678736 0.684651
v 0.274187 0.678736 0.722972
v 0.185043 0.678736 0.750751
v 0.093201 0.678736 0.767581
v -0.000000 0.678736 0.773219
v -0.093201 0.678736 0.767581
v -0.185043 0.678736 0.750751
v -0.274187 0.678736 0.722972
v -0.359333 0.678736 0.684651
v -0.439239 0.678736 0.636347
v -0.512739 0.678736 0.578763
v -0.578763 0.678736 0.512739
v -0.636347 0.678736 0.439239
v -0.684651 0.678736 0.359333
v -0.722972 0.678736 0.274187
v -0.750751 0.678736 0.185043
v -0.767581 0.678736 0.093201
v -0.773219 0.678736 -0.000000
v -0.767581 0.678736 -0.093201
v -0.750751 0.678736 -0.185043
v -0.722972 0.678736 -0.274187
v -0.684651 0.678736 -0.359333
v -0.636347 0.678736 -0.439239
v -0.578763 0.678736 -0.512739
v -0.512739 0.678736 -0.578763
v -0.439239 0.678736 -0.636347
v -0.359333 0.678736 -0.684651
v -0.274187 0.678736 -0.722972
v -0.185043 0.678736 -0.750751
v -0.093201 0.678736 -0.767581
v 0.021379 0.645055 -0.176068
v -0.000000 0.645055 -0.177361
v 0.042445 0.645055 -0.172207
v 0.062893 0.645055 -0.165835
v 0.082424 0.645055 -0.157045
v 0.100752 0.645055 -0.145965
v 0.117612 0.645055 -0.132757
v 0.132757 0.645055 -0.117612
v 0.145965 0.645055 -0.100752
v 0.157045 0.645055 -0.082424
v 0.165835 0.645055 -0.062893
v 0.172207 0.645055 -0.042445
v 0.176068 0.645055 -0.021379
v 0.177361 0.645055 -0.000000
v 0.176068 0.645055 0.021379
v 0.172207 0.645055 0.042445
v 0.165835 0.645055 0.062893
v 0.157045 0.645055 0.082424
v 0.145965 0.645055 0.100752
v 0.132757 0.645055 0.117612
v 0.117612 0.645055 0.132757
v 0.100752 0.645055 0.145965
v 0.082424 0.645055 0.157045
v 0.062893 0.645055 0.165835
v 0.042445 0.645055 0.172207
v 0.021379 0.645055 0.176068
v -0.000000 0.645055 0.177361
v -0.021379 0.645055 0.176068
v -0.042445 0.645055 0.172207
v -0.062893 0.645055 0.165835
v -0.082424 0.645055 0.157045
v -0.100752 0.645055 0.145965
v -0.117612 0.645055 0.132757
v -0.132757 0.645055 0.117612
v -0.145965 0.645055 0.100752
v -0.157045 0.645055 0.082424
v -0.165835 0.645055 0.062893
v -0.172207 0.645055 0.042445
v -0.176068 0.645055 0.021379
v -0.177361 0.645055 -0.000000
v -0.176068 0.645055 -0.021379
v -0.172207 0.645055 -0.042445
v -0.165835 0.645055 -0.062893
v -0.157045 0.645055 -0.082424
v -0.145965 0.645055 -0.100752
v -0.132757 0.645055 -0.117612
v -0.117612 0.645055 -0.132757
v -0.100752 0.645055 -0.145965
v -0.082424 0.645055 -0.157045
v -0.062893 0.645055 -0.165835
v -0.042445 0.645055 -0.172207
v -0.021379 0.645055 -0.176068
v 0.012999 0.500467 -0.107053
v -0.000000 0.500467 -0.107839
v 0.025807 0.500467 -0.104706
v 0.038240 0.500467 -0.100831
v 0.050115 0.500467 -0.095487
v 0.061260 0.500467 -0.088750
v 0.071510 0.500467 -0.080719
v 0.080719 0.500467 -0.071510
v 0.088750 0.500467 -0.061260
v 0.095487 0.500467 -0.050115
v 0.100831 0.500467 -0.038240
v 0.104705 0.500467 -0.025807
v 0.107053 0.500467 -0.012999
v 0.107839 0.500467 -0.000000
v 0.107053 0.500467 0.012999
v 0.104706 0.500467 0.025807
v 0.100831 0.500467 0.038240
v 0.095487 0.500467 0.050115
v 0.088750 0.500467 0.061260
v 0.080719 0.500467 0.071510
v 0.071510 0.500467 0.080719
v 0.061260 0.500467 0.088750
v 0.050115 0.500467 0.095487
v 0.038240 0.500467 0.100831
v 0.025807 0.500467 0.104706
v 0.012999 0.500467 0.107053
v -0.000000 0.500467 0.107839
v -0.012999 0.500467 0.107053
v -0.025807 0.500467 0.104706
v -0.038240 0.500467 0.100831
v -0.050115 0.500467 0.095487
v -0.061260 0.500467 0.088750
v -0.071510 0.500467 0.080719
v -0.080719 0.500467 0.071510
v -0.088750 0.500467 0.061260
v -0.095487 0.500467 0.050115
v -0.100831 0.500467 0.038240
v -0.104705 0.500467 0.025807
v -0.107053 0.500467 0.012999
v -0.107839 0.500467 -0.000000
v -0.107053 0.500467 -0.012999
v -0.104706 0.500467 -0.025807
v -0.100831 0.500467 -0.038240
v -0.095487 0.500467 -0.050115
v -0.088750 0.500467 -0.061260
v -0.080719 0.500467 -0.071510
v -0.071510 0.500467 -0.080719
v -0.061260 0.500467 -0.088750
v -0.050115 0.500467 -0.095487
v -0.038240 0.500467 -0.100831
v -0.025807 0.500467 -0.104705
v -0.012999 0.500467 -0.107053
v 0.014445 0.490221 -0.118962
v -0.000000 0.490221 -0.119836
v 0.028678 0.490221 -0.116354
v 0.042495 0.490221 -0.112049
v 0.055691 0.490221 -0.106110
v 0.068075 0.490221 -0.098623
v 0.079466 0.490221 -0.089699
v 0.089699 0.490221 -0.079466
v 0.098623 0.490221 -0.068075
v 0.106110 0.490221 -0.055691
v 0.112049 0.490221 -0.042495
v 0.116354 0.490221 -0.028678
v 0.118962 0.490221 -0.014445
v 0.119836 0.490221 -0.000000
v 0.118962 0.490221 0.014445
v 0.116354 0.490221 0.028678
v 0.112049 0.490221 0.042495
v 0.106110 0.490221 0.055691
v 0.098623 0.490221 0.068075
v 0.089699 0.490221 0.079466
v 0.079466 0.490221 0.089699
v 0.068075 0.490221 0.098623
v 0.055691 0.490221 0.106110
v 0.042495 0.490221 0.112049
v 0.028678 0.490221 0.116354
v 0.014445 0.490221 0.118962
v -0.000000 0.490221 0.119836
v -0.014445 0.490221 0.118962
v -0.028678 0.490221 0.116354
v -0.042495 0.490221 0.112049
v -0.055691 0.490221 0.106110
v -0.068075 0.490221 0.098623
v -0.079466 0.490221 0.089699
v -0.089699 0.490221 0.079466
v -0.098623 0.490221 0.068075
v -0.106110 0.490221 0.055691
v -0.112049 0.490221 0.042495
v -0.116354 0.490221 0.028678
v -0.118962 0.490221 0.014445
v -0.119836 0.490221 -0.000000
v -0.118962 0.490221 -0.014445
v -0.116354 0.490221 -0.028678
v -0.112049 0.490221 -0.042495
v -0.106110 0.490221 -0.055691
v -0.098623 0.490221 -0.068075
v -0.089699 0.490221 -0.079466
v -0.079466 0.490221 -0.089699
v -0.068075 0.490221 -0.098623
v -0.055691 0.490221 -0.106110
v -0.042495 0.490221 -0.112049
v -0.028678 0.490221 -0.116354
v -0.014445 0.490221 -0.118962
v 0.014445 0.402526 -0.118962
v -0.000000 0.402526 -0.119836
v 0.028678 0.402526 -0.116354
v 0.042495 0.402526 -0.112049
v 0.055691 0.402526 -0.106110
v 0.068075 0.402526 -0.098623
v 0.079466 0.402526 -0.089699
v 0.089699 0.402526 -0.079466
v 0.098623 0.402526 -0.068075
v 0.106110 0.402526 -0.055691
v 0.112049 0.402526 -0.042495
v 0.116354 0.402526 -0.028678
v 0.118962 0.402526 -0.014445
v 0.119836 0.402526 -0.000000
v 0.118962 0.402526 0.014445
v 0.116354 0.402526 0.028678
v 0.112049 0.402526 0.042495
v 0.106110 0.402526 0.055691
v 0.098623 0.402526 0.068075
v 0.089699 0.402526 0.079466
v 0.079466 0.402526 0.089699
v 0.068075 0.402526 0.098623
v 0.055691 0.402526 0.106110
v 0.042495 0.402526 0.112049
v 0.028678 0.402526 0.116354
v 0.014445 0.402526 0.118962
v -0.000000 0.402526 0.119836
v -0.014445 0.402526 0.118962
v -0.028678 0.402526 0.116354
v -0.042495 0.402526 0.112049
v -0.055691 0.402526 0.106110
v -0.068075 0.402526 0.098623
v -0.079466 0.402526 0.089699
v -0.089699 0.402526 0.079466
v -0.098623 0.402526 0.068075
v -0.106110 0.402526 0.055691
v -0.112049 0.402526 0.042495
v -0.116354 0.402526 0.028678
v -0.118962 0.402526 0.014445
v -0.119836 0.402526 -0.000000
v -0.118962 0.402526 -0.014445
v -0.116354 0.402526 -0.028678
v -0.112049 0.402526 -0.042495
v -0.106110 0.402526 -0.055691
v -0.098623 0.402526 -0.068075
v -0.089699 0.402526 -0.079466
v -0.079466 0.402526 -0.089699
v -0.068075 0.402526 -0.098623
v -0.055691 0.402526 -0.106110
v -0.042495 0.402526 -0.112049
v -0.028678 0.402526 -0.116354
v -0.014445 0.402526 -0.118962
v 0.012475 0.382309 -0.102743
v -0.000000 0.382309 -0.103497
v 0.024768 0.382309 -0.100490
v 0.036701 0.382309 -0.096771
v 0.048098 0.382309 -0.091642
v 0.058793 0.382309 -0.085176
v 0.068631 0.382309 -0.077469
v 0.077469 0.382309 -0.068631
v 0.085177 0.382309 -0.058793
v 0.091642 0.382309 -0.048098
v 0.096771 0.382309 -0.036701
v 0.100490 0.382309 -0.024768
v 0.102743 0.382309 -0.012475
v 0.103497 0.382309 -0.000000
v 0.102743 0.382309 0.012475
v 0.100490 0.382309 0.024768
v 0.096771 0.382309 0.036701
v 0.091642 0.382309 0.048098
v 0.085176 0.382309 0.058793
v 0.077469 0.382309 0.068631
v 0.068631 0.382309 0.077469
v 0.058793 0.382309 0.085177
v 0.048098 0.382309 0.091642
v 0.036701 0.382309 0.096771
v 0.024768 0.382309 0.100490
v 0.012475 0.382309 0.102743
v -0.000000 0.382309 0.103497
v -0.012475 0.382309 0.102743
v -0.024768 0.382309 0.100490
v -0.036701 0.382309 0.096771
v -0.048098 0.382309 0.091642
v -0.058793 0.382309 0.085176
v -0.068631 0.382309 0.077469
v -0.077469 0.382309 0.068631
v -0.085177 0.382309 0.058793
v -0.091642 0.382309 0.048098
v -0.096771 0.382309 0.036701
v -0.100490 0.382309 0.024768
v -0.102743 0.382309 0.012475
v -0.103497 0.382309 -0.000000
v -0.102743 0.382309 -0.012475
v -0.100490 0.382309 -0.024768
v -0.096771 0.382309 -0.036701
v -0.091642 0.382309 -0.048098
v -0.085176 0.382309 -0.058793
v -0.077469 0.382309 -0.068631
v -0.068631 0.382309 -0.077469
v -0.058793 0.382309 -0.085177
v -0.048098 0.382309 -0.091642
v -0.036701 0.382309 -0.096771
v -0.024768 0.382309 -0.100490
v -0.012475 0.382309 -0.102743
v 0.014242 0.358713 -0.117292
v -0.000000 0.358713 -0.118153
v 0.028276 0.358713 -0.114720
v 0.041898 0.358713 -0.110475
v 0.054909 0.358713 -0.104620
v 0.067119 0.358713 -0.097238
v 0.078350 0.358713 -0.088439
v 0.088439 0.358713 -0.078350
v 0.097238 0.358713 -0.067119
v 0.104620 0.358713 -0.054909
v 0.110475 0.358713 -0.041898
v 0.114720 0.358713 -0.028276
v 0.117292 0.358713 -0.014242
v 0.118153 0.358713 -0.000000
v 0.117292 0.358713 0.014242
v 0.114720 0.358713 0.028276
v 0.110475 0.358713 0.041898
v 0.104620 0.358713 0.054909
v 0.097238 0.358713 0.067119
v 0.088439 0.358713 0.078350
v 0.078350 0.358713 0.088439
v 0.067119 0.358713 0.097238
v 0.054909 0.358713 0.104620
v 0.041898 0.358713 0.110475
v 0.028276 0.358713 0.114720
v 0.014242 0.358713 0.117292
v -0.000000 0.358713 0.118153
v -0.014242 0.358713 0.117292
v -0.028276 0.358713 0.114720
v -0.041898 0.358713 0.110475
v -0.054909 0.358713 0.104620
v -0.067119 0.358713 0.097238
v -0.078350 0.358713 0.088439
v -0.088439 0.358713 0.078350
v -0.097238 0.358713 0.067119
v -0.104620 0.358713 0.054909
v -0.110475 0.358713 0.041898
v -0.114720 0.358713 0.028276
v -0.117292 0.358713 0.014242
v -0.118153 0.358713 -0.000000
v -0.117292 0.358713 -0.014242
v -0.114720 0.358713 -0.028276
v -0.110475 0.358713 -0.041898
v -0.104620 0.358713 -0.054909
v -0.097238 0.358713 -0.067119
v -0.088439 0.358713 -0.078350
v -0.078350 0.358713 -0.088439
v -0.067119 0.358713 -0.097238
v -0.054909 0.358713 -0.104620
v -0.041898 0.358713 -0.110475
v -0.028276 0.358713 -0.114720
v -0.014242 0.358713 -0.117292
v 0.014242 0.347642 -0.117292
v -0.000000 0.347642 -0.118153
v 0.028276 0.347642 -0.114720
v 0.041898 0.347642 -0.110475
v 0.054909 0.347642 -0.104620
v 0.067119 0.347642 -0.097238
v 0.078350 0.347642 -0.088439
v 0.088439 0.347642 -0.078350
v 0.097238 0.347642 -0.067119
v 0.104620 0.347642 -0.054909
v 0.110475 0.347642 -0.041898
v 0.114720 0.347642 -0.028276
v 0.117292 0.347642 -0.014242
v 0.118153 0.347642 -0.000000
v 0.117292 0.347642 0.014242
v 0.114720 0.347642 0.028276
v 0.110475 0.347642 0.041898
v 0.104620 0.347642 0.054909
v 0.097238 0.347642 0.067119
v 0.088439 0.347642 0.078350
v 0.078350 0.347642 0.088439
v 0.067119 0.347642 0.097238
v 0.054909 0.347642 0.104620
v 0.041898 0.347642 0.110475
v 0.028276 0.347642 0.114720
v 0.014242 0.347642 0.117292
v -0.000000 0.347642 0.118153
v -0.014242 0.347642 0.117292
v -0.028276 0.347642 0.114720
v -0.041898 0.347642 0.110475
v -0.054909 0.347642 0.104620
v -0.067119 0.347642 0.097238
v -0.078350 0.347642 0.088439
v -0.088439 0.347642 0.078350
v -0.097238 0.347642 0.067119
v -0.104620 0.347642 0.054909
v -0.110475 0.347642 0.041898
v -0.114720 0.347642 0.028276
v -0.117292 0.347642 0.014242
v -0.118153 0.347642 -0.000000
v -0.117292 0.347642 -0.014242
v -0.114720 0.347642 -0.028276
v -0.110475 0.347642 -0.041898
v -0.104620 0.347642 -0.054909
v -0.097238 0.347642 -0.067119
v -0.088439 0.347642 -0.078350
v -0.078350 0.347642 -0.088439
v -0.067119 0.347642 -0.097238
v -0.054909 0.347642 -0.104620
v -0.041898 0.347642 -0.110475
v -0.028276 0.347642 -0.114720
v -0.014242 0.347642 -0.117292
v 0.017033 0.316684 -0.140275
v -0.000000 0.316684 -0.141306
v 0.033816 0.316684 -0.137199
v 0.050108 0.316684 -0.132123
v 0.065668 0.316684 -0.125120
v 0.080271 0.316684 -0.116292
v 0.093703 0.316684 -0.105769
v 0.105769 0.316684 -0.093703
v 0.116292 0.316684 -0.080271
v 0.125120 0.316684 -0.065668
v 0.132123 0.316684 -0.050108
v 0.137199 0.316684 -0.033816
v 0.140275 0.316684 -0.017033
v 0.141306 0.316684 -0.000000
v 0.140275 0.316684 0.017033
v 0.137199 0.316684 0.033816
v 0.132123 0.316684 0.050108
v 0.125120 0.316684 0.065668
v 0.116292 0.316684 0.080271
v 0.105769 0.316684 0.093703
v 0.093703 0.316684 0.105769
v 0.080271 0.316684 0.116292
v 0.065668 0.316684 0.125120
v 0.050108 0.316684 0.132123
v 0.033816 0.316684 0.137199
v 0.017033 0.316684 0.140275
v -0.000000 0.316684 0.141306
v -0.017033 0.316684 0.140275
v -0.033816 0.316684 0.137199
v -0.050108 0.316684 0.132123
v -0.065668 0.316684 0.125120
v -0.080271 0.316684 0.116292
v -0.093703 0.316684 0.105769
v -0.105769 0.316684 0.093703
v -0.116292 0.316684 0.080271
v -0.125120 0.316684 0.065668
v -0.132123 0.316684 0.050108
v -0.137199 0.316684 0.033816
v -0.140275 0.316684 0.017033
v -0.141306 0.316684 -0.000000
v -0.140275 0.316684 -0.017033
v -0.137199 0.316684 -0.033816
v -0.132123 0.316684 -0.050108
v -0.125120 0.316684 -0.065668
v -0.116292 0.316684 -0.080271
v -0.105769 0.316684 -0.093703
v -0.093703 0.316684 -0.105769
v -0.080271 0.316684 -0.116292
v -0.065668 0.316684 -0.125120
v -0.050108 0.316684 -0.132123
v -0.033816 0.316684 -0.137199
v -0.017033 0.316684 -0.140275
v 0.017033 0.150754 -0.140275
v 0.016344 0.145049 -0.134601
v 0.000000 0.145049 -0.135590
v 0.000000 0.150754 -0.141306
v 0.033816 0.150754 -0.137199
v 0.032449 0.145049 -0.131650
v 0.050108 0.150754 -0.132123
v 0.048081 0.145049 -0.126779
v 0.065668 0.150754 -0.125120
v 0.063012 0.145049 -0.120059
v 0.080271 0.150754 -0.116292
v 0.077024 0.145049 -0.111588
v 0.093703 0.150754 -0.105769
v 0.089913 0.145049 -0.101491
v 0.105769 0.150754 -0.093703
v 0.101491 0.145049 -0.089913
v 0.116292 0.150754 -0.080271
v 0.111589 0.145049 -0.077024
v 0.125120 0.150754 -0.065668
v 0.120059 0.145049 -0.063012
v 0.132123 0.150754 -0.050108
v 0.126779 0.145049 -0.048081
v 0.137199 0.150754 -0.033816
v 0.131650 0.145049 -0.032449
v 0.140275 0.150754 -0.017033
v 0.134602 0.145049 -0.016344
v 0.141306 0.150754 -0.000000
v 0.135590 0.145049 0.000000
v 0.140275 0.150754 0.017033
v 0.134601 0.145049 0.016344
v 0.137200 0.150754 0.033816
v 0.131650 0.145049 0.032449
v 0.132123 0.150754 0.050108
v 0.126779 0.145049 0.048081
v 0.125120 0.150754 0.065668
v 0.120059 0.145049 0.063012
v 0.116292 0.150754 0.080271
v 0.111588 0.145049 0.077024
v 0.105769 0.150754 0.093703
v 0.101491 0.145049 0.089913
v 0.093703 0.150754 0.105769
v 0.089913 0.145049 0.101491
v 0.080271 0.150754 0.116292
v 0.077024 0.145049 0.111589
v 0.065668 0.150754 0.125120
v 0.063012 0.145049 0.120059
v 0.050108 0.150754 0.132123
v 0.048081 0.145049 0.126779
v 0.033816 0.150754 0.137199
v 0.032449 0.145049 0.131650
v 0.017033 0.150754 0.140275
v 0.016344 0.145049 0.134601
v 0.000000 0.150754 0.141306
v 0.000000 0.145049 0.135590
v -0.017033 0.150754 0.140275
v -0.016343 0.145049 0.134601
v -0.033816 0.150754 0.137199
v -0.032449 0.145049 0.131650
v -0.050108 0.150754 0.132123
v -0.048081 0.145049 0.126779
v -0.065668 0.150754 0.125120
v -0.063012 0.145049 0.120059
v -0.080271 0.150754 0.116292
v -0.077024 0.145049 0.111588
v -0.093703 0.150754 0.105769
v -0.089913 0.145049 0.101491
v -0.105769 0.150754 0.093703
v -0.101491 0.145049 0.089913
v -0.116292 0.150754 0.080271
v -0.111588 0.145049 0.077024
v -0.125120 0.150754 0.065668
v -0.120059 0.145049 0.063012
v -0.132123 0.150754 0.050108
v -0.126779 0.145049 0.048081
v -0.137199 0.150754 0.033816
v -0.131650 0.145049 0.032449
v -0.140275 0.150754 0.017033
v -0.134601 0.145049 0.016344
v -0.141305 0.150754 -0.000000
v -0.135590 0.145049 0.000000
v -0.140275 0.150754 -0.017033
v -0.134601 0.145049 -0.016344
v -0.137199 0.150754 -0.033816
v -0.131650 0.145049 -0.032449
v -0.132123 0.150754 -0.050108
v -0.126779 0.145049 -0.048081
v -0.125120 0.150754 -0.065668
v -0.120059 0.145049 -0.063012
v -0.116292 0.150754 -0.080271
v -0.111588 0.145049 -0.077024
v -0.105769 0.150754 -0.093703
v -0.101491 0.145049 -0.089913
v -0.093703 0.150754 -0.105769
v -0.089913 0.145049 -0.101491
v -0.080271 0.150754 -0.116292
v -0.077024 0.145049 -0.111589
v -0.065668 0.150754 -0.125120
v -0.063012 0.145049 -0.120059
v -0.050108 0.150754 -0.132123
v -0.048081 0.145049 -0.126779
v -0.033816 0.150754 -0.137199
v -0.032448 0.145049 -0.131650
v -0.017033 0.150754 -0.140275
v -0.016344 0.145049 -0.134601
v 0.133197 0.202272 0.015051
v 0.133197 0.274683 0.015051
v 0.133197 0.202272 -0.015051
v 0.133197 0.274683 -0.015051
v 0.370112 0.097753 0.015051
v 0.370112 0.122823 0.015051
v 0.370112 0.097753 -0.015051
v 0.370112 0.122823 -0.015051
v 0.226990 0.156651 -0.015051
v 0.166153 0.190239 -0.015051
v 0.199185 0.213344 -0.015051
v 0.216781 0.163894 -0.015051
v 0.204338 0.171608 -0.015051
v 0.190879 0.179039 -0.015051
v 0.177721 0.185459 -0.015051
v 0.166153 0.262651 -0.015051
v 0.225205 0.226936 -0.015051
v 0.199185 0.215425 -0.015051
v 0.177634 0.257766 -0.015051
v 0.190538 0.251044 -0.015051
v 0.203602 0.243143 -0.015051
v 0.215547 0.234836 -0.015051
v 0.166153 0.190239 0.015051
v 0.226990 0.156651 0.015051
v 0.199185 0.213344 0.015051
v 0.177721 0.185459 0.015051
v 0.190879 0.179039 0.015051
v 0.204338 0.171608 0.015051
v 0.216781 0.163894 0.015051
v 0.225205 0.226936 0.015051
v 0.166153 0.262651 0.015051
v 0.199185 0.215425 0.015051
v 0.215547 0.234836 0.015051
v 0.203602 0.243143 0.015051
v 0.190538 0.251044 0.015051
v 0.177634 0.257766 0.015051
v 0.264090 0.180568 -0.015051
v 0.314467 0.144460 -0.015051
v 0.284649 0.124061 -0.015051
v 0.271903 0.172425 -0.015051
v 0.281869 0.163945 -0.015051
v 0.293014 0.155957 -0.015051
v 0.304246 0.149242 -0.015051
v 0.314467 0.144460 0.015051
v 0.264090 0.180568 0.015051
v 0.284649 0.124061 0.015051
v 0.304246 0.149242 0.015051
v 0.293014 0.155957 0.015051
v 0.281869 0.163945 0.015051
v 0.271903 0.172425 0.015051
v 0.264742 0.127421 0.015051
v 0.307659 0.101792 0.015051
v 0.284649 0.124011 0.015051
v 0.272020 0.122158 0.015051
v 0.280837 0.116410 0.015051
v 0.290332 0.110740 0.015051
v 0.299574 0.105703 0.015051
v 0.307659 0.101792 -0.015051
v 0.264742 0.127421 -0.015051
v 0.284649 0.124011 -0.015051
v 0.299574 0.105703 -0.015051
v 0.290332 0.110740 -0.015051
v 0.280837 0.116410 -0.015051
v 0.272020 0.122158 -0.015051
v -0.131955 0.202272 0.015051
v -0.131955 0.274683 0.015051
v -0.131955 0.202272 -0.015051
v -0.131955 0.274683 -0.015051
v -0.368871 0.097753 0.015051
v -0.368871 0.122823 0.015051
v -0.368871 0.097753 -0.015051
v -0.368871 0.122823 -0.015051
v -0.225748 0.156651 -0.015051
v -0.164911 0.190239 -0.015051
v -0.197943 0.213344 -0.015051
v -0.215539 0.163894 -0.015051
v -0.203096 0.171608 -0.015051
v -0.189637 0.179039 -0.015051
v -0.176479 0.185459 -0.015051
v -0.164911 0.262651 -0.015051
v -0.223963 0.226936 -0.015051
v -0.197943 0.215425 -0.015051
v -0.176392 0.257766 -0.015051
v -0.189296 0.251044 -0.015051
v -0.202360 0.243143 -0.015051
v -0.214306 0.234836 -0.015051
v -0.164911 0.190239 0.015051
v -0.225748 0.156651 0.015051
v -0.197943 0.213344 0.015051
v -0.176479 0.185459 0.015051
v -0.189637 0.179039 0.015051
v -0.203096 0.171608 0.015051
v -0.215539 0.163894 0.015051
v -0.223963 0.226936 0.015051
v -0.164911 0.262651 0.015051
v -0.197943 0.215425 0.015051
v -0.214306 0.234836 0.015051
v -0.202360 0.243143 0.015051
v -0.189296 0.251044 0.015051
v -0.176392 0.257766 0.015051
v -0.262849 0.180568 -0.015051
v -0.313225 0.144460 -0.015051
v -0.283407 0.124061 -0.015051
v -0.270661 0.172425 -0.015051
v -0.280627 0.163945 -0.015051
v -0.291772 0.155957 -0.015051
v -0.303005 0.149242 -0.015051
v -0.313225 0.144460 0.015051
v -0.262849 0.180568 0.015051
v -0.283407 0.124061 0.015051
v -0.303005 0.149242 0.015051
v -0.291772 0.155957 0.015051
v -0.280627 0.163945 0.015051
v -0.270661 0.172425 0.015051
v -0.263500 0.127421 0.015051
v -0.306417 0.101792 0.015051
v -0.283407 0.124011 0.015051
v -0.270778 0.122158 0.015051
v -0.279595 0.116410 0.015051
v -0.289090 0.110740 0.015051
v -0.298332 0.105703 0.015051
v -0.306417 0.101792 -0.015051
v -0.263500 0.127421 -0.015051
v -0.283407 0.124011 -0.015051
v -0.298332 0.105703 -0.015051
v -0.289090 0.110740 -0.015051
v -0.279595 0.116410 -0.015051
v -0.270778 0.122158 -0.015051
v 0.015671 0.202272 -0.132576
v 0.015671 0.274683 -0.132576
v -0.014430 0.202272 -0.132576
v -0.014430 0.274683 -0.132576
v 0.015671 0.097753 -0.369492
v 0.015671 0.122823 -0.369492
v -0.014430 0.097753 -0.369492
v -0.014430 0.122823 -0.369492
v -0.014430 0.156651 -0.226369
v -0.014430 0.190239 -0.165532
v -0.014430 0.213344 -0.198564
v -0.014430 0.163894 -0.216160
v -0.014430 0.171608 -0.203717
v -0.014430 0.179039 -0.190258
v -0.014430 0.185459 -0.177100
v -0.014430 0.262651 -0.165532
v -0.014430 0.226936 -0.224584
v -0.014430 0.215425 -0.198564
v -0.014430 0.257766 -0.177013
v -0.014430 0.251044 -0.189917
v -0.014430 0.243143 -0.202981
v -0.014430 0.234836 -0.214926
v 0.015671 0.190239 -0.165532
v 0.015671 0.156651 -0.226369
v 0.015671 0.213344 -0.198564
v 0.015671 0.185459 -0.177100
v 0.015671 0.179039 -0.190258
v 0.015671 0.171608 -0.203717
v 0.015671 0.163894 -0.216160
v 0.015671 0.226936 -0.224584
v 0.015671 0.262651 -0.165532
v 0.015671 0.215425 -0.198564
v 0.015671 0.234836 -0.214926
v 0.015671 0.243143 -0.202981
v 0.015671 0.251044 -0.189917
v 0.015671 0.257766 -0.177013
v -0.014430 0.180568 -0.263469
v -0.014430 0.144460 -0.313846
v -0.014430 0.124061 -0.284028
v -0.014430 0.172425 -0.271282
v -0.014430 0.163945 -0.281248
v -0.014430 0.155957 -0.292393
v -0.014430 0.149242 -0.303625
v 0.015671 0.144460 -0.313846
v 0.015671 0.180568 -0.263469
v 0.015671 0.124061 -0.284028
v 0.015671 0.149242 -0.303625
v 0.015671 0.155957 -0.292393
v 0.015671 0.163945 -0.281248
v 0.015671 0.172425 -0.271282
v 0.015671 0.127421 -0.264121
v 0.015671 0.101792 -0.307038
v 0.015671 0.124011 -0.284028
v 0.015671 0.122158 -0.271399
v 0.015671 0.116410 -0.280216
v 0.015671 0.110740 -0.289711
v 0.015671 0.105703 -0.298953
v -0.014430 0.101792 -0.307038
v -0.014430 0.127421 -0.264121
v -0.014430 0.124011 -0.284028
v -0.014430 0.105703 -0.298953
v -0.014430 0.110740 -0.289711
v -0.014430 0.116410 -0.280216
v -0.014430 0.122158 -0.271399
v 0.015671 0.202272 0.132576
v 0.015671 0.274683 0.132576
v -0.014430 0.202272 0.132576
v -0.014430 0.274683 0.132576
v 0.015671 0.097753 0.369492
v 0.015671 0.122823 0.369492
v -0.014430 0.097753 0.369492
v -0.014430 0.122823 0.369492
v -0.014430 0.156651 0.226369
v -0.014430 0.190239 0.165532
v -0.014430 0.213344 0.198564
v -0.014430 0.163894 0.216160
v -0.014430 0.171608 0.203717
v -0.014430 0.179039 0.190258
v -0.014430 0.185459 0.177100
v -0.014430 0.262651 0.165532
v -0.014430 0.226936 0.224584
v -0.014430 0.215425 0.198564
v -0.014430 0.257766 0.177013
v -0.014430 0.251044 0.189917
v -0.014430 0.243143 0.202981
v -0.014430 0.234836 0.214926
v 0.015671 0.190239 0.165532
v 0.015671 0.156651 0.226369
v 0.015671 0.213344 0.198564
v 0.015671 0.185459 0.177100
v 0.015671 0.179039 0.190258
v 0.015671 0.171608 0.203717
v 0.015671 0.163894 0.216160
v 0.015671 0.226936 0.224584
v 0.015671 0.262651 0.165532
v 0.015671 0.215425 0.198564
v 0.015671 0.234836 0.214926
v 0.015671 0.243143 0.202981
v 0.015671 0.251044 0.189917
v 0.015671 0.257766 0.177013
v -0.014430 0.180568 0.263469
v -0.014430 0.144460 0.313846
v -0.014430 0.124061 0.284028
v -0.014430 0.172425 0.271282
v -0.014430 0.163945 0.281248
v -0.014430 0.155957 0.292393
v -0.014430 0.149242 0.303625
v 0.015671 0.144460 0.313846
v 0.015671 0.180568 0.263469
v 0.015671 0.124061 0.284028
v 0.015671 0.149242 0.303625
v 0.015671 0.155957 0.292393
v 0.015671 0.163945 0.281248
v 0.015671 0.172425 0.271282
v 0.015671 0.127421 0.264121
v 0.015671 0.101792 0.307038
v 0.015671 0.124011 0.284028
v 0.015671 0.122158 0.271399
v 0.015671 0.116410 0.280216
v 0.015671 0.110740 0.289711
v 0.015671 0.105703 0.298953
v -0.014430 0.101792 0.307038
v -0.014430 0.127421 0.264121
v -0.014430 0.124011 0.284028
v -0.014430 0.105703 0.298953
v -0.014430 0.110740 0.289711
v -0.014430 0.116410 0.280216
v -0.014430 0.122158 0.271399
vn -0.0000 1.0000 -0.0000
vn 0.9514 -0.3081 -0.0000
vn 0.9444 -0.3081 0.1147
vn -0.4421 -0.3081 -0.8424
vn -0.3374 -0.3081 -0.8895
vn 0.4421 -0.3081 0.8424
vn 0.3374 -0.3081 0.8895
vn -0.5404 -0.3081 0.7830
vn -0.6309 -0.3081 0.7121
vn 0.5404 -0.3081 -0.7830
vn 0.6309 -0.3081 -0.7121
vn -0.9444 -0.3081 -0.1147
vn -0.9237 -0.3081 -0.2277
vn 0.9237 -0.3081 0.2277
vn -0.2277 -0.3081 -0.9237
vn 0.2277 -0.3081 0.9237
vn -0.7121 -0.3081 0.6309
vn 0.7121 -0.3081 -0.6309
vn -0.8895 -0.3081 -0.3374
vn 0.8895 -0.3081 0.3374
vn -0.1147 -0.3081 -0.9444
vn 0.1147 -0.3081 0.9444
vn -0.7830 -0.3081 0.5404
vn 0.7830 -0.3081 -0.5404
vn -0.8424 -0.3081 -0.4421
vn 0.8424 -0.3081 0.4421
vn -0.0000 -0.3081 -0.9514
vn -0.0000 -0.3081 0.9514
vn -0.8424 -0.3081 0.4421
vn 0.8424 -0.3081 -0.4421
vn -0.7830 -0.3081 -0.5404
vn 0.7830 -0.3081 0.5404
vn 0.1147 -0.3081 -0.9444
vn -0.1147 -0.3081 0.9444
vn -0.8895 -0.3081 0.3374
vn 0.8895 -0.3081 -0.3374
vn -0.7121 -0.3081 -0.6309
vn 0.7121 -0.3081 0.6309
vn -0.2277 -0.3081 0.9237
vn 0.2277 -0.3081 -0.9237
vn -0.9237 -0.3081 0.2277
vn 0.9237 -0.3081 -0.2277
vn -0.6309 -0.3081 -0.7121
vn 0.6309 -0.3081 0.7121
vn -0.3374 -0.3081 0.8895
vn 0.3374 -0.3081 -0.8895
vn -0.9444 -0.3081 0.1147
vn 0.9444 -0.3081 -0.1147
vn -0.5404 -0.3081 -0.7830
vn 0.5404 -0.3081 0.7830
vn -0.4421 -0.3081 0.8424
vn 0.4421 -0.3081 -0.8424
vn -0.9514 -0.3081 -0.0000
vn -0.0000 -0.1301 -0.9915
vn 0.1195 -0.1301 -0.9843
vn 0.1046 -0.4963 -0.8618
vn -0.0000 -0.4963 -0.8681
vn 0.0852 -0.7077 -0.7013
vn -0.0000 -0.7077 -0.7065
vn -0.0000 -0.9660 -0.2584
vn 0.0311 -0.9660 -0.2565
vn 0.0163 -0.9908 -0.1342
vn -0.0000 -0.9908 -0.1352
vn 0.1195 0.1301 -0.9843
vn -0.0000 0.1301 -0.9915
vn -0.0000 0.4963 -0.8681
vn 0.1046 0.4963 -0.8618
vn -0.0000 0.7077 -0.7065
vn 0.0852 0.7077 -0.7013
vn 0.0311 0.9660 -0.2565
vn -0.0000 0.9660 -0.2584
vn -0.0000 0.9908 -0.1352
vn 0.0163 0.9908 -0.1342
vn 0.2373 -0.1301 -0.9627
vn 0.2078 -0.4963 -0.8429
vn 0.1691 -0.7077 -0.6859
vn 0.0618 -0.9660 -0.2509
vn 0.0324 -0.9908 -0.1313
vn 0.2373 0.1301 -0.9627
vn 0.2078 0.4963 -0.8429
vn 0.1691 0.7077 -0.6859
vn 0.0618 0.9660 -0.2509
vn 0.0324 0.9908 -0.1313
vn 0.3516 -0.1301 -0.9271
vn 0.3078 -0.4963 -0.8117
vn 0.1797 -0.8621 -0.4739
vn 0.0479 -0.9908 -0.1264
vn 0.3516 0.1301 -0.9271
vn 0.3078 0.4963 -0.8117
vn 0.2505 0.7077 -0.6606
vn 0.0916 0.9660 -0.2416
vn 0.0479 0.9908 -0.1264
vn 0.4608 -0.1301 -0.8779
vn 0.4488 -0.2592 -0.8552
vn 0.3283 -0.7078 -0.6255
vn 0.2355 -0.8621 -0.4487
vn 0.0628 -0.9908 -0.1197
vn 0.4608 0.1301 -0.8779
vn 0.4488 0.2592 -0.8552
vn 0.3283 0.7078 -0.6255
vn 0.2355 0.8621 -0.4487
vn 0.0628 0.9908 -0.1197
vn 0.5632 -0.1301 -0.8160
vn 0.5486 -0.2592 -0.7949
vn 0.4013 -0.7078 -0.5814
vn 0.2879 -0.8621 -0.4171
vn 0.0768 -0.9908 -0.1113
vn 0.5632 0.1301 -0.8160
vn 0.5486 0.2592 -0.7949
vn 0.4013 0.7078 -0.5814
vn 0.2879 0.8621 -0.4171
vn 0.0768 0.9908 -0.1113
vn 0.6575 -0.1301 -0.7421
vn 0.6405 -0.2592 -0.7229
vn 0.4685 -0.7078 -0.5288
vn 0.3361 -0.8621 -0.3793
vn 0.0897 -0.9908 -0.1012
vn 0.6575 0.1301 -0.7422
vn 0.6405 0.2592 -0.7229
vn 0.4685 0.7078 -0.5288
vn 0.3361 0.8621 -0.3793
vn 0.0897 0.9908 -0.1012
vn 0.7421 -0.1301 -0.6575
vn 0.7229 -0.2592 -0.6405
vn 0.5288 -0.7078 -0.4685
vn 0.3793 -0.8621 -0.3361
vn 0.1012 -0.9908 -0.0897
vn 0.7421 0.1301 -0.6575
vn 0.7229 0.2592 -0.6405
vn 0.5288 0.7078 -0.4685
vn 0.3793 0.8621 -0.3361
vn 0.1012 0.9908 -0.0897
vn 0.8160 -0.1301 -0.5632
vn 0.7948 -0.2592 -0.5486
vn 0.5814 -0.7078 -0.4013
vn 0.4171 -0.8621 -0.2879
vn 0.1113 -0.9908 -0.0768
vn 0.8160 0.1301 -0.5632
vn 0.7948 0.2592 -0.5486
vn 0.5814 0.7077 -0.4013
vn 0.2126 0.9660 -0.1468
vn 0.1113 0.9908 -0.0768
vn 0.8779 -0.1301 -0.4608
vn 0.8552 -0.2592 -0.4488
vn 0.6255 -0.7078 -0.3283
vn 0.4487 -0.8621 -0.2355
vn 0.1197 -0.9908 -0.0628
vn 0.8779 0.1301 -0.4608
vn 0.8552 0.2593 -0.4488
vn 0.6255 0.7077 -0.3283
vn 0.2288 0.9660 -0.1201
vn 0.1197 0.9908 -0.0628
vn 0.9271 -0.1301 -0.3516
vn 0.8117 -0.4963 -0.3078
vn 0.4739 -0.8621 -0.1797
vn 0.1264 -0.9908 -0.0479
vn 0.9271 0.1301 -0.3516
vn 0.8117 0.4963 -0.3078
vn 0.6606 0.7077 -0.2505
vn 0.2416 0.9660 -0.0916
vn 0.1264 0.9908 -0.0479
vn 0.9627 -0.1301 -0.2373
vn 0.8429 -0.4963 -0.2078
vn 0.6859 -0.7077 -0.1691
vn 0.2509 -0.9660 -0.0618
vn 0.1313 -0.9908 -0.0324
vn 0.9627 0.1301 -0.2373
vn 0.8429 0.4963 -0.2078
vn 0.6859 0.7077 -0.1691
vn 0.2509 0.9660 -0.0618
vn 0.1313 0.9908 -0.0324
vn 0.9843 -0.1301 -0.1195
vn 0.8618 -0.4963 -0.1046
vn 0.7013 -0.7077 -0.0852
vn 0.2565 -0.9660 -0.0311
vn 0.1342 -0.9908 -0.0163
vn 0.9843 0.1301 -0.1195
vn 0.8618 0.4963 -0.1046
vn 0.7013 0.7077 -0.0852
vn 0.2565 0.9660 -0.0311
vn 0.1342 0.9908 -0.0163
vn 0.9915 -0.1301 -0.0000
vn 0.8681 -0.4963 -0.0000
vn 0.7065 -0.7077 -0.0000
vn 0.2584 -0.9660 -0.0000
vn 0.1352 -0.9908 -0.0000
vn 0.9915 0.1301 -0.0000
vn 0.8681 0.4963 -0.0000
vn 0.7065 0.7077 -0.0000
vn 0.2584 0.9660 -0.0000
vn 0.1352 0.9908 -0.0000
vn 0.9843 -0.1301 0.1195
vn 0.8618 -0.4963 0.1046
vn 0.7013 -0.7077 0.0852
vn 0.2565 -0.9660 0.0311
vn 0.1342 -0.9908 0.0163
vn 0.9843 0.1301 0.1195
vn 0.8618 0.4963 0.1046
vn 0.7013 0.7077 0.0852
vn 0.2565 0.9660 0.0311
vn 0.1342 0.9908 0.0163
vn 0.9627 -0.1301 0.2373
vn 0.8429 -0.4963 0.2078
vn 0.6859 -0.7077 0.1691
vn 0.2509 -0.9660 0.0618
vn 0.1313 -0.9908 0.0324
vn 0.9627 0.1301 0.2373
vn 0.8429 0.4963 0.2078
vn 0.6859 0.7077 0.1691
vn 0.2509 0.9660 0.0618
vn 0.1313 0.9908 0.0324
vn 0.9271 -0.1301 0.3516
vn 0.8117 -0.4963 0.3078
vn 0.4739 -0.8621 0.1797
vn 0.1264 -0.9908 0.0479
vn 0.9271 0.1301 0.3516
vn 0.8117 0.4963 0.3078
vn 0.6606 0.7077 0.2505
vn 0.2416 0.9660 0.0916
vn 0.1264 0.9908 0.0479
vn 0.8779 -0.1301 0.4608
vn 0.8552 -0.2592 0.4488
vn 0.6255 -0.7078 0.3283
vn 0.4487 -0.8621 0.2355
vn 0.1197 -0.9908 0.0628
vn 0.8779 0.1301 0.4608
vn 0.8552 0.2592 0.4488
vn 0.6255 0.7078 0.3283
vn 0.4487 0.8621 0.2355
vn 0.1197 0.9908 0.0628
vn 0.8160 -0.1301 0.5632
vn 0.7948 -0.2592 0.5486
vn 0.5814 -0.7078 0.4013
vn 0.4171 -0.8621 0.2879
vn 0.1113 -0.9908 0.0768
vn 0.8160 0.1301 0.5632
vn 0.7948 0.2592 0.5486
vn 0.5814 0.7078 0.4013
vn 0.4171 0.8621 0.2879
vn 0.1113 0.9908 0.0768
vn 0.7421 -0.1301 0.6575
vn 0.7229 -0.2592 0.6405
vn 0.5288 -0.7078 0.4685
vn 0.3793 -0.8621 0.3361
vn 0.1012 -0.9908 0.0897
vn 0.7421 0.1301 0.6575
vn 0.7229 0.2592 0.6405
vn 0.5288 0.7078 0.4685
vn 0.3793 0.8621 0.3361
vn 0.1012 0.9908 0.0897
vn 0.6575 -0.1301 0.7421
vn 0.6405 -0.2592 0.7229
vn 0.4685 -0.7078 0.5288
vn 0.3361 -0.8621 0.3793
vn 0.0897 -0.9908 0.1012
vn 0.6575 0.1301 0.7421
vn 0.6405 0.2592 0.7229
vn 0.4685 0.7078 0.5288
vn 0.3361 0.8621 0.3793
vn 0.0897 0.9908 0.1012
vn 0.5632 -0.1301 0.8160
vn 0.5486 -0.2592 0.7949
vn 0.4013 -0.7078 0.5814
vn 0.2879 -0.8621 0.4171
vn 0.0768 -0.9908 0.1113
vn 0.5632 0.1301 0.8160
vn 0.5486 0.2592 0.7948
vn 0.4013 0.7078 0.5814
vn 0.1468 0.9660 0.2126
vn 0.0768 0.9908 0.1113
vn 0.4608 -0.1301 0.8779
vn 0.4488 -0.2592 0.8552
vn 0.3283 -0.7078 0.6255
vn 0.2355 -0.8621 0.4487
vn 0.0628 -0.9908 0.1197
vn 0.4608 0.1301 0.8779
vn 0.4488 0.2592 0.8552
vn 0.3283 0.7077 0.6255
vn 0.1201 0.9660 0.2288
vn 0.0628 0.9908 0.1197
vn 0.3516 -0.1301 0.9271
vn 0.3078 -0.4963 0.8117
vn 0.1797 -0.8621 0.4739
vn 0.0479 -0.9908 0.1264
vn 0.3516 0.1301 0.9271
vn 0.3078 0.4963 0.8117
vn 0.2505 0.7077 0.6606
vn 0.0916 0.9660 0.2416
vn 0.0479 0.9908 0.1264
vn 0.2373 -0.1301 0.9627
vn 0.2078 -0.4963 0.8429
vn 0.1691 -0.7077 0.6859
vn 0.0618 -0.9660 0.2509
vn 0.0324 -0.9908 0.1313
vn 0.2373 0.1301 0.9627
vn 0.2078 0.4963 0.8429
vn 0.1691 0.7077 0.6859
vn 0.0618 0.9660 0.2509
vn 0.0324 0.9908 0.1313
vn 0.1195 -0.1301 0.9843
vn 0.1046 -0.4963 0.8618
vn 0.0852 -0.7077 0.7013
vn 0.0311 -0.9660 0.2565
vn 0.0163 -0.9908 0.1342
vn 0.1195 0.1301 0.9843
vn 0.1046 0.4963 0.8618
vn 0.0852 0.7077 0.7013
vn 0.0311 0.9660 0.2565
vn 0.0163 0.9908 0.1342
vn -0.0000 -0.1301 0.9915
vn -0.0000 -0.4963 0.8681
vn -0.0000 -0.7077 0.7065
vn -0.0000 -0.9660 0.2584
vn -0.0000 -0.9908 0.1352
vn -0.0000 0.1301 0.9915
vn -0.0000 0.4963 0.8681
vn -0.0000 0.7077 0.7065
vn -0.0000 0.9660 0.2584
vn -0.0000 0.9908 0.1352
vn -0.1195 -0.1301 0.9843
vn -0.1046 -0.4963 0.8618
vn -0.0852 -0.7078 0.7013
vn -0.0311 -0.9660 0.2565
vn -0.0163 -0.9908 0.1342
vn -0.1195 0.1301 0.9843
vn -0.1046 0.4963 0.8618
vn -0.0852 0.7078 0.7013
vn -0.0311 0.9660 0.2565
vn -0.0163 0.9908 0.1342
vn -0.2373 -0.1301 0.9627
vn -0.2078 -0.4963 0.8429
vn -0.1691 -0.7078 0.6859
vn -0.0618 -0.9660 0.2509
vn -0.0324 -0.9908 0.1313
vn -0.2373 0.1301 0.9627
vn -0.2078 0.4963 0.8429
vn -0.1691 0.7078 0.6859
vn -0.0618 0.9660 0.2509
vn -0.0324 0.9908 0.1313
vn -0.3516 -0.1301 0.9271
vn -0.3078 -0.4963 0.8117
vn -0.1797 -0.8621 0.4739
vn -0.0479 -0.9908 0.1264
vn -0.3516 0.1301 0.9271
vn -0.3078 0.4963 0.8117
vn -0.2505 0.7077 0.6606
vn -0.0916 0.9660 0.2416
vn -0.0479 0.9908 0.1264
vn -0.4608 -0.1301 0.8779
vn -0.4488 -0.2592 0.8552
vn -0.3283 -0.7078 0.6255
vn -0.2355 -0.8621 0.4487
vn -0.0628 -0.9908 0.1197
vn -0.4608 0.1301 0.8779
vn -0.4488 0.2592 0.8552
vn -0.3283 0.7078 0.6255
vn -0.2355 0.8621 0.4487
vn -0.0628 0.9908 0.1197
vn -0.5632 -0.1301 0.8160
vn -0.5486 -0.2592 0.7949
vn -0.4013 -0.7078 0.5814
vn -0.2879 -0.8621 0.4171
vn -0.0768 -0.9908 0.1113
vn -0.5632 0.1301 0.8160
vn -0.5486 0.2592 0.7949
vn -0.4013 0.7078 0.5814
vn -0.2879 0.8621 0.4171
vn -0.0768 0.9908 0.1113
vn -0.6575 -0.1301 0.7421
vn -0.6405 -0.2592 0.7229
vn -0.4685 -0.7078 0.5288
vn -0.3361 -0.8621 0.3793
vn -0.0897 -0.9908 0.1012
vn -0.6575 0.1301 0.7422
vn -0.6405 0.2592 0.7229
vn -0.4685 0.7078 0.5288
vn -0.3361 0.8621 0.3793
vn -0.0897 0.9908 0.1012
vn -0.7421 -0.1301 0.6575
vn -0.7229 -0.2592 0.6405
vn -0.5288 -0.7078 0.4685
vn -0.3793 -0.8621 0.3361
vn -0.1012 -0.9908 0.0897
vn -0.7421 0.1301 0.6575
vn -0.7229 0.2592 0.6405
vn -0.5288 0.7078 0.4685
vn -0.3793 0.8621 0.3361
vn -0.1012 0.9908 0.0897
vn -0.8160 -0.1301 0.5632
vn -0.7948 -0.2592 0.5486
vn -0.5814 -0.7078 0.4013
vn -0.4171 -0.8621 0.2879
vn -0.1113 -0.9908 0.0768
vn -0.8160 0.1301 0.5632
vn -0.7948 0.2592 0.5486
vn -0.5814 0.7077 0.4013
vn -0.2126 0.9660 0.1468
vn -0.1113 0.9908 0.0768
vn -0.8779 -0.1301 0.4608
vn -0.8552 -0.2592 0.4488
vn -0.6255 -0.7078 0.3283
vn -0.4487 -0.8621 0.2355
vn -0.1197 -0.9908 0.0628
vn -0.8779 0.1301 0.4608
vn -0.8552 0.2593 0.4488
vn -0.6255 0.7077 0.3283
vn -0.2288 0.9660 0.1201
vn -0.1197 0.9908 0.0628
vn -0.9271 -0.1301 0.3516
vn -0.8117 -0.4963 0.3078
vn -0.4739 -0.8621 0.1797
vn -0.1264 -0.9908 0.0479
vn -0.9271 0.1301 0.3516
vn -0.8117 0.4963 0.3078
vn -0.6606 0.7077 0.2505
vn -0.2416 0.9660 0.0916
vn -0.1264 0.9908 0.0479
vn -0.9627 -0.1301 0.2373
vn -0.8429 -0.4963 0.2078
vn -0.6859 -0.7077 0.1691
vn -0.2509 -0.9660 0.0618
vn -0.1313 -0.9908 0.0324
vn -0.9627 0.1301 0.2373
vn -0.8429 0.4963 0.2078
vn -0.6859 0.7077 0.1691
vn -0.2509 0.9660 0.0618
vn -0.1313 0.9908 0.0324
vn -0.9843 -0.1301 0.1195
vn -0.8618 -0.4963 0.1046
vn -0.7013 -0.7077 0.0852
vn -0.2565 -0.9660 0.0311
vn -0.1342 -0.9908 0.0163
vn -0.9843 0.1301 0.1195
vn -0.8618 0.4963 0.1046
vn -0.7013 0.7077 0.0852
vn -0.2565 0.9660 0.0311
vn -0.1342 0.9908 0.0163
vn -0.9915 -0.1301 -0.0000
vn -0.8681 -0.4963 -0.0000
vn -0.7065 -0.7077 -0.0000
vn -0.2584 -0.9660 -0.0000
vn -0.1352 -0.9908 -0.0000
vn -0.9915 0.1301 -0.0000
vn -0.8681 0.4963 -0.0000
vn -0.7065 0.7077 -0.0000
vn -0.2584 0.9660 -0.0000
vn -0.1352 0.9908 -0.0000
vn -0.9843 -0.1301 -0.1195
vn -0.8618 -0.4963 -0.1046
vn -0.7013 -0.7077 -0.0852
vn -0.2565 -0.9660 -0.0311
vn -0.1342 -0.9908 -0.0163
vn -0.9843 0.1301 -0.1195
vn -0.8618 0.4963 -0.1046
vn -0.7013 0.7077 -0.0852
vn -0.2565 0.9660 -0.0311
vn -0.1342 0.9908 -0.0163
vn -0.9627 -0.1301 -0.2373
vn -0.8429 -0.4963 -0.2078
vn -0.6859 -0.7077 -0.1691
vn -0.2509 -0.9660 -0.0618
vn -0.1313 -0.9908 -0.0324
vn -0.9627 0.1301 -0.2373
vn -0.8429 0.4963 -0.2078
vn -0.6859 0.7077 -0.1691
vn -0.2509 0.9660 -0.0618
vn -0.1313 0.9908 -0.0324
vn -0.9271 -0.1301 -0.3516
vn -0.8117 -0.4963 -0.3078
vn -0.4739 -0.8621 -0.1797
vn -0.1264 -0.9908 -0.0479
vn -0.9271 0.1301 -0.3516
vn -0.8117 0.4963 -0.3078
vn -0.6606 0.7077 -0.2505
vn -0.2416 0.9660 -0.0916
vn -0.1264 0.9908 -0.0479
vn -0.8779 -0.1301 -0.4608
vn -0.8552 -0.2592 -0.4488
vn -0.6255 -0.7078 -0.3283
vn -0.4487 -0.8621 -0.2355
vn -0.1197 -0.9908 -0.0628
vn -0.8779 0.1301 -0.4608
vn -0.8552 0.2592 -0.4488
vn -0.6255 0.7078 -0.3283
vn -0.4487 0.8621 -0.2355
vn -0.1197 0.9908 -0.0628
vn -0.8160 -0.1301 -0.5632
vn -0.7948 -0.2592 -0.5486
vn -0.5814 -0.7078 -0.4013
vn -0.4171 -0.8621 -0.2879
vn -0.1113 -0.9908 -0.0768
vn -0.8160 0.1301 -0.5632
vn -0.7948 0.2592 -0.5486
vn -0.5814 0.7078 -0.4013
vn -0.4171 0.8621 -0.2879
vn -0.1113 0.9908 -0.0768
vn -0.7421 -0.1301 -0.6575
vn -0.7229 -0.2592 -0.6405
vn -0.5288 -0.7078 -0.4685
vn -0.3793 -0.8621 -0.3361
vn -0.1012 -0.9908 -0.0897
vn -0.7421 0.1301 -0.6575
vn -0.7229 0.2592 -0.6405
vn -0.5288 0.7078 -0.4685
vn -0.3793 0.8621 -0.3361
vn -0.1012 0.9908 -0.0897
vn -0.6575 -0.1301 -0.7421
vn -0.6405 -0.2592 -0.7229
vn -0.4685 -0.7078 -0.5288
vn -0.3361 -0.8621 -0.3793
vn -0.0897 -0.9908 -0.1012
vn -0.6575 0.1301 -0.7421
vn -0.6405 0.2592 -0.7229
vn -0.4685 0.7078 -0.5288
vn -0.3361 0.8621 -0.3793
vn -0.0897 0.9908 -0.1012
vn -0.5632 -0.1301 -0.8160
vn -0.5486 -0.2592 -0.7949
vn -0.4013 -0.7078 -0.5814
vn -0.2879 -0.8621 -0.4171
vn -0.0768 -0.9908 -0.1113
vn -0.5632 0.1301 -0.8160
vn -0.5486 0.2592 -0.7948
vn -0.4013 0.7078 -0.5814
vn -0.1468 0.9660 -0.2126
vn -0.0768 0.9908 -0.1113
vn -0.4608 -0.1301 -0.8779
vn -0.4488 -0.2592 -0.8552
vn -0.3283 -0.7078 -0.6255
vn -0.2355 -0.8621 -0.4487
vn -0.0628 -0.9908 -0.1197
vn -0.4608 0.1301 -0.8779
vn -0.4488 0.2592 -0.8552
vn -0.3283 0.7077 -0.6255
vn -0.1201 0.9660 -0.2288
vn -0.0628 0.9908 -0.1197
vn -0.3516 -0.1301 -0.9271
vn -0.3078 -0.4963 -0.8117
vn -0.1797 -0.8621 -0.4739
vn -0.0479 -0.9908 -0.1264
vn -0.3516 0.1301 -0.9271
vn -0.3078 0.4963 -0.8117
vn -0.2505 0.7077 -0.6606
vn -0.0916 0.9660 -0.2416
vn -0.0479 0.9908 -0.1264
vn -0.2373 -0.1301 -0.9627
vn -0.2078 -0.4963 -0.8429
vn -0.1691 -0.7078 -0.6859
vn -0.0618 -0.9660 -0.2509
vn -0.0324 -0.9908 -0.1313
vn -0.2373 0.1301 -0.9627
vn -0.2078 0.4963 -0.8429
vn -0.1691 0.7078 -0.6859
vn -0.0618 0.9660 -0.2509
vn -0.0324 0.9908 -0.1313
vn -0.1195 -0.1301 -0.9843
vn -0.1046 -0.4963 -0.8618
vn -0.0852 -0.7078 -0.7013
vn -0.0311 -0.9660 -0.2565
vn -0.0163 -0.9908 -0.1342
vn -0.1195 0.1301 -0.9843
vn -0.1046 0.4963 -0.8618
vn -0.0852 0.7078 -0.7013
vn -0.0311 0.9660 -0.2565
vn -0.0163 0.9908 -0.1342
vn 0.0611 0.8621 -0.5031
vn -0.0000 0.8621 -0.5068
vn -0.0000 0.7078 -0.7065
vn -0.0000 0.2593 -0.9658
vn 0.2505 0.7078 -0.6606
vn 0.5486 0.2593 -0.7948
vn 0.6575 0.1301 -0.7421
vn 0.4171 0.8621 -0.2879
vn 0.5814 0.7078 -0.4013
vn 0.4487 0.8621 -0.2355
vn 0.6255 0.7078 -0.3283
vn 0.5031 0.8621 -0.0611
vn 0.5068 0.8621 -0.0000
vn 0.7065 0.7078 -0.0000
vn 0.9658 0.2593 -0.0000
vn 0.5031 0.8621 0.0611
vn 0.8552 0.2593 0.4488
vn 0.2879 0.8621 0.4171
vn 0.5486 0.2593 0.7948
vn 0.2355 0.8621 0.4487
vn 0.3283 0.7078 0.6255
vn 0.2505 0.7078 0.6606
vn 0.1691 0.7078 0.6859
vn 0.0611 0.8621 0.5031
vn -0.0000 0.8621 0.5068
vn -0.0000 0.7078 0.7065
vn -0.0000 0.2593 0.9658
vn -0.0611 0.8621 0.5031
vn -0.2505 0.7078 0.6606
vn -0.5486 0.2593 0.7948
vn -0.6575 0.1301 0.7421
vn -0.4171 0.8621 0.2879
vn -0.5814 0.7078 0.4013
vn -0.4487 0.8621 0.2355
vn -0.6255 0.7078 0.3283
vn -0.5031 0.8621 0.0611
vn -0.5068 0.8621 -0.0000
vn -0.7065 0.7078 -0.0000
vn -0.9658 0.2593 -0.0000
vn -0.5031 0.8621 -0.0611
vn -0.8552 0.2593 -0.4488
vn -0.2879 0.8621 -0.4171
vn -0.5486 0.2593 -0.7948
vn -0.2355 0.8621 -0.4487
vn -0.3283 0.7078 -0.6255
vn -0.2505 0.7078 -0.6606
vn -0.0611 0.8621 -0.5031
vn -0.0000 -0.7078 -0.7065
vn 0.1213 -0.8621 -0.4921
vn 0.3425 -0.2592 -0.9031
vn 0.2505 -0.7078 -0.6605
vn 0.1201 -0.9660 -0.2288
vn 0.5486 -0.2592 -0.7948
vn 0.1468 -0.9660 -0.2126
vn 0.6575 -0.1301 -0.7422
vn 0.7422 -0.1301 -0.6575
vn 0.2126 -0.9660 -0.1468
vn 0.6255 -0.7077 -0.3283
vn 0.2288 -0.9660 -0.1201
vn 0.9030 -0.2593 -0.3425
vn 0.6605 -0.7078 -0.2505
vn 0.4921 -0.8621 -0.1213
vn 0.4921 -0.8621 0.1213
vn 0.9030 -0.2593 0.3425
vn 0.6605 -0.7078 0.2505
vn 0.6255 -0.7077 0.3283
vn 0.2288 -0.9660 0.1201
vn 0.2126 -0.9660 0.1468
vn 0.7422 -0.1301 0.6575
vn 0.6575 -0.1301 0.7422
vn 0.5486 -0.2592 0.7948
vn 0.1468 -0.9660 0.2126
vn 0.1201 -0.9660 0.2288
vn 0.3425 -0.2592 0.9031
vn 0.2505 -0.7078 0.6605
vn 0.1213 -0.8621 0.4921
vn -0.0000 -0.7078 0.7065
vn -0.0852 -0.7077 0.7013
vn -0.1213 -0.8621 0.4921
vn -0.3425 -0.2592 0.9031
vn -0.2505 -0.7078 0.6605
vn -0.1201 -0.9660 0.2288
vn -0.5486 -0.2592 0.7948
vn -0.1468 -0.9660 0.2126
vn -0.6575 -0.1301 0.7422
vn -0.7422 -0.1301 0.6575
vn -0.2126 -0.9660 0.1468
vn -0.6255 -0.7077 0.3283
vn -0.2288 -0.9660 0.1201
vn -0.9030 -0.2593 0.3425
vn -0.6605 -0.7078 0.2505
vn -0.4921 -0.8621 0.1213
vn -0.4921 -0.8621 -0.1213
vn -0.9030 -0.2593 -0.3425
vn -0.6605 -0.7078 -0.2505
vn -0.6255 -0.7077 -0.3283
vn -0.2288 -0.9660 -0.1201
vn -0.2126 -0.9660 -0.1468
vn -0.7422 -0.1301 -0.6575
vn -0.6575 -0.1301 -0.7422
vn -0.5486 -0.2592 -0.7948
vn -0.1468 -0.9660 -0.2126
vn -0.1201 -0.9660 -0.2288
vn -0.3425 -0.2592 -0.9031
vn -0.2505 -0.7078 -0.6605
vn -0.1213 -0.8621 -0.4921
vn -0.0852 -0.7077 -0.7013
vn -0.0000 -1.0000 -0.0000
vn -0.8855 -0.0000 0.4647
vn -0.9350 -0.0000 0.3546
vn -0.9120 -0.2204 0.3459
vn -0.8637 -0.2204 0.4533
vn -0.9471 -0.2204 0.2334
vn -0.8750 -0.4333 0.2157
vn -0.8427 -0.4333 0.3196
vn 0.8855 -0.0000 -0.4647
vn 0.9350 -0.0000 -0.3546
vn 0.9120 -0.2204 -0.3459
vn 0.8637 -0.2204 -0.4533
vn -0.9709 -0.0000 0.2393
vn 0.9709 -0.0000 -0.2393
vn 0.9471 -0.2204 -0.2334
vn -0.9927 -0.0000 0.1205
vn -0.9683 -0.2204 0.1176
vn 0.9927 -0.0000 -0.1205
vn 0.9683 -0.2204 -0.1176
vn -1.0000 -0.0000 -0.0000
vn -0.9754 -0.2204 -0.0000
vn 1.0000 -0.0000 -0.0000
vn 0.9754 -0.2204 -0.0000
vn -0.9927 -0.0000 -0.1205
vn -0.9683 -0.2204 -0.1176
vn 0.9927 -0.0000 0.1205
vn 0.9683 -0.2204 0.1176
vn -0.9709 -0.0000 -0.2393
vn -0.9471 -0.2204 -0.2334
vn 0.9709 -0.0000 0.2393
vn 0.9471 -0.2204 0.2334
vn -0.9350 -0.0000 -0.3546
vn -0.9120 -0.2204 -0.3459
vn 0.9350 -0.0000 0.3546
vn 0.9120 -0.2204 0.3459
vn -0.8855 -0.0000 -0.4647
vn -0.8637 -0.2204 -0.4533
vn 0.8855 -0.0000 0.4647
vn 0.8637 -0.2204 0.4533
vn -0.8230 -0.0000 -0.5681
vn -0.8027 -0.2204 -0.5541
vn 0.8230 -0.0000 0.5681
vn 0.8027 -0.2204 0.5541
vn -0.7485 -0.0000 -0.6631
vn -0.7301 -0.2204 -0.6468
vn 0.7485 -0.0000 0.6631
vn 0.7301 -0.2204 0.6468
vn -0.6631 -0.0000 -0.7485
vn -0.6468 -0.2204 -0.7301
vn 0.6631 -0.0000 0.7485
vn 0.6468 -0.2204 0.7301
vn -0.5681 -0.0000 -0.8230
vn -0.5541 -0.2204 -0.8027
vn 0.5681 -0.0000 0.8230
vn 0.5541 -0.2204 0.8027
vn -0.4647 -0.0000 -0.8855
vn -0.4533 -0.2204 -0.8637
vn 0.4647 -0.0000 0.8855
vn 0.4533 -0.2204 0.8637
vn -0.3546 -0.0000 -0.9350
vn -0.3459 -0.2204 -0.9120
vn 0.3546 -0.0000 0.9350
vn 0.3459 -0.2204 0.9120
vn -0.2393 -0.0000 -0.9709
vn -0.2334 -0.2204 -0.9471
vn 0.2393 -0.0000 0.9709
vn 0.2334 -0.2204 0.9471
vn -0.1205 -0.0000 -0.9927
vn -0.1176 -0.2204 -0.9683
vn 0.1205 -0.0000 0.9927
vn 0.1176 -0.2204 0.9683
vn -0.0000 -0.0000 -1.0000
vn -0.0000 -0.2204 -0.9754
vn -0.0000 -0.0000 1.0000
vn -0.0000 -0.2204 0.9754
vn -0.1205 -0.0000 0.9927
vn -0.1176 -0.2204 0.9683
vn 0.1205 -0.0000 -0.9927
vn 0.1176 -0.2204 -0.9683
vn -0.2393 -0.0000 0.9709
vn -0.2334 -0.2204 0.9471
vn 0.2393 -0.0000 -0.9709
vn 0.2334 -0.2204 -0.9471
vn -0.3546 -0.0000 0.9350
vn -0.3459 -0.2204 0.9120
vn 0.3546 -0.0000 -0.9350
vn 0.3459 -0.2204 -0.9120
vn -0.4647 -0.0000 0.8855
vn -0.4533 -0.2204 0.8637
vn 0.4647 -0.0000 -0.8855
vn 0.4533 -0.2204 -0.8637
vn -0.5681 -0.0000 0.8230
vn -0.5541 -0.2204 0.8027
vn 0.5681 -0.0000 -0.8230
vn 0.5541 -0.2204 -0.8027
vn -0.6631 -0.0000 0.7485
vn -0.6468 -0.2204 0.7301
vn 0.6631 -0.0000 -0.7485
vn 0.6468 -0.2204 -0.7301
vn -0.7485 -0.0000 0.6631
vn -0.7301 -0.2204 0.6468
vn 0.7485 -0.0000 -0.6631
vn 0.7301 -0.2204 -0.6468
vn -0.8230 -0.0000 0.5681
vn -0.8027 -0.2204 0.5541
vn 0.8230 -0.0000 -0.5681
vn 0.8027 -0.2204 -0.5541
vn -0.6306 0.7604 0.1554
vn -0.6447 0.7604 0.0783
vn 0.8750 -0.4333 -0.2157
vn 0.8427 -0.4333 -0.3196
vn -0.8947 -0.4333 0.1086
vn 0.8947 -0.4333 -0.1086
vn -0.9012 -0.4333 -0.0000
vn 0.9012 -0.4333 -0.0000
vn -0.8947 -0.4333 -0.1086
vn 0.8947 -0.4333 0.1086
vn -0.8750 -0.4333 -0.2157
vn 0.8750 -0.4333 0.2157
vn -0.8427 -0.4333 -0.3196
vn 0.8427 -0.4333 0.3196
vn -0.7980 -0.4333 -0.4188
vn 0.7980 -0.4333 0.4188
vn -0.7417 -0.4333 -0.5120
vn 0.7417 -0.4333 0.5120
vn -0.6746 -0.4333 -0.5976
vn 0.6746 -0.4333 0.5976
vn -0.5976 -0.4333 -0.6746
vn 0.5976 -0.4333 0.6746
vn -0.5120 -0.4333 -0.7417
vn 0.5120 -0.4333 0.7417
vn -0.4188 -0.4333 -0.7980
vn 0.4188 -0.4333 0.7980
vn -0.3196 -0.4333 -0.8427
vn 0.3196 -0.4333 0.8427
vn -0.2157 -0.4333 -0.8750
vn 0.2157 -0.4333 0.8750
vn -0.1086 -0.4333 -0.8947
vn 0.1086 -0.4333 0.8947
vn -0.0000 -0.4333 -0.9012
vn -0.0000 -0.4333 0.9012
vn -0.1086 -0.4333 0.8947
vn 0.1086 -0.4333 -0.8947
vn -0.2157 -0.4333 0.8750
vn 0.2157 -0.4333 -0.8750
vn -0.3196 -0.4333 0.8427
vn 0.3196 -0.4333 -0.8427
vn -0.4188 -0.4333 0.7980
vn 0.4188 -0.4333 -0.7980
vn -0.5120 -0.4333 0.7417
vn 0.5120 -0.4333 -0.7417
vn -0.5976 -0.4333 0.6746
vn 0.5976 -0.4333 -0.6746
vn -0.6746 -0.4333 0.5976
vn 0.6746 -0.4333 -0.5976
vn -0.7417 -0.4333 0.5120
vn 0.7417 -0.4333 -0.5120
vn -0.7980 -0.4333 0.4188
vn 0.7980 -0.4333 -0.4188
vn 0.6306 0.7604 -0.1554
vn 0.6447 0.7604 -0.0783
vn -0.6494 0.7604 -0.0000
vn 0.6494 0.7604 -0.0000
vn -0.6447 0.7604 -0.0783
vn 0.6447 0.7604 0.0783
vn -0.6306 0.7604 -0.1554
vn 0.6306 0.7604 0.1554
vn -0.6072 0.7604 -0.2303
vn 0.6072 0.7604 0.2303
vn -0.5750 0.7604 -0.3018
vn 0.5750 0.7604 0.3018
vn -0.5345 0.7604 -0.3689
vn 0.5345 0.7604 0.3689
vn -0.4861 0.7604 -0.4306
vn 0.4861 0.7604 0.4306
vn -0.4307 0.7604 -0.4861
vn 0.4307 0.7604 0.4861
vn 0.4306 0.7604 0.4861
vn -0.3689 0.7604 -0.5345
vn 0.3689 0.7604 0.5345
vn -0.3018 0.7604 -0.5750
vn 0.3018 0.7604 0.5750
vn -0.2303 0.7604 -0.6072
vn 0.2303 0.7604 0.6072
vn -0.1554 0.7604 -0.6306
vn 0.1554 0.7604 0.6306
vn -0.0783 0.7604 -0.6447
vn 0.0783 0.7604 0.6447
vn -0.0000 0.7604 -0.6494
vn -0.0000 0.7604 0.6494
vn -0.0783 0.7604 0.6447
vn 0.0783 0.7604 -0.6447
vn -0.1554 0.7604 0.6306
vn 0.1554 0.7604 -0.6306
vn -0.2303 0.7604 0.6072
vn 0.2303 0.7604 -0.6072
vn -0.3018 0.7604 0.5750
vn 0.3018 0.7604 -0.5750
vn -0.3689 0.7604 0.5345
vn 0.3689 0.7604 -0.5345
vn -0.4306 0.7604 0.4861
vn 0.4306 0.7604 -0.4861
vn -0.4861 0.7604 0.4307
vn 0.4861 0.7604 -0.4307
vn -0.5345 0.7604 0.3689
vn 0.5345 0.7604 -0.3689
vn -0.5750 0.7604 0.3018
vn 0.5750 0.7604 -0.3018
vn -0.6072 0.7604 0.2303
vn 0.6072 0.7604 -0.2303
vn 0.7721 -0.6286 -0.0937
vn 0.7777 -0.6286 -0.0000
vn -0.8495 0.5276 -0.0000
vn -0.8433 0.5276 -0.1024
vn -0.7777 -0.6286 -0.0000
vn -0.7721 -0.6286 -0.0937
vn 0.7721 -0.6286 0.0937
vn -0.7551 -0.6286 -0.1861
vn 0.7551 -0.6286 0.1861
vn -0.7272 -0.6286 -0.2758
vn 0.7272 -0.6286 0.2758
vn -0.6887 -0.6286 -0.3614
vn 0.6887 -0.6286 0.3614
vn -0.6401 -0.6286 -0.4418
vn 0.6401 -0.6286 0.4418
vn -0.5822 -0.6286 -0.5157
vn 0.5822 -0.6286 0.5157
vn -0.5157 -0.6286 -0.5821
vn 0.5157 -0.6286 0.5821
vn -0.4418 -0.6286 -0.6401
vn 0.4418 -0.6286 0.6401
vn -0.3614 -0.6286 -0.6887
vn 0.3614 -0.6286 0.6887
vn -0.2758 -0.6286 -0.7272
vn 0.2758 -0.6286 0.7272
vn -0.1861 -0.6286 -0.7551
vn 0.1861 -0.6286 0.7551
vn -0.0937 -0.6286 -0.7721
vn 0.0937 -0.6286 0.7721
vn -0.0000 -0.6286 -0.7777
vn -0.0000 -0.6286 0.7777
vn -0.0937 -0.6286 0.7721
vn 0.0937 -0.6286 -0.7721
vn -0.1861 -0.6286 0.7551
vn 0.1861 -0.6286 -0.7551
vn -0.2758 -0.6286 0.7272
vn 0.2758 -0.6286 -0.7272
vn -0.3614 -0.6286 0.6887
vn 0.3614 -0.6286 -0.6887
vn -0.4418 -0.6286 0.6401
vn 0.4418 -0.6286 -0.6401
vn -0.5157 -0.6286 0.5822
vn 0.5157 -0.6286 -0.5822
vn -0.5821 -0.6286 0.5157
vn 0.5821 -0.6286 -0.5157
vn -0.6401 -0.6286 0.4418
vn 0.6401 -0.6286 -0.4418
vn -0.6887 -0.6286 0.3614
vn 0.6887 -0.6286 -0.3614
vn -0.7272 -0.6286 0.2758
vn 0.7272 -0.6286 -0.2758
vn -0.7551 -0.6286 0.1861
vn 0.7551 -0.6286 -0.1861
vn -0.7721 -0.6286 0.0937
vn 0.8495 0.5276 -0.0000
vn 0.8433 0.5276 0.1024
vn -0.8248 0.5276 -0.2033
vn 0.8248 0.5276 0.2033
vn -0.7943 0.5276 -0.3012
vn 0.7943 0.5276 0.3012
vn -0.7522 0.5276 -0.3948
vn 0.7522 0.5276 0.3948
vn -0.6991 0.5276 -0.4826
vn 0.6991 0.5276 0.4826
vn -0.6358 0.5276 -0.5633
vn 0.6358 0.5276 0.5633
vn -0.5633 0.5276 -0.6358
vn 0.5633 0.5276 0.6358
vn -0.4826 0.5276 -0.6991
vn 0.4826 0.5276 0.6991
vn -0.3948 0.5276 -0.7522
vn 0.3948 0.5276 0.7522
vn -0.3012 0.5276 -0.7943
vn 0.3012 0.5276 0.7943
vn -0.2033 0.5276 -0.8248
vn 0.2033 0.5276 0.8248
vn -0.1024 0.5276 -0.8433
vn 0.1024 0.5276 0.8433
vn -0.0000 0.5276 -0.8495
vn -0.0000 0.5276 0.8495
vn -0.1024 0.5276 0.8433
vn 0.1024 0.5276 -0.8433
vn -0.2033 0.5276 0.8248
vn 0.2033 0.5276 -0.8248
vn -0.3012 0.5276 0.7943
vn 0.3012 0.5276 -0.7943
vn -0.3948 0.5276 0.7522
vn 0.3948 0.5276 -0.7522
vn -0.4826 0.5276 0.6991
vn 0.4826 0.5276 -0.6991
vn -0.5633 0.5276 0.6358
vn 0.5633 0.5276 -0.6358
vn -0.6358 0.5276 0.5633
vn 0.6358 0.5276 -0.5633
vn -0.6991 0.5276 0.4826
vn 0.6991 0.5276 -0.4826
vn -0.7522 0.5276 0.3948
vn 0.7522 0.5276 -0.3948
vn -0.7943 0.5276 0.3012
vn 0.7943 0.5276 -0.3012
vn -0.8248 0.5276 0.2033
vn 0.8248 0.5276 -0.2033
vn -0.8433 0.5276 0.1024
vn 0.8433 0.5276 -0.1024
vn -0.7776 0.5989 -0.1917
vn -0.7488 0.5989 -0.2840
vn 0.7776 0.5989 0.1917
vn 0.7488 0.5989 0.2840
vn -0.7091 0.5989 -0.3722
vn 0.7091 0.5989 0.3722
vn -0.6591 0.5989 -0.4549
vn 0.6591 0.5989 0.4549
vn -0.5994 0.5989 -0.5310
vn 0.5994 0.5989 0.5310
vn -0.5310 0.5989 -0.5994
vn 0.5310 0.5989 0.5994
vn -0.4549 0.5989 -0.6591
vn 0.4549 0.5989 0.6591
vn -0.3722 0.5989 -0.7091
vn 0.3722 0.5989 0.7091
vn -0.2840 0.5989 -0.7488
vn 0.2840 0.5989 0.7488
vn -0.1917 0.5989 -0.7776
vn 0.1916 0.5989 0.7776
vn -0.0965 0.5989 -0.7950
vn 0.0965 0.5989 0.7950
vn -0.0000 0.5989 -0.8008
vn -0.0000 0.5989 0.8008
vn -0.0965 0.5989 0.7950
vn 0.0965 0.5989 -0.7950
vn -0.1917 0.5989 0.7776
vn 0.1916 0.5989 -0.7776
vn -0.2840 0.5989 0.7488
vn 0.2840 0.5989 -0.7488
vn -0.3722 0.5989 0.7091
vn 0.3722 0.5989 -0.7091
vn -0.4549 0.5989 0.6591
vn 0.4549 0.5989 -0.6591
vn -0.5310 0.5989 0.5994
vn 0.5310 0.5989 -0.5994
vn -0.5994 0.5989 0.5310
vn 0.5994 0.5989 -0.5310
vn -0.6591 0.5989 0.4549
vn 0.6591 0.5989 -0.4549
vn -0.7091 0.5989 0.3722
vn 0.7091 0.5989 -0.3722
vn -0.7488 0.5989 0.2840
vn 0.7488 0.5989 -0.2840
vn -0.7776 0.5989 0.1917
vn 0.7776 0.5989 -0.1917
vn -0.7950 0.5989 0.0965
vn 0.7950 0.5989 -0.0965
vn -0.8008 0.5989 -0.0000
vn 0.8008 0.5989 -0.0000
vn -0.7950 0.5989 -0.0965
vn 0.7950 0.5989 0.0965
vn 0.0852 -0.7078 -0.7013
vn 0.1691 -0.7078 -0.6859
vn 0.2505 -0.7078 -0.6606
vn 0.6606 -0.7078 -0.2505
vn 0.6859 -0.7078 -0.1691
vn 0.7013 -0.7078 -0.0852
vn 0.7065 -0.7078 -0.0000
vn 0.7013 -0.7078 0.0852
vn 0.6859 -0.7078 0.1691
vn 0.2505 -0.7078 0.6606
vn 0.1691 -0.7078 0.6859
vn 0.0852 -0.7078 0.7013
vn -0.2505 -0.7078 0.6606
vn -0.6606 -0.7078 0.2505
vn -0.6859 -0.7078 0.1691
vn -0.7013 -0.7078 0.0852
vn -0.7065 -0.7078 -0.0000
vn -0.7013 -0.7078 -0.0852
vn -0.6859 -0.7078 -0.1691
vn -0.6606 -0.7078 -0.2505
vn -0.2505 -0.7078 -0.6606
vn 0.3674 0.9301 -0.0000
vn 0.4271 0.9042 -0.0000
vn 0.4900 0.8717 -0.0000
vn 0.5445 0.8388 -0.0000
vn 0.6025 0.7981 -0.0000
vn 0.7028 0.7114 -0.0000
vn -0.5955 -0.8033 -0.0000
vn -0.5530 -0.8332 -0.0000
vn -0.5053 -0.8629 -0.0000
vn -0.4611 -0.8874 -0.0000
vn -0.4104 -0.9119 -0.0000
vn -0.3625 -0.9320 -0.0000
vn -0.3430 -0.9393 -0.0000
vn 0.3430 0.9393 -0.0000
vn 0.7443 0.6678 -0.0000
vn 0.6857 0.7279 -0.0000
vn 0.6158 0.7879 -0.0000
vn 0.5483 0.8363 -0.0000
vn 0.4691 0.8832 -0.0000
vn 0.3933 0.9194 -0.0000
vn 0.3624 0.9320 -0.0000
vn -0.2548 -0.9670 -0.0000
vn -0.4572 -0.8894 -0.0000
vn -0.4957 -0.8685 -0.0000
vn -0.5295 -0.8483 -0.0000
vn -0.5662 -0.8243 -0.0000
vn -0.5992 -0.8006 -0.0000
vn -0.0645 -0.9979 -0.0000
vn 0.3674 -0.9301 -0.0000
vn 0.4271 -0.9042 -0.0000
vn 0.4900 -0.8717 -0.0000
vn 0.5445 -0.8388 -0.0000
vn 0.6025 -0.7981 -0.0000
vn 0.7028 -0.7114 -0.0000
vn -0.5955 0.8033 -0.0000
vn -0.5530 0.8332 -0.0000
vn -0.5053 0.8629 -0.0000
vn -0.4611 0.8874 -0.0000
vn -0.4104 0.9119 -0.0000
vn -0.3625 0.9320 -0.0000
vn -0.3430 0.9393 -0.0000
vn 0.3430 -0.9393 -0.0000
vn 0.7443 -0.6678 -0.0000
vn 0.6857 -0.7279 -0.0000
vn 0.6158 -0.7879 -0.0000
vn 0.5483 -0.8363 -0.0000
vn 0.4690 -0.8832 -0.0000
vn 0.3933 -0.9194 -0.0000
vn 0.3624 -0.9320 -0.0000
vn -0.2548 0.9670 -0.0000
vn -0.4572 0.8894 -0.0000
vn -0.4957 0.8685 -0.0000
vn -0.5295 0.8483 -0.0000
vn -0.5662 0.8243 -0.0000
vn -0.5992 0.8006 -0.0000
vn -0.0645 0.9979 -0.0000
vn -0.0000 0.9301 -0.3674
vn -0.0000 0.9042 -0.4271
vn -0.0000 0.8717 -0.4900
vn -0.0000 0.8388 -0.5445
vn -0.0000 0.7981 -0.6025
vn -0.0000 0.7114 -0.7028
vn -0.0000 -0.8033 0.5955
vn -0.0000 -0.8332 0.5530
vn -0.0000 -0.8629 0.5053
vn -0.0000 -0.8874 0.4611
vn -0.0000 -0.9119 0.4104
vn -0.0000 -0.9320 0.3625
vn -0.0000 -0.9393 0.3430
vn -0.0000 0.9393 -0.3430
vn -0.0000 0.6678 -0.7443
vn -0.0000 0.7279 -0.6857
vn -0.0000 0.7879 -0.6158
vn -0.0000 0.8363 -0.5483
vn -0.0000 0.8832 -0.4691
vn -0.0000 0.9194 -0.3933
vn -0.0000 0.9320 -0.3624
vn -0.0000 -0.9670 0.2548
vn -0.0000 -0.8894 0.4572
vn -0.0000 -0.8685 0.4957
vn -0.0000 -0.8483 0.5295
vn -0.0000 -0.8243 0.5662
vn -0.0000 -0.8006 0.5992
vn -0.0000 -0.9979 0.0645
vn -0.0000 -0.9301 -0.3674
vn -0.0000 -0.9042 -0.4271
vn -0.0000 -0.8717 -0.4900
vn -0.0000 -0.8388 -0.5445
vn -0.0000 -0.7981 -0.6025
vn -0.0000 -0.7114 -0.7028
vn -0.0000 0.8033 0.5955
vn -0.0000 0.8332 0.5530
vn -0.0000 0.8629 0.5053
vn -0.0000 0.8874 0.4611
vn -0.0000 0.9119 0.4104
vn -0.0000 0.9320 0.3625
vn -0.0000 0.9393 0.3430
vn -0.0000 -0.9393 -0.3430
vn -0.0000 -0.6678 -0.7443
vn -0.0000 -0.7279 -0.6857
vn -0.0000 -0.7879 -0.6158
vn -0.0000 -0.8363 -0.5483
vn -0.0000 -0.8832 -0.4691
vn -0.0000 -0.9194 -0.3933
vn -0.0000 -0.9320 -0.3624
vn -0.0000 0.9670 0.2548
vn -0.0000 0.8894 0.4572
vn -0.0000 0.8685 0.4957
vn -0.0000 0.8483 0.5295
vn -0.0000 0.8243 0.5662
vn -0.0000 0.8006 0.5992
vn -0.0000 0.9979 0.0645
vt 0.176781 0.938360
vt 0.155199 0.923463
vt 0.135570 0.906073
vt 0.118180 0.886444
vt 0.103283 0.864862
vt 0.091095 0.841641
vt 0.081796 0.817121
vt 0.075520 0.791658
vt 0.072359 0.765625
vt 0.072359 0.739401
vt 0.075520 0.713368
vt 0.081796 0.687905
vt 0.091095 0.663385
vt 0.103283 0.640164
vt 0.118180 0.618582
vt 0.135570 0.598953
vt 0.155199 0.581563
vt 0.176781 0.566666
vt 0.200002 0.554479
vt 0.224522 0.545179
vt 0.249984 0.538903
vt 0.276018 0.535742
vt 0.302242 0.535742
vt 0.328275 0.538903
vt 0.353738 0.545179
vt 0.378258 0.554479
vt 0.401479 0.566666
vt 0.423061 0.581563
vt 0.442690 0.598953
vt 0.460080 0.618582
vt 0.474977 0.640164
vt 0.487164 0.663385
vt 0.496464 0.687905
vt 0.502740 0.713368
vt 0.505901 0.739401
vt 0.505901 0.765625
vt 0.502740 0.791659
vt 0.496464 0.817121
vt 0.487164 0.841641
vt 0.474977 0.864862
vt 0.460080 0.886444
vt 0.442690 0.906073
vt 0.423061 0.923463
vt 0.401479 0.938360
vt 0.378258 0.950548
vt 0.353738 0.959847
vt 0.328275 0.966123
vt 0.302242 0.969284
vt 0.276018 0.969284
vt 0.249984 0.966123
vt 0.224522 0.959847
vt 0.200002 0.950548
vt 0.169871 0.047324
vt 0.179742 0.042371
vt 0.182518 0.048170
vt 0.172861 0.053015
vt 0.524666 0.107287
vt 0.532061 0.115490
vt 0.527207 0.119705
vt 0.519972 0.111680
vt 0.263904 0.016553
vt 0.274854 0.015119
vt 0.275570 0.021508
vt 0.264857 0.022911
vt 0.362826 0.018394
vt 0.373639 0.020638
vt 0.372216 0.026908
vt 0.361636 0.024712
vt 0.098869 0.099365
vt 0.106853 0.091735
vt 0.111208 0.096465
vt 0.103396 0.103930
vt 0.455648 0.052641
vt 0.465124 0.058314
vt 0.461719 0.063768
vt 0.452449 0.058217
vt 0.189791 0.037788
vt 0.192349 0.043686
vt 0.539146 0.123962
vt 0.534138 0.127994
vt 0.285851 0.014093
vt 0.286329 0.020505
vt 0.384362 0.023283
vt 0.382706 0.029495
vt 0.115116 0.084407
vt 0.119292 0.089296
vt 0.474382 0.064336
vt 0.470777 0.069659
vt 0.200003 0.033583
vt 0.202340 0.039572
vt 0.545911 0.132692
vt 0.540756 0.136535
vt 0.296878 0.013477
vt 0.297117 0.019902
vt 0.394979 0.026325
vt 0.393093 0.032471
vt 0.123645 0.077391
vt 0.127636 0.082432
vt 0.483409 0.070698
vt 0.479609 0.075883
vt 0.210364 0.029760
vt 0.212477 0.035832
vt 0.552346 0.141668
vt 0.547052 0.145316
vt 0.307920 0.013272
vt 0.307920 0.019701
vt 0.405475 0.029760
vt 0.403363 0.035832
vt 0.132430 0.070698
vt 0.136231 0.075883
vt 0.492194 0.077391
vt 0.488203 0.082432
vt 0.220861 0.026325
vt 0.222746 0.032471
vt 0.063494 0.141668
vt 0.069929 0.132692
vt 0.075083 0.136535
vt 0.068787 0.145316
vt 0.318962 0.013477
vt 0.318723 0.019902
vt 0.415837 0.033583
vt 0.413499 0.039572
vt 0.141458 0.064336
vt 0.145063 0.069659
vt 0.500724 0.084407
vt 0.496548 0.089295
vt 0.231478 0.023283
vt 0.233133 0.029495
vt 0.329989 0.014093
vt 0.329511 0.020505
vt 0.076694 0.123962
vt 0.081701 0.127994
vt 0.426049 0.037788
vt 0.423490 0.043686
vt 0.150716 0.058314
vt 0.154120 0.063768
vt 0.508986 0.091735
vt 0.504632 0.096465
vt 0.242200 0.020638
vt 0.243624 0.026908
vt 0.340985 0.015119
vt 0.340269 0.021508
vt 0.083779 0.115490
vt 0.088633 0.119705
vt 0.436097 0.042371
vt 0.433321 0.048170
vt 0.160191 0.052641
vt 0.163391 0.058217
vt 0.516971 0.099365
vt 0.512443 0.103930
vt 0.253014 0.018394
vt 0.254203 0.024712
vt 0.351936 0.016553
vt 0.350983 0.022911
vt 0.091174 0.107287
vt 0.095868 0.111680
vt 0.445968 0.047324
vt 0.442979 0.053015
vt 0.111528 0.280454
vt 0.107874 0.268580
vt 0.108189 0.268497
vt 0.111838 0.280353
vt 0.108504 0.268413
vt 0.112145 0.280244
vt 0.108819 0.268329
vt 0.112451 0.280130
vt 0.456286 0.261429
vt 0.453675 0.269913
vt 0.453453 0.269841
vt 0.456060 0.261369
vt 0.453233 0.269763
vt 0.455835 0.261310
vt 0.453015 0.269681
vt 0.455610 0.261250
vt 0.105152 0.256451
vt 0.105473 0.256392
vt 0.105794 0.256333
vt 0.106116 0.256274
vt 0.458230 0.252763
vt 0.458001 0.252721
vt 0.457772 0.252679
vt 0.457542 0.252636
vt 0.103378 0.244124
vt 0.103704 0.244090
vt 0.104029 0.244056
vt 0.104355 0.244023
vt 0.459498 0.243955
vt 0.459265 0.243931
vt 0.459033 0.243907
vt 0.458800 0.243883
vt 0.102566 0.231658
vt 0.102894 0.231650
vt 0.103222 0.231641
vt 0.103551 0.231633
vt 0.460078 0.235048
vt 0.459844 0.235042
vt 0.459609 0.235036
vt 0.459374 0.235030
vt 0.102725 0.219113
vt 0.103055 0.219130
vt 0.103384 0.219147
vt 0.103714 0.219164
vt 0.459964 0.226085
vt 0.459729 0.226097
vt 0.459494 0.226109
vt 0.459258 0.226121
vt 0.103866 0.206548
vt 0.104195 0.206591
vt 0.104524 0.206634
vt 0.104854 0.206677
vt 0.459150 0.217107
vt 0.458914 0.217138
vt 0.458679 0.217168
vt 0.458443 0.217199
vt 0.105994 0.194026
vt 0.106321 0.194094
vt 0.106649 0.194163
vt 0.106977 0.194232
vt 0.457629 0.208160
vt 0.457395 0.208209
vt 0.457161 0.208258
vt 0.456927 0.208308
vt 0.109114 0.181609
vt 0.109438 0.181703
vt 0.109762 0.181798
vt 0.110086 0.181894
vt 0.455400 0.199288
vt 0.455168 0.199356
vt 0.454937 0.199424
vt 0.454705 0.199492
vt 0.113227 0.169361
vt 0.113546 0.169482
vt 0.113864 0.169603
vt 0.114183 0.169724
vt 0.452461 0.190537
vt 0.452233 0.190623
vt 0.452006 0.190710
vt 0.451778 0.190796
vt 0.118332 0.157347
vt 0.118644 0.157494
vt 0.118955 0.157641
vt 0.119267 0.157788
vt 0.448813 0.181953
vt 0.448591 0.182058
vt 0.448368 0.182163
vt 0.448146 0.182268
vt 0.124425 0.145634
vt 0.124727 0.145807
vt 0.125030 0.145980
vt 0.125333 0.146153
vt 0.444460 0.173584
vt 0.444244 0.173708
vt 0.444028 0.173831
vt 0.443811 0.173955
vt 0.131497 0.134290
vt 0.131789 0.134488
vt 0.132081 0.134687
vt 0.132374 0.134885
vt 0.439407 0.165479
vt 0.439198 0.165620
vt 0.438990 0.165762
vt 0.438781 0.165904
vt 0.139538 0.123383
vt 0.139818 0.123606
vt 0.140098 0.123830
vt 0.140377 0.124054
vt 0.433662 0.157686
vt 0.433462 0.157845
vt 0.433262 0.158005
vt 0.433062 0.158165
vt 0.148533 0.112985
vt 0.148799 0.113233
vt 0.149064 0.113481
vt 0.149330 0.113729
vt 0.427235 0.150256
vt 0.427045 0.150433
vt 0.426856 0.150611
vt 0.426666 0.150788
vt 0.158424 0.103166
vt 0.158673 0.103436
vt 0.158922 0.103707
vt 0.159172 0.103978
vt 0.420168 0.143240
vt 0.419990 0.143434
vt 0.419812 0.143627
vt 0.419634 0.143821
vt 0.169147 0.093988
vt 0.169379 0.094280
vt 0.169611 0.094571
vt 0.169842 0.094864
vt 0.412506 0.136683
vt 0.412341 0.136891
vt 0.412175 0.137100
vt 0.412010 0.137309
vt 0.180638 0.085510
vt 0.180850 0.085821
vt 0.181063 0.086132
vt 0.181276 0.086443
vt 0.404297 0.130625
vt 0.404145 0.130847
vt 0.403993 0.131070
vt 0.403840 0.131292
vt 0.192827 0.077783
vt 0.193019 0.078112
vt 0.193211 0.078440
vt 0.193404 0.078769
vt 0.395588 0.125105
vt 0.395450 0.125339
vt 0.395313 0.125574
vt 0.395175 0.125809
vt 0.205643 0.070855
vt 0.205814 0.071199
vt 0.205985 0.071543
vt 0.206156 0.071887
vt 0.386430 0.120155
vt 0.386308 0.120400
vt 0.386186 0.120646
vt 0.386064 0.120892
vt 0.219013 0.064767
vt 0.219161 0.065124
vt 0.219310 0.065482
vt 0.219458 0.065840
vt 0.376877 0.115805
vt 0.376771 0.116060
vt 0.376665 0.116315
vt 0.376559 0.116571
vt 0.232861 0.059555
vt 0.232986 0.059923
vt 0.233111 0.060292
vt 0.233236 0.060662
vt 0.366983 0.112080
vt 0.366894 0.112344
vt 0.366804 0.112607
vt 0.366715 0.112871
vt 0.247111 0.055248
vt 0.247212 0.055627
vt 0.247312 0.056005
vt 0.247413 0.056384
vt 0.356802 0.109003
vt 0.356730 0.109274
vt 0.356658 0.109544
vt 0.356585 0.109815
vt 0.261683 0.051873
vt 0.261759 0.052259
vt 0.261835 0.052645
vt 0.261911 0.053031
vt 0.346390 0.106592
vt 0.346336 0.106867
vt 0.346281 0.107143
vt 0.346227 0.107419
vt 0.276497 0.049448
vt 0.276548 0.049839
vt 0.276599 0.050231
vt 0.276650 0.050622
vt 0.335805 0.104859
vt 0.335769 0.105139
vt 0.335732 0.105418
vt 0.335696 0.105698
vt 0.291474 0.047988
vt 0.291500 0.048382
vt 0.291525 0.048777
vt 0.291551 0.049172
vt 0.325104 0.103816
vt 0.325086 0.104098
vt 0.325067 0.104379
vt 0.325049 0.104662
vt 0.306533 0.047501
vt 0.306533 0.047896
vt 0.306533 0.048291
vt 0.306533 0.048687
vt 0.314345 0.103467
vt 0.314345 0.103750
vt 0.314345 0.104032
vt 0.314345 0.104315
vt 0.321591 0.047988
vt 0.321565 0.048382
vt 0.321540 0.048777
vt 0.321514 0.049172
vt 0.303586 0.103816
vt 0.303604 0.104098
vt 0.303622 0.104379
vt 0.303640 0.104662
vt 0.336568 0.049449
vt 0.336517 0.049839
vt 0.336466 0.050231
vt 0.336415 0.050623
vt 0.292885 0.104859
vt 0.292921 0.105139
vt 0.292957 0.105418
vt 0.292994 0.105698
vt 0.351383 0.051873
vt 0.351306 0.052259
vt 0.351230 0.052645
vt 0.351154 0.053031
vt 0.282299 0.106592
vt 0.282354 0.106867
vt 0.282408 0.107143
vt 0.282463 0.107419
vt 0.365954 0.055249
vt 0.365854 0.055627
vt 0.365753 0.056005
vt 0.365652 0.056384
vt 0.271888 0.109003
vt 0.271960 0.109273
vt 0.272032 0.109544
vt 0.272104 0.109815
vt 0.380204 0.059555
vt 0.380079 0.059924
vt 0.379954 0.060293
vt 0.379829 0.060662
vt 0.261707 0.112080
vt 0.261796 0.112343
vt 0.261885 0.112607
vt 0.261975 0.112871
vt 0.394052 0.064767
vt 0.393904 0.065125
vt 0.393755 0.065482
vt 0.393607 0.065840
vt 0.251812 0.115804
vt 0.251918 0.116059
vt 0.252024 0.116315
vt 0.252130 0.116571
vt 0.407422 0.070856
vt 0.407251 0.071199
vt 0.407081 0.071543
vt 0.406909 0.071888
vt 0.242259 0.120154
vt 0.242381 0.120400
vt 0.242503 0.120646
vt 0.242625 0.120892
vt 0.420239 0.077784
vt 0.420046 0.078112
vt 0.419854 0.078440
vt 0.419661 0.078769
vt 0.233102 0.125105
vt 0.233239 0.125339
vt 0.233377 0.125574
vt 0.233514 0.125809
vt 0.432428 0.085510
vt 0.432215 0.085821
vt 0.432002 0.086132
vt 0.431789 0.086443
vt 0.224393 0.130625
vt 0.224545 0.130847
vt 0.224697 0.131069
vt 0.224849 0.131292
vt 0.443918 0.093988
vt 0.443686 0.094280
vt 0.443455 0.094572
vt 0.443223 0.094864
vt 0.216183 0.136683
vt 0.216348 0.136891
vt 0.216514 0.137100
vt 0.216680 0.137308
vt 0.454641 0.103166
vt 0.454392 0.103436
vt 0.454143 0.103707
vt 0.453893 0.103978
vt 0.208521 0.143240
vt 0.208699 0.143433
vt 0.208877 0.143627
vt 0.209056 0.143821
vt 0.464532 0.112985
vt 0.464266 0.113233
vt 0.464001 0.113481
vt 0.463735 0.113729
vt 0.201454 0.150256
vt 0.201644 0.150433
vt 0.201834 0.150610
vt 0.202023 0.150788
vt 0.473527 0.123383
vt 0.473247 0.123607
vt 0.472967 0.123830
vt 0.472688 0.124054
vt 0.195027 0.157685
vt 0.195227 0.157845
vt 0.195427 0.158005
vt 0.195627 0.158165
vt 0.481568 0.134290
vt 0.481276 0.134488
vt 0.480984 0.134687
vt 0.480691 0.134886
vt 0.189282 0.165478
vt 0.189491 0.165620
vt 0.189699 0.165762
vt 0.189908 0.165904
vt 0.488640 0.145634
vt 0.488338 0.145807
vt 0.488035 0.145980
vt 0.487732 0.146153
vt 0.184229 0.173584
vt 0.184445 0.173707
vt 0.184661 0.173831
vt 0.184878 0.173955
vt 0.494733 0.157347
vt 0.494421 0.157494
vt 0.494110 0.157641
vt 0.493798 0.157789
vt 0.179876 0.181953
vt 0.180098 0.182058
vt 0.180321 0.182163
vt 0.180544 0.182268
vt 0.499838 0.169361
vt 0.499519 0.169482
vt 0.499201 0.169603
vt 0.498882 0.169724
vt 0.176228 0.190536
vt 0.176456 0.190623
vt 0.176683 0.190709
vt 0.176911 0.190796
vt 0.503951 0.181609
vt 0.503627 0.181704
vt 0.503303 0.181799
vt 0.502979 0.181894
vt 0.173289 0.199288
vt 0.173521 0.199355
vt 0.173752 0.199423
vt 0.173984 0.199491
vt 0.507071 0.194026
vt 0.506744 0.194095
vt 0.506416 0.194164
vt 0.506088 0.194233
vt 0.171060 0.208160
vt 0.171294 0.208209
vt 0.171528 0.208258
vt 0.171762 0.208307
vt 0.509199 0.206548
vt 0.508870 0.206591
vt 0.508541 0.206634
vt 0.508211 0.206677
vt 0.169539 0.217107
vt 0.169775 0.217137
vt 0.170010 0.217168
vt 0.170246 0.217199
vt 0.510340 0.219113
vt 0.510010 0.219130
vt 0.509681 0.219147
vt 0.509350 0.219164
vt 0.168724 0.226084
vt 0.168960 0.226096
vt 0.169195 0.226109
vt 0.169431 0.226121
vt 0.510499 0.231658
vt 0.510171 0.231650
vt 0.509843 0.231641
vt 0.509514 0.231633
vt 0.168610 0.235048
vt 0.168845 0.235042
vt 0.169080 0.235036
vt 0.169315 0.235030
vt 0.509687 0.244124
vt 0.509361 0.244090
vt 0.509036 0.244056
vt 0.508710 0.244023
vt 0.169191 0.243955
vt 0.169424 0.243931
vt 0.169656 0.243907
vt 0.169889 0.243882
vt 0.507913 0.256451
vt 0.507592 0.256392
vt 0.507271 0.256333
vt 0.506949 0.256274
vt 0.170459 0.252763
vt 0.170688 0.252721
vt 0.170917 0.252679
vt 0.171147 0.252636
vt 0.505191 0.268580
vt 0.504876 0.268497
vt 0.504561 0.268413
vt 0.504245 0.268329
vt 0.172403 0.261429
vt 0.172628 0.261369
vt 0.172854 0.261310
vt 0.173079 0.261250
vt 0.501537 0.280454
vt 0.501227 0.280353
vt 0.500920 0.280244
vt 0.500614 0.280130
vt 0.175014 0.269913
vt 0.175236 0.269841
vt 0.175455 0.269763
vt 0.175674 0.269681
vt 0.965293 0.216026
vt 0.968165 0.206695
vt 0.968420 0.206762
vt 0.965540 0.216118
vt 0.968675 0.206830
vt 0.965789 0.216207
vt 0.968929 0.206898
vt 0.966039 0.216288
vt 0.970303 0.197162
vt 0.970563 0.197210
vt 0.970823 0.197258
vt 0.971082 0.197305
vt 0.971695 0.187474
vt 0.971959 0.187501
vt 0.972222 0.187529
vt 0.972485 0.187556
vt 0.972331 0.177676
vt 0.972597 0.177683
vt 0.972863 0.177690
vt 0.973128 0.177697
vt 0.972202 0.167817
vt 0.972469 0.167803
vt 0.972736 0.167789
vt 0.973002 0.167775
vt 0.971301 0.157942
vt 0.971568 0.157908
vt 0.971834 0.157873
vt 0.972100 0.157838
vt 0.969623 0.148102
vt 0.969888 0.148046
vt 0.970152 0.147990
vt 0.970417 0.147935
vt 0.967164 0.138345
vt 0.967426 0.138268
vt 0.967688 0.138191
vt 0.967950 0.138114
vt 0.963925 0.128721
vt 0.964182 0.128623
vt 0.964440 0.128525
vt 0.964697 0.128428
vt 0.959905 0.119283
vt 0.960157 0.119164
vt 0.960408 0.119045
vt 0.960660 0.118926
vt 0.955108 0.110082
vt 0.955353 0.109942
vt 0.955597 0.109803
vt 0.955842 0.109663
vt 0.949541 0.101172
vt 0.949777 0.101012
vt 0.950013 0.100851
vt 0.950249 0.100691
vt 0.943212 0.092607
vt 0.943438 0.092426
vt 0.943664 0.092245
vt 0.943890 0.092065
vt 0.936133 0.084443
vt 0.936347 0.084242
vt 0.936562 0.084041
vt 0.936776 0.083841
vt 0.928350 0.076732
vt 0.928552 0.076513
vt 0.928753 0.076294
vt 0.928955 0.076075
vt 0.919912 0.069524
vt 0.920100 0.069288
vt 0.920287 0.069053
vt 0.920474 0.068817
vt 0.910871 0.062866
vt 0.911043 0.062614
vt 0.911215 0.062363
vt 0.911387 0.062112
vt 0.901281 0.056797
vt 0.901437 0.056531
vt 0.901592 0.056266
vt 0.901748 0.056001
vt 0.891197 0.051356
vt 0.891336 0.051077
vt 0.891474 0.050799
vt 0.891612 0.050522
vt 0.880678 0.046573
vt 0.880799 0.046284
vt 0.880918 0.045995
vt 0.881038 0.045706
vt 0.869783 0.042479
vt 0.869884 0.042180
vt 0.869985 0.041882
vt 0.870086 0.041584
vt 0.858573 0.039096
vt 0.858654 0.038790
vt 0.858736 0.038484
vt 0.858817 0.038178
vt 0.847109 0.036445
vt 0.847170 0.036132
vt 0.847232 0.035820
vt 0.847293 0.035509
vt 0.835454 0.034540
vt 0.835495 0.034223
vt 0.835536 0.033907
vt 0.835577 0.033591
vt 0.823671 0.033393
vt 0.823691 0.033074
vt 0.823712 0.032755
vt 0.823733 0.032436
vt 0.811824 0.033010
vt 0.811824 0.032690
vt 0.811824 0.032370
vt 0.811824 0.032050
vt 0.799977 0.033393
vt 0.799957 0.033074
vt 0.799936 0.032755
vt 0.799915 0.032436
vt 0.788195 0.034540
vt 0.788153 0.034223
vt 0.788112 0.033907
vt 0.788071 0.033591
vt 0.776539 0.036445
vt 0.776478 0.036132
vt 0.776416 0.035821
vt 0.776355 0.035509
vt 0.765075 0.039096
vt 0.764994 0.038790
vt 0.764912 0.038484
vt 0.764831 0.038178
vt 0.753865 0.042479
vt 0.753764 0.042180
vt 0.753663 0.041882
vt 0.753562 0.041584
vt 0.742970 0.046574
vt 0.742850 0.046284
vt 0.742730 0.045995
vt 0.742610 0.045707
vt 0.732451 0.051356
vt 0.732313 0.051077
vt 0.732174 0.050799
vt 0.732036 0.050522
vt 0.722367 0.056798
vt 0.722212 0.056532
vt 0.722056 0.056266
vt 0.721901 0.056001
vt 0.712777 0.062866
vt 0.712605 0.062614
vt 0.712433 0.062363
vt 0.712261 0.062112
vt 0.703736 0.069525
vt 0.703549 0.069288
vt 0.703361 0.069053
vt 0.703174 0.068817
vt 0.695298 0.076732
vt 0.695097 0.076513
vt 0.694895 0.076294
vt 0.694694 0.076075
vt 0.687516 0.084443
vt 0.687301 0.084242
vt 0.687086 0.084041
vt 0.686872 0.083841
vt 0.680437 0.092607
vt 0.680210 0.092426
vt 0.679984 0.092245
vt 0.679758 0.092065
vt 0.674108 0.101172
vt 0.673871 0.101012
vt 0.673635 0.100851
vt 0.673399 0.100691
vt 0.668540 0.110082
vt 0.668295 0.109943
vt 0.668051 0.109803
vt 0.667806 0.109663
vt 0.663744 0.119283
vt 0.663492 0.119164
vt 0.663240 0.119045
vt 0.662988 0.118927
vt 0.659724 0.128722
vt 0.659466 0.128623
vt 0.659209 0.128526
vt 0.658951 0.128428
vt 0.656484 0.138345
vt 0.656222 0.138268
vt 0.655960 0.138191
vt 0.655698 0.138114
vt 0.654025 0.148102
vt 0.653760 0.148046
vt 0.653496 0.147990
vt 0.653231 0.147935
vt 0.652347 0.157942
vt 0.652081 0.157908
vt 0.651814 0.157873
vt 0.651548 0.157838
vt 0.651446 0.167817
vt 0.651179 0.167803
vt 0.650913 0.167789
vt 0.650646 0.167775
vt 0.651317 0.177676
vt 0.651051 0.177683
vt 0.650786 0.177690
vt 0.650520 0.177697
vt 0.651953 0.187474
vt 0.651689 0.187501
vt 0.651426 0.187529
vt 0.651163 0.187556
vt 0.653345 0.197162
vt 0.653085 0.197210
vt 0.652826 0.197258
vt 0.652566 0.197305
vt 0.655483 0.206695
vt 0.655228 0.206762
vt 0.654974 0.206830
vt 0.654719 0.206898
vt 0.658356 0.216026
vt 0.658108 0.216118
vt 0.657860 0.216207
vt 0.657609 0.216288
vt 0.609329 0.228264
vt 0.605754 0.216648
vt 0.606069 0.216564
vt 0.609639 0.228164
vt 0.606384 0.216480
vt 0.609947 0.228054
vt 0.606700 0.216396
vt 0.610253 0.227940
vt 0.603091 0.204781
vt 0.603412 0.204722
vt 0.603733 0.204663
vt 0.604055 0.204604
vt 0.601355 0.192721
vt 0.601681 0.192687
vt 0.602006 0.192653
vt 0.602332 0.192619
vt 0.600560 0.180524
vt 0.600888 0.180516
vt 0.601217 0.180507
vt 0.601545 0.180499
vt 0.600716 0.168250
vt 0.601045 0.168267
vt 0.601375 0.168284
vt 0.601705 0.168301
vt 0.601832 0.155957
vt 0.602161 0.156000
vt 0.602490 0.156043
vt 0.602820 0.156086
vt 0.603914 0.143706
vt 0.604241 0.143775
vt 0.604568 0.143844
vt 0.604896 0.143913
vt 0.606966 0.131557
vt 0.607290 0.131652
vt 0.607613 0.131747
vt 0.607938 0.131842
vt 0.610990 0.119574
vt 0.611308 0.119695
vt 0.611627 0.119816
vt 0.611946 0.119938
vt 0.615984 0.107820
vt 0.616295 0.107967
vt 0.616607 0.108114
vt 0.616919 0.108262
vt 0.621944 0.096361
vt 0.622247 0.096533
vt 0.622550 0.096706
vt 0.622853 0.096880
vt 0.628863 0.085262
vt 0.629155 0.085460
vt 0.629447 0.085658
vt 0.629740 0.085857
vt 0.636730 0.074590
vt 0.637010 0.074814
vt 0.637289 0.075038
vt 0.637569 0.075262
vt 0.645530 0.064417
vt 0.645796 0.064665
vt 0.646061 0.064913
vt 0.646327 0.065161
vt 0.655206 0.054810
vt 0.655456 0.055081
vt 0.655705 0.055351
vt 0.655954 0.055623
vt 0.665697 0.045831
vt 0.665929 0.046123
vt 0.666161 0.046414
vt 0.666393 0.046707
vt 0.676939 0.037536
vt 0.677151 0.037847
vt 0.677364 0.038158
vt 0.677577 0.038469
vt 0.688864 0.029977
vt 0.689056 0.030305
vt 0.689248 0.030633
vt 0.689441 0.030962
vt 0.701402 0.023199
vt 0.701573 0.023542
vt 0.701744 0.023886
vt 0.701915 0.024230
vt 0.714483 0.017242
vt 0.714631 0.017599
vt 0.714779 0.017957
vt 0.714928 0.018314
vt 0.728031 0.012142
vt 0.728156 0.012511
vt 0.728281 0.012880
vt 0.728406 0.013249
vt 0.741971 0.007929
vt 0.742072 0.008307
vt 0.742173 0.008686
vt 0.742274 0.009065
vt 0.756228 0.004627
vt 0.756304 0.005012
vt 0.756380 0.005398
vt 0.756456 0.005785
vt 0.770721 0.002254
vt 0.770772 0.002645
vt 0.770823 0.003036
vt 0.770874 0.003428
vt 0.785374 0.000826
vt 0.785399 0.001220
vt 0.785425 0.001614
vt 0.785451 0.002009
vt 0.800106 0.000348
vt 0.800106 0.000744
vt 0.800106 0.001139
vt 0.800106 0.001535
vt 0.814838 0.000826
vt 0.814812 0.001220
vt 0.814787 0.001614
vt 0.814761 0.002009
vt 0.829491 0.002254
vt 0.829440 0.002645
vt 0.829389 0.003036
vt 0.829337 0.003428
vt 0.843984 0.004627
vt 0.843908 0.005012
vt 0.843832 0.005398
vt 0.843756 0.005785
vt 0.858240 0.007929
vt 0.858140 0.008307
vt 0.858039 0.008686
vt 0.857938 0.009065
vt 0.872181 0.012142
vt 0.872056 0.012511
vt 0.871931 0.012880
vt 0.871806 0.013249
vt 0.885729 0.017242
vt 0.885581 0.017599
vt 0.885433 0.017957
vt 0.885284 0.018314
vt 0.898810 0.023199
vt 0.898639 0.023542
vt 0.898468 0.023886
vt 0.898297 0.024230
vt 0.911348 0.029977
vt 0.911156 0.030305
vt 0.910964 0.030633
vt 0.910771 0.030962
vt 0.923273 0.037536
vt 0.923061 0.037847
vt 0.922848 0.038158
vt 0.922635 0.038469
vt 0.934515 0.045831
vt 0.934283 0.046123
vt 0.934051 0.046414
vt 0.933819 0.046707
vt 0.945006 0.054810
vt 0.944756 0.055081
vt 0.944507 0.055351
vt 0.944257 0.055623
vt 0.954682 0.064417
vt 0.954416 0.064665
vt 0.954151 0.064913
vt 0.953885 0.065161
vt 0.963482 0.074590
vt 0.963202 0.074814
vt 0.962923 0.075038
vt 0.962642 0.075262
vt 0.971349 0.085262
vt 0.971057 0.085460
vt 0.970764 0.085658
vt 0.970472 0.085857
vt 0.978268 0.096361
vt 0.977965 0.096533
vt 0.977662 0.096706
vt 0.977359 0.096880
vt 0.984228 0.107820
vt 0.983916 0.107967
vt 0.983605 0.108114
vt 0.983293 0.108262
vt 0.989222 0.119574
vt 0.988904 0.119695
vt 0.988585 0.119816
vt 0.988266 0.119938
vt 0.993246 0.131557
vt 0.992922 0.131652
vt 0.992598 0.131747
vt 0.992274 0.131842
vt 0.996298 0.143706
vt 0.995971 0.143775
vt 0.995643 0.143844
vt 0.995316 0.143913
vt 0.998380 0.155957
vt 0.998051 0.156000
vt 0.997721 0.156043
vt 0.997392 0.156086
vt 0.999496 0.168250
vt 0.999166 0.168267
vt 0.998837 0.168284
vt 0.998507 0.168301
vt 0.999652 0.180524
vt 0.999323 0.180516
vt 0.998995 0.180507
vt 0.998666 0.180499
vt 0.998856 0.192721
vt 0.998531 0.192687
vt 0.998205 0.192653
vt 0.997880 0.192619
vt 0.997121 0.204781
vt 0.996800 0.204722
vt 0.996479 0.204663
vt 0.996157 0.204604
vt 0.994458 0.216648
vt 0.994143 0.216564
vt 0.993828 0.216480
vt 0.993512 0.216396
vt 0.990883 0.228264
vt 0.990573 0.228163
vt 0.990265 0.228054
vt 0.989959 0.227940
vt 0.141077 0.557001
vt 0.165045 0.540457
vt 0.166186 0.542344
vt 0.142437 0.558737
vt 0.324184 0.364893
vt 0.324184 0.363094
vt 0.337907 0.363094
vt 0.337907 0.364893
vt 0.667273 0.367390
vt 0.667273 0.365590
vt 0.680996 0.365590
vt 0.680996 0.367390
vt 0.119277 0.576314
vt 0.120837 0.577873
vt 0.351631 0.363094
vt 0.351631 0.364893
vt 0.190832 0.526923
vt 0.191737 0.528934
vt 0.365354 0.363094
vt 0.365354 0.364893
vt 0.218063 0.516595
vt 0.218719 0.518701
vt 0.379078 0.363094
vt 0.379078 0.364893
vt 0.246341 0.509626
vt 0.246738 0.511795
vt 0.392802 0.363094
vt 0.392802 0.364893
vt 0.275252 0.506115
vt 0.275385 0.508316
vt 0.406525 0.363094
vt 0.406525 0.364893
vt 0.304376 0.506115
vt 0.304242 0.508316
vt 0.420249 0.363094
vt 0.420249 0.364893
vt 0.333287 0.509626
vt 0.332889 0.511795
vt 0.433972 0.363094
vt 0.433972 0.364893
vt 0.361564 0.516595
vt 0.360908 0.518701
vt 0.447696 0.363094
vt 0.447696 0.364893
vt 0.388795 0.526923
vt 0.387890 0.528934
vt 0.461419 0.363094
vt 0.461419 0.364893
vt 0.414583 0.540457
vt 0.413442 0.542344
vt 0.475143 0.363094
vt 0.475143 0.364893
vt 0.438551 0.557001
vt 0.437191 0.558737
vt 0.488867 0.363094
vt 0.488867 0.364893
vt 0.460350 0.576314
vt 0.458791 0.577873
vt 0.502590 0.363094
vt 0.502590 0.364893
vt 0.479663 0.598113
vt 0.477927 0.599473
vt 0.516314 0.363094
vt 0.516314 0.364893
vt 0.496207 0.622081
vt 0.494320 0.623222
vt 0.530037 0.363094
vt 0.530037 0.364893
vt 0.509741 0.647869
vt 0.507730 0.648774
vt 0.543761 0.363094
vt 0.543761 0.364893
vt 0.520069 0.675100
vt 0.517963 0.675756
vt 0.557484 0.363094
vt 0.557484 0.364893
vt 0.527038 0.703377
vt 0.524869 0.703775
vt 0.571208 0.363094
vt 0.571208 0.364893
vt 0.530549 0.732289
vt 0.528348 0.732422
vt 0.584931 0.363094
vt 0.584931 0.364893
vt 0.530549 0.761412
vt 0.528348 0.761279
vt 0.598655 0.363094
vt 0.598655 0.364893
vt 0.527038 0.790323
vt 0.524869 0.789926
vt 0.612379 0.363094
vt 0.612379 0.364893
vt 0.520069 0.818601
vt 0.517963 0.817945
vt 0.626102 0.363094
vt 0.626102 0.364893
vt 0.509741 0.845832
vt 0.507730 0.844927
vt 0.639826 0.363094
vt 0.639826 0.364893
vt 0.496207 0.871619
vt 0.494320 0.870479
vt 0.653549 0.363094
vt 0.653549 0.364893
vt 0.479663 0.895588
vt 0.477927 0.894228
vt 0.667273 0.363094
vt 0.667273 0.364893
vt 0.460350 0.917387
vt 0.458791 0.915828
vt 0.680996 0.363094
vt 0.680996 0.364893
vt 0.438551 0.936699
vt 0.437191 0.934964
vt 0.324184 0.367390
vt 0.324184 0.365590
vt 0.337907 0.365590
vt 0.337907 0.367390
vt 0.414583 0.953243
vt 0.413442 0.951356
vt 0.351631 0.365590
vt 0.351631 0.367390
vt 0.388795 0.966778
vt 0.387890 0.964767
vt 0.365354 0.365590
vt 0.365354 0.367390
vt 0.361564 0.977105
vt 0.360908 0.975000
vt 0.379078 0.365590
vt 0.379078 0.367390
vt 0.333287 0.984075
vt 0.332889 0.981906
vt 0.392802 0.365590
vt 0.392802 0.367390
vt 0.304376 0.987586
vt 0.304243 0.985384
vt 0.406525 0.365590
vt 0.406525 0.367390
vt 0.275252 0.987586
vt 0.275385 0.985384
vt 0.420249 0.365590
vt 0.420249 0.367390
vt 0.246341 0.984075
vt 0.246738 0.981906
vt 0.433972 0.365590
vt 0.433972 0.367390
vt 0.218064 0.977105
vt 0.218720 0.975000
vt 0.447696 0.365590
vt 0.447696 0.367390
vt 0.190832 0.966778
vt 0.191738 0.964767
vt 0.461419 0.365590
vt 0.461419 0.367390
vt 0.165045 0.953243
vt 0.166186 0.951356
vt 0.475143 0.365590
vt 0.475143 0.367390
vt 0.141077 0.936699
vt 0.142437 0.934964
vt 0.488867 0.365590
vt 0.488867 0.367390
vt 0.119277 0.917387
vt 0.120837 0.915828
vt 0.502590 0.365590
vt 0.502590 0.367390
vt 0.099965 0.895588
vt 0.101701 0.894228
vt 0.516314 0.365590
vt 0.516314 0.367390
vt 0.083421 0.871619
vt 0.085308 0.870479
vt 0.530037 0.365590
vt 0.530037 0.367390
vt 0.069886 0.845832
vt 0.071897 0.844927
vt 0.543761 0.365590
vt 0.543761 0.367390
vt 0.059559 0.818601
vt 0.061664 0.817945
vt 0.557484 0.365590
vt 0.557484 0.367390
vt 0.052589 0.790323
vt 0.054758 0.789926
vt 0.571208 0.365590
vt 0.571208 0.367390
vt 0.049079 0.761412
vt 0.051280 0.761279
vt 0.584931 0.365590
vt 0.584931 0.367390
vt 0.049079 0.732289
vt 0.051280 0.732422
vt 0.598655 0.365590
vt 0.598655 0.367390
vt 0.052589 0.703377
vt 0.054758 0.703775
vt 0.612379 0.365590
vt 0.612379 0.367390
vt 0.059559 0.675100
vt 0.061664 0.675756
vt 0.626102 0.365590
vt 0.626102 0.367390
vt 0.069886 0.647869
vt 0.071897 0.648774
vt 0.639826 0.365590
vt 0.639826 0.367390
vt 0.083421 0.622081
vt 0.085308 0.623222
vt 0.653549 0.365590
vt 0.653549 0.367390
vt 0.099965 0.598113
vt 0.101701 0.599473
vt 0.000958 0.000348
vt 0.000958 0.013775
vt 0.000348 0.013775
vt 0.000348 0.000348
vt 0.896477 0.563410
vt 0.886490 0.572257
vt 0.885876 0.571474
vt 0.895773 0.562706
vt 0.905324 0.553423
vt 0.904541 0.552809
vt 0.000958 0.685093
vt 0.000958 0.698519
vt 0.000348 0.698519
vt 0.000348 0.685093
vt 0.000958 0.027201
vt 0.000348 0.027201
vt 0.912903 0.542443
vt 0.912052 0.541928
vt 0.000958 0.040627
vt 0.000348 0.040627
vt 0.919104 0.530629
vt 0.918196 0.530220
vt 0.000958 0.054054
vt 0.000348 0.054054
vt 0.923835 0.518154
vt 0.922885 0.517858
vt 0.000958 0.067480
vt 0.000348 0.067480
vt 0.927028 0.505199
vt 0.926049 0.505020
vt 0.000958 0.080906
vt 0.000348 0.080906
vt 0.928636 0.491954
vt 0.927643 0.491894
vt 0.000958 0.094333
vt 0.000348 0.094333
vt 0.928636 0.478612
vt 0.927643 0.478672
vt 0.000958 0.107759
vt 0.000348 0.107759
vt 0.927028 0.465367
vt 0.926049 0.465547
vt 0.000958 0.121186
vt 0.000348 0.121186
vt 0.923835 0.452413
vt 0.922885 0.452709
vt 0.000958 0.134612
vt 0.000348 0.134612
vt 0.919104 0.439938
vt 0.918196 0.440346
vt 0.000958 0.148038
vt 0.000348 0.148038
vt 0.912903 0.428124
vt 0.912051 0.428639
vt 0.000958 0.161465
vt 0.000348 0.161465
vt 0.905324 0.417143
vt 0.904541 0.417757
vt 0.000958 0.174891
vt 0.000348 0.174891
vt 0.896477 0.407156
vt 0.895773 0.407860
vt 0.000958 0.188317
vt 0.000348 0.188317
vt 0.886490 0.398309
vt 0.885876 0.399092
vt 0.000958 0.201744
vt 0.000348 0.201744
vt 0.875509 0.390730
vt 0.874994 0.391582
vt 0.000958 0.215170
vt 0.000348 0.215170
vt 0.863695 0.384529
vt 0.863287 0.385437
vt 0.000958 0.228596
vt 0.000348 0.228596
vt 0.851220 0.379798
vt 0.850924 0.380748
vt 0.000958 0.242023
vt 0.000348 0.242023
vt 0.838266 0.376605
vt 0.838086 0.377584
vt 0.825021 0.374997
vt 0.824961 0.375990
vt 0.000958 0.255449
vt 0.000348 0.255449
vt 0.811679 0.374997
vt 0.811739 0.375990
vt 0.000958 0.268875
vt 0.000348 0.268875
vt 0.798434 0.376605
vt 0.798613 0.377584
vt 0.000958 0.282302
vt 0.000348 0.282302
vt 0.000958 0.295728
vt 0.000348 0.295728
vt 0.785479 0.379798
vt 0.785775 0.380748
vt 0.000958 0.309155
vt 0.000348 0.309155
vt 0.773004 0.384529
vt 0.773413 0.385437
vt 0.000958 0.322581
vt 0.000348 0.322581
vt 0.761190 0.390730
vt 0.761705 0.391582
vt 0.000958 0.336007
vt 0.000348 0.336007
vt 0.750210 0.398309
vt 0.750824 0.399093
vt 0.000958 0.349434
vt 0.000348 0.349434
vt 0.740223 0.407157
vt 0.740927 0.407860
vt 0.000958 0.362860
vt 0.000348 0.362860
vt 0.731376 0.417143
vt 0.732159 0.417757
vt 0.000958 0.376286
vt 0.000348 0.376286
vt 0.723796 0.428124
vt 0.724648 0.428639
vt 0.000958 0.389713
vt 0.000348 0.389713
vt 0.717596 0.439938
vt 0.718504 0.440346
vt 0.000958 0.403139
vt 0.000348 0.403139
vt 0.712865 0.452413
vt 0.713815 0.452709
vt 0.000958 0.416565
vt 0.000348 0.416565
vt 0.709672 0.465367
vt 0.710651 0.465547
vt 0.000958 0.429992
vt 0.000348 0.429992
vt 0.708064 0.478612
vt 0.709057 0.478672
vt 0.000958 0.443418
vt 0.000348 0.443418
vt 0.708064 0.491954
vt 0.709057 0.491894
vt 0.000958 0.456844
vt 0.000348 0.456844
vt 0.709672 0.505199
vt 0.710651 0.505020
vt 0.000958 0.470271
vt 0.000348 0.470271
vt 0.712865 0.518154
vt 0.713815 0.517858
vt 0.000958 0.483697
vt 0.000348 0.483697
vt 0.717596 0.530629
vt 0.718504 0.530220
vt 0.000958 0.497124
vt 0.000348 0.497124
vt 0.723796 0.542443
vt 0.724648 0.541928
vt 0.000958 0.510550
vt 0.000348 0.510550
vt 0.731376 0.553423
vt 0.732159 0.552809
vt 0.000958 0.523976
vt 0.000348 0.523976
vt 0.740223 0.563410
vt 0.740927 0.562706
vt 0.000958 0.537403
vt 0.000348 0.537403
vt 0.750210 0.572257
vt 0.750824 0.571474
vt 0.000958 0.550829
vt 0.000348 0.550829
vt 0.761190 0.579837
vt 0.761705 0.578985
vt 0.000958 0.564255
vt 0.000348 0.564255
vt 0.773004 0.586037
vt 0.773413 0.585129
vt 0.000958 0.577682
vt 0.000348 0.577682
vt 0.785479 0.590768
vt 0.785776 0.589818
vt 0.000958 0.591108
vt 0.000348 0.591108
vt 0.798434 0.593961
vt 0.798613 0.592982
vt 0.000958 0.604534
vt 0.000348 0.604534
vt 0.811679 0.595569
vt 0.811739 0.594576
vt 0.000958 0.617961
vt 0.000348 0.617961
vt 0.825021 0.595569
vt 0.824961 0.594576
vt 0.000958 0.631387
vt 0.000348 0.631387
vt 0.838266 0.593961
vt 0.838086 0.592982
vt 0.000958 0.644813
vt 0.000348 0.644813
vt 0.851220 0.590768
vt 0.850924 0.589818
vt 0.000958 0.658240
vt 0.000348 0.658240
vt 0.863696 0.586037
vt 0.863287 0.585129
vt 0.000958 0.671666
vt 0.000348 0.671666
vt 0.875510 0.579837
vt 0.874995 0.578985
vt 0.376211 0.372900
vt 0.373151 0.372900
vt 0.373151 0.368087
vt 0.376211 0.368087
vt 0.802417 0.317605
vt 0.815892 0.319241
vt 0.815859 0.319779
vt 0.802319 0.318135
vt 0.829466 0.319241
vt 0.829499 0.319779
vt 0.789236 0.314357
vt 0.802416 0.317605
vt 0.802319 0.318135
vt 0.789076 0.314871
vt 0.842941 0.317604
vt 0.843039 0.318135
vt 0.856121 0.314356
vt 0.856282 0.314871
vt 0.868813 0.309542
vt 0.869035 0.310034
vt 0.880833 0.303234
vt 0.881112 0.303695
vt 0.892004 0.295523
vt 0.892337 0.295947
vt 0.902165 0.286521
vt 0.902546 0.286903
vt 0.911166 0.276361
vt 0.911590 0.276693
vt 0.918877 0.265189
vt 0.919338 0.265468
vt 0.925185 0.253170
vt 0.925677 0.253391
vt 0.929999 0.240478
vt 0.930513 0.240638
vt 0.933247 0.227298
vt 0.933777 0.227395
vt 0.934883 0.213823
vt 0.935421 0.213855
vt 0.934883 0.200249
vt 0.935421 0.200216
vt 0.933247 0.186773
vt 0.933777 0.186676
vt 0.929998 0.173593
vt 0.930513 0.173433
vt 0.925185 0.160901
vt 0.925676 0.160680
vt 0.918876 0.148882
vt 0.919338 0.148603
vt 0.911165 0.137710
vt 0.911590 0.137378
vt 0.902164 0.127550
vt 0.902545 0.127169
vt 0.892003 0.118549
vt 0.892336 0.118124
vt 0.880832 0.110838
vt 0.881111 0.110376
vt 0.868813 0.104529
vt 0.869034 0.104038
vt 0.856120 0.099716
vt 0.856281 0.099201
vt 0.842940 0.096467
vt 0.843038 0.095937
vt 0.829465 0.094831
vt 0.829498 0.094293
vt 0.815891 0.094831
vt 0.815858 0.094293
vt 0.802416 0.096467
vt 0.802318 0.095937
vt 0.789236 0.099716
vt 0.789075 0.099201
vt 0.776544 0.104530
vt 0.776322 0.104038
vt 0.764524 0.110838
vt 0.764245 0.110377
vt 0.753353 0.118549
vt 0.753020 0.118125
vt 0.743192 0.127550
vt 0.742811 0.127169
vt 0.734191 0.137711
vt 0.733766 0.137378
vt 0.726480 0.148882
vt 0.726018 0.148604
vt 0.720171 0.160902
vt 0.719680 0.160681
vt 0.715358 0.173594
vt 0.714843 0.173434
vt 0.712109 0.186774
vt 0.711579 0.186677
vt 0.710473 0.200249
vt 0.709935 0.200217
vt 0.710473 0.213824
vt 0.709935 0.213856
vt 0.712109 0.227299
vt 0.711579 0.227396
vt 0.715358 0.240479
vt 0.714843 0.240639
vt 0.720172 0.253171
vt 0.719680 0.253392
vt 0.726480 0.265190
vt 0.726018 0.265469
vt 0.734191 0.276362
vt 0.733767 0.276694
vt 0.743192 0.286522
vt 0.742811 0.286904
vt 0.753353 0.295524
vt 0.753020 0.295948
vt 0.764524 0.303235
vt 0.764245 0.303696
vt 0.776544 0.309543
vt 0.776323 0.310035
vt 0.719213 0.784309
vt 0.717354 0.789209
vt 0.578159 0.745834
vt 0.586260 0.724472
vt 0.721648 0.779669
vt 0.596878 0.704242
vt 0.724625 0.775356
vt 0.609856 0.685440
vt 0.728100 0.771433
vt 0.625006 0.668339
vt 0.732023 0.767958
vt 0.642107 0.653189
vt 0.736336 0.764981
vt 0.660910 0.640211
vt 0.740976 0.762546
vt 0.681139 0.629593
vt 0.745876 0.760687
vt 0.702501 0.621492
vt 0.750964 0.759433
vt 0.724684 0.616024
vt 0.756166 0.758801
vt 0.747364 0.613270
vt 0.761407 0.758802
vt 0.770210 0.613270
vt 0.766609 0.759433
vt 0.792890 0.616024
vt 0.771698 0.760687
vt 0.815073 0.621492
vt 0.776598 0.762546
vt 0.836435 0.629593
vt 0.781238 0.764981
vt 0.856664 0.640211
vt 0.785551 0.767958
vt 0.875467 0.653189
vt 0.789473 0.771433
vt 0.892568 0.668339
vt 0.792948 0.775356
vt 0.907718 0.685440
vt 0.795925 0.779669
vt 0.920696 0.704242
vt 0.798361 0.784309
vt 0.931313 0.724472
vt 0.800219 0.789209
vt 0.939415 0.745834
vt 0.801473 0.794297
vt 0.944882 0.768017
vt 0.802105 0.799499
vt 0.947636 0.790696
vt 0.802105 0.804740
vt 0.947636 0.813543
vt 0.801473 0.809942
vt 0.944882 0.836223
vt 0.800219 0.815031
vt 0.939415 0.858406
vt 0.798361 0.819930
vt 0.931313 0.879768
vt 0.795925 0.824571
vt 0.920696 0.899997
vt 0.792948 0.828884
vt 0.907718 0.918800
vt 0.789473 0.832806
vt 0.892567 0.935900
vt 0.785551 0.836281
vt 0.875467 0.951051
vt 0.781238 0.839258
vt 0.856664 0.964029
vt 0.776598 0.841694
vt 0.836435 0.974646
vt 0.771698 0.843552
vt 0.815073 0.982748
vt 0.766609 0.844806
vt 0.792890 0.988215
vt 0.761407 0.845438
vt 0.770210 0.990969
vt 0.756166 0.845438
vt 0.747363 0.990969
vt 0.750964 0.844806
vt 0.724683 0.988215
vt 0.745876 0.843552
vt 0.702501 0.982747
vt 0.740976 0.841694
vt 0.681139 0.974646
vt 0.736336 0.839258
vt 0.660909 0.964029
vt 0.732023 0.836281
vt 0.642107 0.951050
vt 0.728100 0.832806
vt 0.625006 0.935900
vt 0.724625 0.828884
vt 0.609856 0.918799
vt 0.721648 0.824571
vt 0.596878 0.899997
vt 0.719213 0.819930
vt 0.586260 0.879767
vt 0.717354 0.815031
vt 0.578159 0.858405
vt 0.716100 0.809942
vt 0.572691 0.836223
vt 0.715469 0.804740
vt 0.569938 0.813543
vt 0.715469 0.799499
vt 0.569938 0.790696
vt 0.716100 0.794297
vt 0.572691 0.768016
vt 0.479640 0.416837
vt 0.477030 0.415238
vt 0.489511 0.396008
vt 0.491098 0.396980
vt 0.455782 0.372900
vt 0.452722 0.372900
vt 0.452722 0.368087
vt 0.455782 0.368087
vt 0.370090 0.372900
vt 0.370090 0.368087
vt 0.449661 0.372900
vt 0.449661 0.368087
vt 0.367030 0.372900
vt 0.367030 0.368087
vt 0.446601 0.372900
vt 0.446601 0.368087
vt 0.363969 0.372900
vt 0.363969 0.368087
vt 0.443540 0.372900
vt 0.443540 0.368087
vt 0.360909 0.372900
vt 0.360909 0.368087
vt 0.440480 0.372900
vt 0.440480 0.368087
vt 0.357848 0.372900
vt 0.357848 0.368087
vt 0.437419 0.372900
vt 0.437419 0.368087
vt 0.354788 0.372900
vt 0.354788 0.368087
vt 0.434359 0.372900
vt 0.434359 0.368087
vt 0.351728 0.372900
vt 0.351728 0.368087
vt 0.431299 0.372900
vt 0.431299 0.368087
vt 0.348667 0.372900
vt 0.348667 0.368087
vt 0.428238 0.372900
vt 0.428238 0.368087
vt 0.345607 0.372900
vt 0.345607 0.368087
vt 0.425178 0.372900
vt 0.425178 0.368087
vt 0.342546 0.372900
vt 0.342546 0.368087
vt 0.422117 0.372900
vt 0.422117 0.368087
vt 0.339486 0.372900
vt 0.339486 0.368087
vt 0.419057 0.372900
vt 0.419057 0.368087
vt 0.336425 0.372900
vt 0.336425 0.368087
vt 0.415996 0.372900
vt 0.415996 0.368087
vt 0.333365 0.372900
vt 0.333365 0.368087
vt 0.412936 0.372900
vt 0.412936 0.368087
vt 0.330305 0.372900
vt 0.330305 0.368087
vt 0.409876 0.372900
vt 0.409876 0.368087
vt 0.327244 0.372900
vt 0.327244 0.368087
vt 0.406815 0.372900
vt 0.406815 0.368087
vt 0.324184 0.372900
vt 0.324184 0.368087
vt 0.403755 0.372900
vt 0.403755 0.368087
vt 0.400694 0.372900
vt 0.400694 0.368087
vt 0.483326 0.372900
vt 0.480265 0.372900
vt 0.480265 0.368087
vt 0.483326 0.368087
vt 0.397634 0.372900
vt 0.397634 0.368087
vt 0.477205 0.372900
vt 0.477205 0.368087
vt 0.394573 0.372900
vt 0.394573 0.368087
vt 0.474144 0.372900
vt 0.474144 0.368087
vt 0.391513 0.372900
vt 0.391513 0.368087
vt 0.471084 0.372900
vt 0.471084 0.368087
vt 0.388453 0.372900
vt 0.388453 0.368087
vt 0.468024 0.372900
vt 0.468024 0.368087
vt 0.385392 0.372900
vt 0.385392 0.368087
vt 0.464963 0.372900
vt 0.464963 0.368087
vt 0.382332 0.372900
vt 0.382332 0.368087
vt 0.461903 0.372900
vt 0.461903 0.368087
vt 0.379271 0.372900
vt 0.379271 0.368087
vt 0.458842 0.372900
vt 0.458842 0.368087
vt 0.345156 0.139225
vt 0.339260 0.135893
vt 0.342965 0.128572
vt 0.349517 0.132275
vt 0.552317 0.405332
vt 0.550209 0.407551
vt 0.534005 0.391334
vt 0.535286 0.389985
vt 0.474508 0.413506
vt 0.487977 0.394955
vt 0.547988 0.409657
vt 0.532655 0.392615
vt 0.472079 0.411643
vt 0.486500 0.393823
vt 0.545661 0.411643
vt 0.531239 0.393823
vt 0.469751 0.409657
vt 0.485085 0.392615
vt 0.543232 0.413506
vt 0.529763 0.394955
vt 0.467531 0.407551
vt 0.483735 0.391334
vt 0.540709 0.415238
vt 0.528229 0.396009
vt 0.465423 0.405332
vt 0.482453 0.389985
vt 0.538099 0.416837
vt 0.526642 0.396980
vt 0.463434 0.403005
vt 0.481244 0.388570
vt 0.535410 0.418297
vt 0.525007 0.397868
vt 0.461570 0.400578
vt 0.480111 0.387095
vt 0.532647 0.419613
vt 0.523327 0.398669
vt 0.459836 0.398057
vt 0.479056 0.385562
vt 0.529819 0.420784
vt 0.521608 0.399380
vt 0.458235 0.395448
vt 0.478083 0.383976
vt 0.526934 0.421805
vt 0.519853 0.400001
vt 0.456774 0.392759
vt 0.477194 0.382341
vt 0.524000 0.422674
vt 0.518069 0.400530
vt 0.455455 0.389998
vt 0.476392 0.380662
vt 0.521024 0.423388
vt 0.516260 0.400964
vt 0.454282 0.387171
vt 0.475679 0.378943
vt 0.518015 0.423945
vt 0.514430 0.401303
vt 0.453258 0.384287
vt 0.475057 0.377189
vt 0.514980 0.424345
vt 0.512585 0.401545
vt 0.452387 0.381353
vt 0.474527 0.375405
vt 0.511929 0.424585
vt 0.510730 0.401691
vt 0.451671 0.378377
vt 0.474092 0.373596
vt 0.508870 0.424665
vt 0.508870 0.401740
vt 0.505810 0.424585
vt 0.507010 0.401691
vt 0.566069 0.378377
vt 0.565352 0.381353
vt 0.543212 0.375405
vt 0.543648 0.373596
vt 0.502760 0.424345
vt 0.505155 0.401545
vt 0.564481 0.384287
vt 0.542683 0.377189
vt 0.499725 0.423945
vt 0.503310 0.401303
vt 0.563458 0.387171
vt 0.542061 0.378943
vt 0.496716 0.423388
vt 0.501480 0.400964
vt 0.562285 0.389998
vt 0.541348 0.380662
vt 0.493740 0.422674
vt 0.499671 0.400530
vt 0.560966 0.392759
vt 0.540545 0.382341
vt 0.490806 0.421805
vt 0.497886 0.400001
vt 0.559504 0.395448
vt 0.539657 0.383976
vt 0.487920 0.420784
vt 0.496132 0.399380
vt 0.557904 0.398057
vt 0.538684 0.385562
vt 0.485093 0.419613
vt 0.494413 0.398669
vt 0.556169 0.400578
vt 0.537629 0.387095
vt 0.482330 0.418297
vt 0.492733 0.397868
vt 0.554305 0.403005
vt 0.536496 0.388570
vt 0.595715 0.386127
vt 0.593647 0.386127
vt 0.593647 0.373596
vt 0.595715 0.373596
vt 0.320097 0.274088
vt 0.326678 0.272485
vt 0.328983 0.280360
vt 0.321670 0.282141
vt 0.333083 0.133115
vt 0.336101 0.125485
vt 0.333083 0.270286
vt 0.336101 0.277917
vt 0.326678 0.130916
vt 0.328983 0.123041
vt 0.339260 0.267509
vt 0.342965 0.274830
vt 0.320097 0.129314
vt 0.321670 0.121261
vt 0.345156 0.264176
vt 0.349517 0.271127
vt 0.313397 0.128322
vt 0.314225 0.120159
vt 0.350722 0.260317
vt 0.355702 0.266838
vt 0.306635 0.127949
vt 0.306711 0.119744
vt 0.355910 0.255964
vt 0.361467 0.262001
vt 0.299867 0.128198
vt 0.299190 0.120020
vt 0.360677 0.251153
vt 0.366765 0.256654
vt 0.293150 0.129066
vt 0.291725 0.120986
vt 0.364983 0.245925
vt 0.371549 0.250845
vt 0.286542 0.130547
vt 0.284381 0.122631
vt 0.368790 0.240324
vt 0.375781 0.244621
vt 0.280096 0.132628
vt 0.277219 0.124944
vt 0.372068 0.234398
vt 0.379423 0.238035
vt 0.273869 0.135292
vt 0.270300 0.127904
vt 0.374789 0.228195
vt 0.382446 0.231143
vt 0.267913 0.138515
vt 0.263681 0.131485
vt 0.376929 0.221770
vt 0.384825 0.224002
vt 0.262277 0.142271
vt 0.257418 0.135660
vt 0.378471 0.215174
vt 0.386538 0.216674
vt 0.257010 0.146528
vt 0.251565 0.140390
vt 0.379401 0.208466
vt 0.387571 0.209219
vt 0.252155 0.151251
vt 0.246170 0.145638
vt 0.379712 0.201701
vt 0.387917 0.201701
vt 0.379401 0.194935
vt 0.387571 0.194183
vt 0.252155 0.252151
vt 0.257010 0.256873
vt 0.251565 0.263011
vt 0.246170 0.257764
vt 0.378471 0.188227
vt 0.386538 0.186728
vt 0.262277 0.261131
vt 0.257418 0.267742
vt 0.376929 0.181632
vt 0.384825 0.179399
vt 0.267913 0.264887
vt 0.263681 0.271916
vt 0.374789 0.175206
vt 0.382446 0.172259
vt 0.273870 0.268110
vt 0.270300 0.275498
vt 0.372068 0.169004
vt 0.379423 0.165366
vt 0.280096 0.270774
vt 0.277220 0.278458
vt 0.368790 0.163078
vt 0.375781 0.158781
vt 0.286542 0.272854
vt 0.284382 0.280770
vt 0.364982 0.157477
vt 0.371549 0.152557
vt 0.293150 0.274335
vt 0.291726 0.282416
vt 0.360677 0.152249
vt 0.366765 0.146747
vt 0.299867 0.275204
vt 0.299190 0.283381
vt 0.355910 0.147438
vt 0.361467 0.141401
vt 0.306635 0.275453
vt 0.306711 0.283658
vt 0.350722 0.143085
vt 0.355702 0.136563
vt 0.313397 0.275079
vt 0.314225 0.283243
vt 0.682481 0.413040
vt 0.681408 0.414808
vt 0.678309 0.412760
vt 0.679236 0.411234
vt 0.649478 0.386127
vt 0.647410 0.386127
vt 0.647410 0.373596
vt 0.649478 0.373596
vt 0.591579 0.386127
vt 0.591579 0.373596
vt 0.645343 0.386127
vt 0.645342 0.373596
vt 0.589512 0.386127
vt 0.589511 0.373596
vt 0.643275 0.386127
vt 0.643275 0.373596
vt 0.587444 0.386127
vt 0.587444 0.373596
vt 0.641207 0.386127
vt 0.641207 0.373596
vt 0.585376 0.386127
vt 0.585376 0.373596
vt 0.639139 0.386127
vt 0.639139 0.373596
vt 0.583308 0.386127
vt 0.583308 0.373596
vt 0.637071 0.386127
vt 0.637071 0.373596
vt 0.581240 0.386127
vt 0.581240 0.373596
vt 0.635003 0.386127
vt 0.635003 0.373596
vt 0.579172 0.386127
vt 0.579172 0.373596
vt 0.632936 0.386127
vt 0.632936 0.373596
vt 0.577105 0.386127
vt 0.577105 0.373596
vt 0.630868 0.386127
vt 0.630868 0.373596
vt 0.575037 0.386127
vt 0.575037 0.373596
vt 0.628800 0.386127
vt 0.628800 0.373596
vt 0.572969 0.386127
vt 0.572969 0.373596
vt 0.626732 0.386127
vt 0.626732 0.373596
vt 0.570901 0.386127
vt 0.570901 0.373596
vt 0.624664 0.386127
vt 0.624664 0.373596
vt 0.568833 0.386127
vt 0.568833 0.373596
vt 0.622597 0.386127
vt 0.622597 0.373596
vt 0.566765 0.386127
vt 0.566765 0.373596
vt 0.620529 0.386127
vt 0.620529 0.373596
vt 0.618461 0.386127
vt 0.618461 0.373596
vt 0.674292 0.386127
vt 0.672224 0.386127
vt 0.672224 0.373596
vt 0.674292 0.373596
vt 0.616393 0.386127
vt 0.616393 0.373596
vt 0.670156 0.386127
vt 0.670156 0.373596
vt 0.614325 0.386127
vt 0.614325 0.373596
vt 0.668088 0.386127
vt 0.668088 0.373596
vt 0.612257 0.386127
vt 0.612257 0.373596
vt 0.666021 0.386127
vt 0.666021 0.373596
vt 0.610190 0.386127
vt 0.610190 0.373596
vt 0.663953 0.386127
vt 0.663953 0.373596
vt 0.608122 0.386127
vt 0.608122 0.373596
vt 0.661885 0.386127
vt 0.661885 0.373596
vt 0.606054 0.386127
vt 0.606054 0.373596
vt 0.659817 0.386127
vt 0.659817 0.373596
vt 0.603986 0.386127
vt 0.603986 0.373596
vt 0.657749 0.386127
vt 0.657749 0.373596
vt 0.601918 0.386127
vt 0.601918 0.373596
vt 0.655682 0.386127
vt 0.655682 0.373596
vt 0.599851 0.386127
vt 0.599851 0.373596
vt 0.653614 0.386127
vt 0.653614 0.373596
vt 0.597783 0.386127
vt 0.597783 0.373596
vt 0.651546 0.386127
vt 0.651546 0.373596
vt 0.619410 0.410802
vt 0.620575 0.409449
vt 0.623665 0.411940
vt 0.622335 0.413486
vt 0.635948 0.414808
vt 0.634874 0.413040
vt 0.638120 0.411234
vt 0.639047 0.412760
vt 0.680203 0.416489
vt 0.677269 0.414212
vt 0.633938 0.411197
vt 0.637311 0.409642
vt 0.678875 0.418073
vt 0.676121 0.415581
vt 0.633144 0.409287
vt 0.636625 0.407993
vt 0.677430 0.419553
vt 0.674873 0.416858
vt 0.632497 0.407323
vt 0.636067 0.406296
vt 0.675877 0.420918
vt 0.673532 0.418038
vt 0.632002 0.405316
vt 0.635639 0.404563
vt 0.674225 0.422162
vt 0.672106 0.419112
vt 0.631659 0.403276
vt 0.635343 0.402801
vt 0.672484 0.423277
vt 0.670601 0.420075
vt 0.631473 0.401217
vt 0.635182 0.401023
vt 0.670663 0.424256
vt 0.669029 0.420921
vt 0.631443 0.399149
vt 0.635157 0.399237
vt 0.668773 0.425095
vt 0.667396 0.421645
vt 0.631571 0.397085
vt 0.635266 0.397455
vt 0.666824 0.425788
vt 0.665714 0.422243
vt 0.631854 0.395037
vt 0.635511 0.395686
vt 0.664829 0.426331
vt 0.663990 0.422712
vt 0.632292 0.393016
vt 0.635889 0.393940
vt 0.662798 0.426721
vt 0.662237 0.423049
vt 0.632882 0.391034
vt 0.636399 0.392229
vt 0.660744 0.426956
vt 0.660462 0.423252
vt 0.633620 0.389103
vt 0.637037 0.390560
vt 0.658678 0.427034
vt 0.658678 0.423320
vt 0.656611 0.426956
vt 0.656893 0.423252
vt 0.683735 0.389103
vt 0.684474 0.391034
vt 0.680956 0.392229
vt 0.680319 0.390560
vt 0.654557 0.426721
vt 0.655119 0.423049
vt 0.685064 0.393016
vt 0.681466 0.393940
vt 0.652526 0.426331
vt 0.653365 0.422712
vt 0.685502 0.395037
vt 0.681844 0.395686
vt 0.650531 0.425788
vt 0.651642 0.422243
vt 0.685785 0.397085
vt 0.682089 0.397455
vt 0.648583 0.425095
vt 0.649959 0.421645
vt 0.685912 0.399149
vt 0.682199 0.399237
vt 0.646693 0.424256
vt 0.648327 0.420921
vt 0.685882 0.401217
vt 0.682173 0.401023
vt 0.644871 0.423277
vt 0.646754 0.420075
vt 0.685696 0.403276
vt 0.682012 0.402801
vt 0.643130 0.422162
vt 0.645250 0.419112
vt 0.685354 0.405316
vt 0.681717 0.404563
vt 0.641478 0.420918
vt 0.643823 0.418038
vt 0.684858 0.407323
vt 0.681289 0.406296
vt 0.639925 0.419553
vt 0.642482 0.416858
vt 0.684211 0.409287
vt 0.680730 0.407993
vt 0.638480 0.418073
vt 0.641234 0.415581
vt 0.683418 0.411197
vt 0.680044 0.409642
vt 0.637152 0.416489
vt 0.640087 0.414212
vt 0.591231 0.388406
vt 0.589192 0.388406
vt 0.589192 0.386824
vt 0.591231 0.386824
vt 0.578102 0.410803
vt 0.579351 0.412079
vt 0.576603 0.414943
vt 0.575177 0.413486
vt 0.621651 0.408024
vt 0.624893 0.410313
vt 0.580678 0.413274
vt 0.578118 0.416307
vt 0.622634 0.406533
vt 0.626016 0.408611
vt 0.582079 0.414382
vt 0.579717 0.417572
vt 0.623521 0.404982
vt 0.627028 0.406841
vt 0.583547 0.415398
vt 0.581394 0.418732
vt 0.624306 0.403379
vt 0.627925 0.405011
vt 0.585078 0.416319
vt 0.583141 0.419783
vt 0.624988 0.401728
vt 0.628703 0.403126
vt 0.586663 0.417140
vt 0.584951 0.420721
vt 0.625564 0.400037
vt 0.629360 0.401196
vt 0.588298 0.417859
vt 0.586817 0.421542
vt 0.626031 0.398314
vt 0.629893 0.399228
vt 0.589975 0.418472
vt 0.588732 0.422242
vt 0.626387 0.396564
vt 0.630300 0.397231
vt 0.591688 0.418977
vt 0.590688 0.422818
vt 0.626631 0.394794
vt 0.630578 0.395211
vt 0.593430 0.419372
vt 0.592676 0.423269
vt 0.626761 0.393013
vt 0.630727 0.393177
vt 0.595193 0.419656
vt 0.594689 0.423593
vt 0.626778 0.391228
vt 0.630747 0.391139
vt 0.596971 0.419826
vt 0.596718 0.423787
vt 0.626682 0.389444
vt 0.630636 0.389103
vt 0.598756 0.419883
vt 0.598756 0.423852
vt 0.600541 0.419826
vt 0.600794 0.423787
vt 0.570830 0.389444
vt 0.570734 0.391228
vt 0.566765 0.391139
vt 0.566876 0.389103
vt 0.602319 0.419656
vt 0.602823 0.423593
vt 0.570751 0.393013
vt 0.566785 0.393177
vt 0.604082 0.419372
vt 0.604836 0.423269
vt 0.570881 0.394794
vt 0.566934 0.395211
vt 0.605824 0.418977
vt 0.606824 0.422818
vt 0.571125 0.396564
vt 0.567212 0.397231
vt 0.607537 0.418472
vt 0.608780 0.422242
vt 0.571481 0.398314
vt 0.567619 0.399228
vt 0.609214 0.417859
vt 0.610695 0.421542
vt 0.571948 0.400037
vt 0.568152 0.401196
vt 0.610849 0.417140
vt 0.612561 0.420721
vt 0.572524 0.401728
vt 0.568809 0.403126
vt 0.612435 0.416319
vt 0.614372 0.419783
vt 0.573206 0.403379
vt 0.569587 0.405011
vt 0.613965 0.415398
vt 0.616118 0.418732
vt 0.573991 0.404982
vt 0.570485 0.406841
vt 0.615433 0.414382
vt 0.617795 0.417572
vt 0.574878 0.406533
vt 0.571496 0.408611
vt 0.616834 0.413274
vt 0.619394 0.416307
vt 0.575861 0.408024
vt 0.572619 0.410313
vt 0.618161 0.412079
vt 0.620909 0.414943
vt 0.576937 0.409449
vt 0.573847 0.411940
vt 0.849212 0.441954
vt 0.845839 0.440327
vt 0.849915 0.431037
vt 0.853948 0.432983
vt 0.644239 0.388406
vt 0.642200 0.388406
vt 0.642200 0.386824
vt 0.644239 0.386824
vt 0.587153 0.388406
vt 0.587153 0.386824
vt 0.640161 0.388406
vt 0.640161 0.386824
vt 0.585114 0.388406
vt 0.585114 0.386824
vt 0.638123 0.388406
vt 0.638123 0.386824
vt 0.583076 0.388406
vt 0.583076 0.386824
vt 0.636084 0.388406
vt 0.636084 0.386824
vt 0.581037 0.388406
vt 0.581037 0.386824
vt 0.634045 0.388406
vt 0.634045 0.386824
vt 0.578998 0.388406
vt 0.578998 0.386824
vt 0.632006 0.388406
vt 0.632006 0.386824
vt 0.576959 0.388406
vt 0.576959 0.386824
vt 0.629968 0.388406
vt 0.629968 0.386824
vt 0.574921 0.388406
vt 0.574921 0.386824
vt 0.627929 0.388406
vt 0.627929 0.386824
vt 0.572882 0.388406
vt 0.572882 0.386824
vt 0.625890 0.388406
vt 0.625890 0.386824
vt 0.570843 0.388406
vt 0.570843 0.386824
vt 0.623851 0.388406
vt 0.623851 0.386824
vt 0.568804 0.388406
vt 0.568804 0.386824
vt 0.621813 0.388406
vt 0.621813 0.386824
vt 0.566765 0.388406
vt 0.566765 0.386824
vt 0.619774 0.388406
vt 0.619774 0.386824
vt 0.617735 0.388406
vt 0.617735 0.386824
vt 0.672782 0.388406
vt 0.670743 0.388406
vt 0.670743 0.386824
vt 0.672782 0.386824
vt 0.615696 0.388406
vt 0.615696 0.386824
vt 0.668704 0.388406
vt 0.668704 0.386824
vt 0.613657 0.388406
vt 0.613657 0.386824
vt 0.666666 0.388406
vt 0.666666 0.386824
vt 0.611619 0.388406
vt 0.611619 0.386824
vt 0.664627 0.388406
vt 0.664627 0.386824
vt 0.609580 0.388406
vt 0.609580 0.386824
vt 0.662588 0.388406
vt 0.662588 0.386824
vt 0.607541 0.388406
vt 0.607541 0.386824
vt 0.660549 0.388406
vt 0.660549 0.386824
vt 0.605502 0.388406
vt 0.605502 0.386824
vt 0.658511 0.388406
vt 0.658511 0.386824
vt 0.603463 0.388406
vt 0.603463 0.386824
vt 0.656472 0.388406
vt 0.656472 0.386824
vt 0.601425 0.388406
vt 0.601425 0.386824
vt 0.654433 0.388406
vt 0.654433 0.386824
vt 0.599386 0.388406
vt 0.599386 0.386824
vt 0.652394 0.388406
vt 0.652394 0.386824
vt 0.597347 0.388406
vt 0.597347 0.386824
vt 0.650355 0.388406
vt 0.650355 0.386824
vt 0.595308 0.388406
vt 0.595308 0.386824
vt 0.648317 0.388406
vt 0.648317 0.386824
vt 0.593270 0.388406
vt 0.593270 0.386824
vt 0.646278 0.388406
vt 0.646278 0.386824
vt 0.861269 0.524719
vt 0.863848 0.522003
vt 0.871452 0.528718
vt 0.868368 0.531965
vt 0.842359 0.438948
vt 0.845752 0.429388
vt 0.866223 0.519109
vt 0.874292 0.525257
vt 0.838787 0.437824
vt 0.841481 0.428043
vt 0.868383 0.516051
vt 0.876875 0.521599
vt 0.835144 0.436961
vt 0.837123 0.427011
vt 0.870316 0.512844
vt 0.879187 0.517764
vt 0.831448 0.436363
vt 0.832703 0.426297
vt 0.872012 0.509506
vt 0.881216 0.513773
vt 0.827718 0.436035
vt 0.828242 0.425904
vt 0.873463 0.506055
vt 0.882951 0.509645
vt 0.823974 0.435977
vt 0.823765 0.425834
vt 0.874660 0.502507
vt 0.884383 0.505402
vt 0.820237 0.436189
vt 0.819295 0.426088
vt 0.875598 0.498883
vt 0.885504 0.501067
vt 0.816523 0.436671
vt 0.814854 0.426665
vt 0.876271 0.495200
vt 0.886309 0.496662
vt 0.812855 0.437420
vt 0.810467 0.427561
vt 0.876677 0.491478
vt 0.886794 0.492211
vt 0.809250 0.438433
vt 0.806156 0.428772
vt 0.876812 0.487736
vt 0.886956 0.487736
vt 0.876677 0.483994
vt 0.886794 0.483261
vt 0.809250 0.537039
vt 0.812855 0.538052
vt 0.810467 0.547911
vt 0.806156 0.546700
vt 0.876271 0.480272
vt 0.886309 0.478810
vt 0.816523 0.538801
vt 0.814854 0.548807
vt 0.875598 0.476589
vt 0.885504 0.474405
vt 0.820237 0.539283
vt 0.819295 0.549383
vt 0.874660 0.472965
vt 0.884383 0.470070
vt 0.823974 0.539495
vt 0.823765 0.549637
vt 0.873463 0.469417
vt 0.882951 0.465827
vt 0.827718 0.539437
vt 0.828242 0.549568
vt 0.872012 0.465965
vt 0.881216 0.461699
vt 0.831448 0.539108
vt 0.832703 0.549175
vt 0.870316 0.462628
vt 0.879187 0.457708
vt 0.835144 0.538511
vt 0.837123 0.548461
vt 0.868383 0.459421
vt 0.876875 0.453873
vt 0.838787 0.537648
vt 0.841481 0.547429
vt 0.866223 0.456363
vt 0.874292 0.450215
vt 0.842359 0.536524
vt 0.845752 0.546084
vt 0.863848 0.453468
vt 0.871452 0.446754
vt 0.845839 0.535145
vt 0.849915 0.544435
vt 0.861269 0.450753
vt 0.868368 0.443507
vt 0.849212 0.533518
vt 0.853948 0.542489
vt 0.858502 0.448232
vt 0.865058 0.440491
vt 0.852457 0.531651
vt 0.857829 0.540257
vt 0.855559 0.445917
vt 0.861539 0.437722
vt 0.855559 0.529555
vt 0.861539 0.537750
vt 0.852457 0.443821
vt 0.857829 0.435215
vt 0.858502 0.527240
vt 0.865058 0.534981
vt 0.870426 0.550934
vt 0.875565 0.547349
vt 0.877440 0.549805
vt 0.872084 0.553542
vt 0.864999 0.554069
vt 0.866429 0.556809
vt 0.859325 0.556728
vt 0.860515 0.559580
vt 0.853444 0.558893
vt 0.854387 0.561837
vt 0.847400 0.560548
vt 0.848088 0.563561
vt 0.841237 0.561681
vt 0.841665 0.564742
vt 0.834999 0.562284
vt 0.835164 0.565370
vt 0.828733 0.562352
vt 0.828634 0.565441
vt 0.822484 0.561884
vt 0.822122 0.564953
vt 0.816298 0.560885
vt 0.815675 0.563912
vt 0.810219 0.559360
vt 0.809340 0.562323
vt 0.804293 0.557323
vt 0.803164 0.560200
vt 0.798562 0.554787
vt 0.797192 0.557557
vt 0.793069 0.551771
vt 0.791467 0.554414
vt 0.787854 0.548297
vt 0.786032 0.550793
vt 0.782954 0.544390
vt 0.780926 0.546722
vt 0.778406 0.540079
vt 0.776186 0.542229
vt 0.774243 0.535395
vt 0.771847 0.537348
vt 0.770494 0.530373
vt 0.767941 0.532115
vt 0.767188 0.525050
vt 0.764496 0.526567
vt 0.764349 0.519463
vt 0.761537 0.520745
vt 0.761997 0.513655
vt 0.759086 0.514691
vt 0.760150 0.507667
vt 0.757161 0.508450
vt 0.758821 0.501542
vt 0.755775 0.502068
vt 0.758020 0.495328
vt 0.754940 0.495591
vt 0.757752 0.489067
vt 0.754661 0.489067
vt 0.758020 0.482806
vt 0.754940 0.482542
vt 0.758821 0.476591
vt 0.755775 0.476065
vt 0.760150 0.470466
vt 0.757161 0.469683
vt 0.761997 0.464478
vt 0.759086 0.463442
vt 0.764349 0.458670
vt 0.761537 0.457389
vt 0.767188 0.453083
vt 0.764496 0.451567
vt 0.770494 0.447760
vt 0.767941 0.446019
vt 0.774243 0.442738
vt 0.771847 0.440785
vt 0.778406 0.438054
vt 0.776186 0.435904
vt 0.782954 0.433744
vt 0.780926 0.431412
vt 0.787854 0.429837
vt 0.786032 0.427340
vt 0.793069 0.426362
vt 0.791468 0.423719
vt 0.798562 0.423346
vt 0.797192 0.420576
vt 0.804293 0.420810
vt 0.803164 0.417933
vt 0.810219 0.418773
vt 0.809340 0.415810
vt 0.816297 0.417249
vt 0.815675 0.414221
vt 0.822484 0.416249
vt 0.822122 0.413180
vt 0.828733 0.415782
vt 0.828634 0.412692
vt 0.834999 0.415849
vt 0.835164 0.412763
vt 0.841237 0.416452
vt 0.841665 0.413391
vt 0.847400 0.417585
vt 0.848088 0.414572
vt 0.853444 0.419240
vt 0.854387 0.416297
vt 0.859325 0.421405
vt 0.860515 0.418553
vt 0.864999 0.424065
vt 0.866429 0.421324
vt 0.870426 0.427199
vt 0.872084 0.424591
vt 0.875565 0.430785
vt 0.877440 0.428328
vt 0.324184 0.373596
vt 0.326622 0.373596
vt 0.326622 0.397307
vt 0.324184 0.397307
vt 0.731430 0.178769
vt 0.735611 0.167742
vt 0.741092 0.157300
vt 0.747791 0.147594
vt 0.755612 0.138767
vt 0.764439 0.130946
vt 0.774145 0.124247
vt 0.784587 0.118766
vt 0.795614 0.114584
vt 0.807065 0.111761
vt 0.818772 0.110340
vt 0.830566 0.110340
vt 0.842273 0.111761
vt 0.853724 0.114584
vt 0.864751 0.118765
vt 0.875193 0.124246
vt 0.884899 0.130946
vt 0.893727 0.138766
vt 0.901547 0.147593
vt 0.908247 0.157299
vt 0.913728 0.167742
vt 0.917910 0.178769
vt 0.920732 0.190219
vt 0.922153 0.201927
vt 0.922154 0.213720
vt 0.920732 0.225427
vt 0.917910 0.236878
vt 0.913728 0.247905
vt 0.908247 0.258348
vt 0.901548 0.268054
vt 0.893728 0.276881
vt 0.884900 0.284702
vt 0.875194 0.291401
vt 0.864752 0.296882
vt 0.853725 0.301064
vt 0.842274 0.303886
vt 0.830567 0.305308
vt 0.818773 0.305308
vt 0.807066 0.303887
vt 0.795616 0.301064
vt 0.784588 0.296882
vt 0.774146 0.291402
vt 0.764440 0.284702
vt 0.755612 0.276882
vt 0.747792 0.268054
vt 0.741092 0.258349
vt 0.735612 0.247906
vt 0.731430 0.236879
vt 0.728607 0.225429
vt 0.727186 0.213721
vt 0.727186 0.201928
vt 0.728607 0.190221
vt 0.329060 0.373596
vt 0.329060 0.397307
vt 0.448536 0.373596
vt 0.450974 0.373596
vt 0.450974 0.397307
vt 0.448536 0.397307
vt 0.331499 0.373596
vt 0.331499 0.397307
vt 0.333937 0.373596
vt 0.333937 0.397307
vt 0.336375 0.373596
vt 0.336375 0.397307
vt 0.338813 0.373596
vt 0.338813 0.397307
vt 0.341252 0.373596
vt 0.341252 0.397307
vt 0.343690 0.373596
vt 0.343690 0.397307
vt 0.346128 0.373596
vt 0.346128 0.397307
vt 0.348566 0.373596
vt 0.348566 0.397307
vt 0.351005 0.373596
vt 0.351005 0.397307
vt 0.353443 0.373596
vt 0.353443 0.397307
vt 0.355881 0.373596
vt 0.355881 0.397307
vt 0.358320 0.373596
vt 0.358320 0.397307
vt 0.360758 0.373596
vt 0.360758 0.397307
vt 0.363196 0.373596
vt 0.363196 0.397307
vt 0.365635 0.373596
vt 0.365635 0.397307
vt 0.368073 0.373596
vt 0.368073 0.397307
vt 0.370511 0.373596
vt 0.370511 0.397307
vt 0.372949 0.373596
vt 0.372949 0.397307
vt 0.375388 0.373596
vt 0.375388 0.397307
vt 0.377826 0.373596
vt 0.377826 0.397307
vt 0.380264 0.373596
vt 0.380264 0.397307
vt 0.382702 0.373596
vt 0.382702 0.397307
vt 0.385141 0.373596
vt 0.385141 0.397307
vt 0.387579 0.373596
vt 0.387579 0.397307
vt 0.390017 0.373596
vt 0.390017 0.397307
vt 0.392456 0.373596
vt 0.392456 0.397307
vt 0.394894 0.373596
vt 0.394894 0.397307
vt 0.397332 0.373596
vt 0.397332 0.397307
vt 0.399770 0.373596
vt 0.399770 0.397307
vt 0.402209 0.373596
vt 0.402209 0.397307
vt 0.404647 0.373596
vt 0.404647 0.397307
vt 0.407085 0.373596
vt 0.407085 0.397307
vt 0.409523 0.373596
vt 0.409523 0.397307
vt 0.411962 0.373596
vt 0.411962 0.397307
vt 0.414400 0.373596
vt 0.414400 0.397307
vt 0.416838 0.373596
vt 0.416838 0.397307
vt 0.419277 0.373596
vt 0.419277 0.397307
vt 0.421715 0.373596
vt 0.421715 0.397307
vt 0.424153 0.373596
vt 0.424153 0.397307
vt 0.426592 0.373596
vt 0.426592 0.397307
vt 0.429030 0.373596
vt 0.429030 0.397307
vt 0.431468 0.373596
vt 0.431468 0.397307
vt 0.433906 0.373596
vt 0.433906 0.397307
vt 0.436345 0.373596
vt 0.436345 0.397307
vt 0.438783 0.373596
vt 0.438783 0.397307
vt 0.441221 0.373596
vt 0.441221 0.397307
vt 0.443659 0.373596
vt 0.443659 0.397307
vt 0.446098 0.373596
vt 0.446098 0.397307
vt 0.696956 0.403400
vt 0.686609 0.403400
vt 0.686609 0.399099
vt 0.696956 0.399099
vt 0.284139 0.312378
vt 0.298873 0.312378
vt 0.298873 0.330068
vt 0.284139 0.330069
vt 0.126502 0.429377
vt 0.133829 0.430035
vt 0.157393 0.449942
vt 0.142430 0.430272
vt 0.151463 0.430064
vt 0.160044 0.429432
vt 0.167333 0.428438
vt 0.188753 0.465210
vt 0.181478 0.466126
vt 0.158009 0.450999
vt 0.172936 0.466530
vt 0.163964 0.466382
vt 0.155441 0.465696
vt 0.148200 0.464541
vt 0.688909 0.472625
vt 0.688002 0.479273
vt 0.669296 0.481691
vt 0.687426 0.487100
vt 0.687236 0.495338
vt 0.687452 0.503183
vt 0.688053 0.509865
vt 0.655981 0.490076
vt 0.654927 0.483472
vt 0.668332 0.481130
vt 0.654303 0.475698
vt 0.654167 0.467515
vt 0.654536 0.459725
vt 0.655371 0.453089
vt 0.446969 0.312378
vt 0.446969 0.330068
vt 0.439637 0.330068
vt 0.439637 0.312378
vt 0.431086 0.330068
vt 0.431086 0.312378
vt 0.422113 0.330068
vt 0.422113 0.312378
vt 0.413562 0.330068
vt 0.413562 0.312378
vt 0.406229 0.330068
vt 0.406229 0.312378
vt 0.711927 0.399099
vt 0.711927 0.403400
vt 0.710139 0.403400
vt 0.710139 0.399099
vt 0.708047 0.403400
vt 0.708047 0.399099
vt 0.705850 0.403400
vt 0.705850 0.399099
vt 0.703758 0.403400
vt 0.703758 0.399099
vt 0.701969 0.403400
vt 0.701969 0.399099
vt 0.187628 0.424800
vt 0.209048 0.461572
vt 0.467588 0.312378
vt 0.467588 0.330068
vt 0.658689 0.434579
vt 0.692227 0.454115
vt 0.114737 0.452498
vt 0.108361 0.450674
vt 0.087581 0.429883
vt 0.100791 0.449315
vt 0.092768 0.448555
vt 0.085078 0.448468
vt 0.078473 0.449063
vt 0.670098 0.553670
vt 0.670640 0.547646
vt 0.687591 0.545363
vt 0.670561 0.540632
vt 0.669868 0.533315
vt 0.668629 0.526411
vt 0.666965 0.520596
vt 0.370665 0.312378
vt 0.370665 0.330068
vt 0.364033 0.330068
vt 0.364033 0.312378
vt 0.356342 0.330068
vt 0.356342 0.312378
vt 0.348284 0.330068
vt 0.348284 0.312378
vt 0.340593 0.330068
vt 0.340593 0.312378
vt 0.333961 0.330068
vt 0.333961 0.312378
vt 0.691405 0.535237
vt 0.691880 0.540027
vt 0.687614 0.545377
vt 0.692163 0.545662
vt 0.692227 0.551589
vt 0.692067 0.557229
vt 0.691697 0.562029
vt 0.069309 0.425381
vt 0.074571 0.424976
vt 0.087567 0.429858
vt 0.080755 0.424800
vt 0.087254 0.424871
vt 0.093432 0.425181
vt 0.098684 0.425701
vt 0.725905 0.399099
vt 0.725905 0.403400
vt 0.724622 0.403400
vt 0.724622 0.399099
vt 0.723118 0.403400
vt 0.723118 0.399099
vt 0.721537 0.403400
vt 0.721537 0.399099
vt 0.720033 0.403400
vt 0.720033 0.399099
vt 0.718750 0.403400
vt 0.718750 0.399099
vt 0.676718 0.592045
vt 0.665107 0.585281
vt 0.734848 0.399099
vt 0.734848 0.403400
vt 0.043814 0.454536
vt 0.036398 0.441804
vt 0.696956 0.408398
vt 0.686609 0.408398
vt 0.686609 0.404097
vt 0.696956 0.404097
vt 0.086005 0.363939
vt 0.100739 0.363939
vt 0.100739 0.381629
vt 0.086005 0.381629
vt 0.495649 0.509865
vt 0.496249 0.503183
vt 0.514405 0.481691
vt 0.496465 0.495338
vt 0.496276 0.487100
vt 0.495699 0.479273
vt 0.494792 0.472625
vt 0.528330 0.453089
vt 0.529166 0.459725
vt 0.515369 0.481130
vt 0.529534 0.467515
vt 0.529399 0.475698
vt 0.528774 0.483472
vt 0.527721 0.490076
vt 0.616812 0.553998
vt 0.617719 0.547350
vt 0.636425 0.544932
vt 0.618296 0.539524
vt 0.618485 0.531285
vt 0.618269 0.523441
vt 0.617669 0.516759
vt 0.649741 0.536548
vt 0.650794 0.543152
vt 0.637390 0.545494
vt 0.651419 0.550926
vt 0.651554 0.559108
vt 0.651186 0.566899
vt 0.650351 0.573534
vt 0.248835 0.363939
vt 0.248835 0.381629
vt 0.241503 0.381629
vt 0.241503 0.363939
vt 0.232951 0.381629
vt 0.232951 0.363939
vt 0.223979 0.381629
vt 0.223979 0.363939
vt 0.215428 0.381629
vt 0.215428 0.363939
vt 0.208095 0.381629
vt 0.208095 0.363939
vt 0.711927 0.404097
vt 0.711927 0.408398
vt 0.710139 0.408398
vt 0.710139 0.404097
vt 0.708047 0.408398
vt 0.708047 0.404097
vt 0.705850 0.408398
vt 0.705850 0.404097
vt 0.703758 0.408398
vt 0.703758 0.404097
vt 0.701969 0.408398
vt 0.701969 0.404097
vt 0.491474 0.454115
vt 0.525012 0.434579
vt 0.269454 0.363939
vt 0.269454 0.381629
vt 0.647032 0.592045
vt 0.613494 0.572508
vt 0.516736 0.520596
vt 0.515072 0.526411
vt 0.496110 0.545363
vt 0.513833 0.533315
vt 0.513140 0.540632
vt 0.513061 0.547646
vt 0.513603 0.553670
vt 0.635624 0.472953
vt 0.635081 0.478977
vt 0.618131 0.481260
vt 0.635160 0.485991
vt 0.635854 0.493308
vt 0.637092 0.500212
vt 0.638756 0.506028
vt 0.172531 0.363939
vt 0.172531 0.381629
vt 0.165899 0.381629
vt 0.165899 0.363939
vt 0.158208 0.381629
vt 0.158208 0.363939
vt 0.150149 0.381629
vt 0.150149 0.363939
vt 0.142459 0.381629
vt 0.142459 0.363939
vt 0.135827 0.381629
vt 0.135827 0.363939
vt 0.614316 0.491387
vt 0.613842 0.486596
vt 0.618108 0.481247
vt 0.613559 0.480962
vt 0.613494 0.475034
vt 0.613655 0.469395
vt 0.614024 0.464595
vt 0.492004 0.562029
vt 0.491634 0.557229
vt 0.496087 0.545377
vt 0.491474 0.551589
vt 0.491539 0.545662
vt 0.491822 0.540027
vt 0.492296 0.535237
vt 0.725905 0.404097
vt 0.725905 0.408398
vt 0.724622 0.408398
vt 0.724622 0.404097
vt 0.723118 0.408398
vt 0.723118 0.404097
vt 0.721537 0.408398
vt 0.721537 0.404097
vt 0.720033 0.408398
vt 0.720033 0.404097
vt 0.718750 0.408398
vt 0.718750 0.404097
vt 0.629003 0.434579
vt 0.640615 0.441343
vt 0.734848 0.404097
vt 0.734848 0.408398
vt 0.518595 0.585281
vt 0.506983 0.592045
vt 0.724501 0.394101
vt 0.734848 0.394101
vt 0.734848 0.398402
vt 0.724501 0.398402
vt 0.284139 0.332935
vt 0.298873 0.332934
vt 0.298873 0.350625
vt 0.284139 0.350625
vt 0.302019 0.429376
vt 0.309346 0.430035
vt 0.332909 0.449942
vt 0.317947 0.430272
vt 0.326980 0.430064
vt 0.335561 0.429432
vt 0.342850 0.428438
vt 0.364270 0.465210
vt 0.356994 0.466126
vt 0.333525 0.450999
vt 0.348453 0.466529
vt 0.339481 0.466381
vt 0.330958 0.465696
vt 0.323717 0.464541
vt 0.566889 0.472625
vt 0.565982 0.479274
vt 0.547276 0.481691
vt 0.565406 0.487100
vt 0.565216 0.495338
vt 0.565432 0.503183
vt 0.566032 0.509865
vt 0.533961 0.490076
vt 0.532907 0.483472
vt 0.546312 0.481130
vt 0.532282 0.475698
vt 0.532147 0.467515
vt 0.532515 0.459725
vt 0.533351 0.453089
vt 0.446969 0.332934
vt 0.446969 0.350625
vt 0.439636 0.350625
vt 0.439636 0.332934
vt 0.431085 0.350625
vt 0.431085 0.332934
vt 0.422113 0.350625
vt 0.422113 0.332934
vt 0.413562 0.350625
vt 0.413562 0.332934
vt 0.406229 0.350625
vt 0.406229 0.332934
vt 0.709529 0.398402
vt 0.709529 0.394101
vt 0.711318 0.394101
vt 0.711318 0.398402
vt 0.713410 0.394101
vt 0.713410 0.398402
vt 0.715607 0.394101
vt 0.715607 0.398402
vt 0.717699 0.394101
vt 0.717699 0.398402
vt 0.719487 0.394101
vt 0.719487 0.398402
vt 0.363145 0.424799
vt 0.384565 0.461572
vt 0.467588 0.332934
vt 0.467588 0.350625
vt 0.536669 0.434579
vt 0.570207 0.454115
vt 0.290253 0.452498
vt 0.283877 0.450673
vt 0.263098 0.429883
vt 0.276308 0.449315
vt 0.268285 0.448555
vt 0.260595 0.448468
vt 0.253990 0.449063
vt 0.548078 0.553671
vt 0.548620 0.547647
vt 0.565571 0.545363
vt 0.548541 0.540633
vt 0.547848 0.533316
vt 0.546609 0.526411
vt 0.544945 0.520596
vt 0.370664 0.332934
vt 0.370664 0.350625
vt 0.364033 0.350625
vt 0.364033 0.332934
vt 0.356342 0.350625
vt 0.356342 0.332934
vt 0.348283 0.350625
vt 0.348283 0.332934
vt 0.340593 0.350625
vt 0.340593 0.332934
vt 0.333961 0.350625
vt 0.333961 0.332934
vt 0.569385 0.535237
vt 0.569859 0.540028
vt 0.565594 0.545377
vt 0.570142 0.545662
vt 0.570207 0.551590
vt 0.570047 0.557229
vt 0.569677 0.562029
vt 0.244825 0.425381
vt 0.250088 0.424976
vt 0.263083 0.429858
vt 0.256272 0.424799
vt 0.262770 0.424870
vt 0.268948 0.425181
vt 0.274201 0.425700
vt 0.695552 0.398402
vt 0.695552 0.394101
vt 0.696835 0.394101
vt 0.696835 0.398402
vt 0.698339 0.394101
vt 0.698339 0.398402
vt 0.699919 0.394101
vt 0.699919 0.398402
vt 0.701424 0.394101
vt 0.701423 0.398402
vt 0.702707 0.394101
vt 0.702707 0.398402
vt 0.554698 0.592045
vt 0.543086 0.585281
vt 0.686609 0.398402
vt 0.686609 0.394101
vt 0.219331 0.454535
vt 0.211915 0.441804
vt 0.724501 0.389103
vt 0.734848 0.389103
vt 0.734848 0.393404
vt 0.724501 0.393404
vt 0.097824 0.312378
vt 0.112558 0.312378
vt 0.112558 0.330069
vt 0.097824 0.330069
vt 0.576995 0.509865
vt 0.577596 0.503183
vt 0.595752 0.481691
vt 0.577812 0.495338
vt 0.577622 0.487100
vt 0.577046 0.479274
vt 0.576139 0.472625
vt 0.609677 0.453089
vt 0.610512 0.459725
vt 0.596716 0.481130
vt 0.610880 0.467515
vt 0.610745 0.475698
vt 0.610121 0.483472
vt 0.609067 0.490076
vt 0.164920 0.515598
vt 0.157631 0.514604
vt 0.154980 0.494094
vt 0.149050 0.513972
vt 0.140017 0.513764
vt 0.131416 0.514001
vt 0.124090 0.514659
vt 0.145787 0.479494
vt 0.153028 0.478339
vt 0.155596 0.493037
vt 0.161551 0.477654
vt 0.170523 0.477506
vt 0.179065 0.477910
vt 0.186340 0.478826
vt 0.260654 0.312378
vt 0.260654 0.330069
vt 0.253322 0.330069
vt 0.253322 0.312378
vt 0.244771 0.330069
vt 0.244771 0.312378
vt 0.235798 0.330069
vt 0.235798 0.312378
vt 0.227247 0.330069
vt 0.227247 0.312378
vt 0.219914 0.330069
vt 0.219914 0.312378
vt 0.709529 0.393404
vt 0.709529 0.389103
vt 0.711318 0.389103
vt 0.711318 0.393404
vt 0.713410 0.389103
vt 0.713410 0.393404
vt 0.715607 0.389103
vt 0.715607 0.393404
vt 0.717699 0.389103
vt 0.717699 0.393404
vt 0.719487 0.389103
vt 0.719487 0.393404
vt 0.572821 0.454115
vt 0.606359 0.434579
vt 0.281273 0.312378
vt 0.281273 0.330069
vt 0.206635 0.482464
vt 0.185215 0.519236
vt 0.598083 0.520596
vt 0.596419 0.526411
vt 0.577457 0.545363
vt 0.595180 0.533315
vt 0.594487 0.540633
vt 0.594408 0.547647
vt 0.594950 0.553670
vt 0.076060 0.494973
vt 0.082665 0.495568
vt 0.085168 0.514153
vt 0.090355 0.495481
vt 0.098378 0.494721
vt 0.105948 0.493362
vt 0.112324 0.491538
vt 0.184350 0.312378
vt 0.184350 0.330069
vt 0.177718 0.330069
vt 0.177718 0.312378
vt 0.170027 0.330069
vt 0.170027 0.312378
vt 0.161969 0.330069
vt 0.161969 0.312378
vt 0.154278 0.330069
vt 0.154278 0.312378
vt 0.147646 0.330069
vt 0.147646 0.312378
vt 0.096271 0.518335
vt 0.091019 0.518855
vt 0.085154 0.514178
vt 0.084841 0.519165
vt 0.078342 0.519236
vt 0.072159 0.519060
vt 0.066896 0.518655
vt 0.573351 0.562029
vt 0.572981 0.557229
vt 0.577434 0.545377
vt 0.572821 0.551589
vt 0.572885 0.545662
vt 0.573168 0.540027
vt 0.573642 0.535237
vt 0.695552 0.393404
vt 0.695552 0.389103
vt 0.696835 0.389103
vt 0.696835 0.393404
vt 0.698339 0.389103
vt 0.698339 0.393404
vt 0.699919 0.389103
vt 0.699919 0.393404
vt 0.701423 0.389103
vt 0.701423 0.393404
vt 0.702707 0.389103
vt 0.702707 0.393404
vt 0.033985 0.502231
vt 0.041401 0.489500
vt 0.686609 0.393404
vt 0.686609 0.389103
vt 0.599941 0.585281
vt 0.588330 0.592045
s 1
usemtl Table
f 2/1/1 1/2/1 52/3/1 51/4/1 50/5/1 49/6/1 48/7/1 47/8/1 46/9/1 45/10/1 44/11/1 43/12/1 42/13/1 41/14/1 40/15/1 39/16/1 38/17/1 37/18/1 36/19/1 35/20/1 34/21/1 33/22/1 32/23/1 31/24/1 30/25/1 29/26/1 28/27/1 27/28/1 26/29/1 25/30/1 24/31/1 23/32/1 22/33/1 21/34/1 20/35/1 19/36/1 18/37/1 17/38/1 16/39/1 15/40/1 14/41/1 13/42/1 12/43/1 11/44/1 10/45/1 9/46/1 8/47/1 7/48/1 6/49/1 5/50/1 4/51/1 3/52/1
f 66/53/2 67/54/3 119/55/3 118/56/2
f 101/57/4 102/58/5 154/59/5 153/60/4
f 75/61/6 76/62/7 128/63/7 127/64/6
f 84/65/8 85/66/9 137/67/9 136/68/8
f 58/69/10 59/70/11 111/71/11 110/72/10
f 93/73/12 94/74/13 146/75/13 145/76/12
f 67/54/3 68/77/14 120/78/14 119/55/3
f 102/58/5 103/79/15 155/80/15 154/59/5
f 76/62/7 77/81/16 129/82/16 128/63/7
f 85/66/9 86/83/17 138/84/17 137/67/9
f 59/70/11 60/85/18 112/86/18 111/71/11
f 94/74/13 95/87/19 147/88/19 146/75/13
f 68/77/14 69/89/20 121/90/20 120/78/14
f 103/79/15 104/91/21 156/92/21 155/80/15
f 77/81/16 78/93/22 130/94/22 129/82/16
f 86/83/17 87/95/23 139/96/23 138/84/17
f 60/85/18 61/97/24 113/98/24 112/86/18
f 95/87/19 96/99/25 148/100/25 147/88/19
f 69/89/20 70/101/26 122/102/26 121/90/20
f 104/91/21 53/103/27 105/104/27 156/92/21
f 78/93/22 79/105/28 131/106/28 130/94/22
f 87/95/23 88/107/29 140/108/29 139/96/23
f 61/97/24 62/109/30 114/110/30 113/98/24
f 96/99/25 97/111/31 149/112/31 148/100/25
f 70/101/26 71/113/32 123/114/32 122/102/26
f 53/115/27 54/116/33 106/117/33 105/118/27
f 79/105/28 80/119/34 132/120/34 131/106/28
f 88/107/29 89/121/35 141/122/35 140/108/29
f 62/109/30 63/123/36 115/124/36 114/110/30
f 97/111/31 98/125/37 150/126/37 149/112/31
f 71/113/32 72/127/38 124/128/38 123/114/32
f 80/119/34 81/129/39 133/130/39 132/120/34
f 54/116/33 55/131/40 107/132/40 106/117/33
f 89/121/35 90/133/41 142/134/41 141/122/35
f 63/123/36 64/135/42 116/136/42 115/124/36
f 98/125/37 99/137/43 151/138/43 150/126/37
f 72/127/38 73/139/44 125/140/44 124/128/38
f 81/129/39 82/141/45 134/142/45 133/130/39
f 55/131/40 56/143/46 108/144/46 107/132/40
f 90/133/41 91/145/47 143/146/47 142/134/41
f 64/135/42 65/147/48 117/148/48 116/136/42
f 99/137/43 100/149/49 152/150/49 151/138/43
f 73/139/44 74/151/50 126/152/50 125/140/44
f 82/141/45 83/153/51 135/154/51 134/142/45
f 56/143/46 57/155/52 109/156/52 108/144/46
f 91/145/47 92/157/53 144/158/53 143/146/47
f 65/147/48 66/53/2 118/56/2 117/148/48
f 100/149/49 101/57/4 153/60/4 152/150/49
f 74/151/50 75/61/6 127/64/6 126/152/50
f 83/153/51 84/65/8 136/68/8 135/154/51
f 57/155/52 58/69/10 110/72/10 109/156/52
f 92/157/53 93/73/12 145/76/12 144/158/53
f 158/159/54 161/160/55 163/161/56 160/162/57
f 160/162/57 163/161/56 164/163/58 159/164/59
f 159/164/60 164/163/61 162/165/62 157/166/63
f 782/167/64 785/168/65 787/169/66 784/170/67
f 784/170/67 787/169/66 788/171/68 783/172/69
f 783/172/70 788/171/71 786/173/72 781/174/73
f 161/160/55 165/175/74 167/176/75 163/161/56
f 163/161/56 167/176/75 168/177/76 164/163/58
f 164/163/61 168/177/77 166/178/78 162/165/62
f 790/179/79 782/167/64 784/170/67 792/180/80
f 792/180/80 784/170/67 783/172/69 791/181/81
f 791/181/82 783/172/70 781/174/73 789/182/83
f 165/175/74 169/183/84 171/184/85 167/176/75
f 167/176/75 171/184/85 172/185/86 168/177/76
f 168/177/77 172/185/86 170/186/87 166/178/78
f 794/187/88 790/179/79 792/180/80 796/188/89
f 796/188/89 792/180/80 791/181/81 795/189/90
f 795/189/91 791/181/82 789/182/83 793/190/92
f 169/183/84 173/191/93 175/192/94 171/184/85
f 171/184/85 175/192/95 176/193/96 172/185/86
f 172/185/86 176/193/96 174/194/97 170/186/87
f 798/195/98 794/187/88 796/188/89 800/196/99
f 800/196/100 796/188/89 795/189/90 799/197/101
f 799/197/101 795/189/91 793/190/92 797/198/102
f 173/191/93 177/199/103 179/200/104 175/192/94
f 175/192/95 179/200/105 180/201/106 176/193/96
f 176/193/96 180/201/106 178/202/107 174/194/97
f 802/203/108 798/195/98 800/196/99 804/204/109
f 804/204/110 800/196/100 799/197/101 803/205/111
f 803/205/111 799/197/101 797/198/102 801/206/112
f 177/199/103 181/207/113 183/208/114 179/200/104
f 179/200/105 183/208/115 184/209/116 180/201/106
f 180/201/106 184/209/116 182/210/117 178/202/107
f 806/211/118 802/203/108 804/204/109 808/212/119
f 808/212/120 804/204/110 803/205/111 807/213/121
f 807/213/121 803/205/111 801/206/112 805/214/122
f 181/207/113 185/215/123 187/216/124 183/208/114
f 183/208/115 187/216/125 188/217/126 184/209/116
f 184/209/116 188/217/126 186/218/127 182/210/117
f 810/219/128 806/211/118 808/212/119 812/220/129
f 812/220/130 808/212/120 807/213/121 811/221/131
f 811/221/131 807/213/121 805/214/122 809/222/132
f 185/215/123 189/223/133 191/224/134 187/216/124
f 187/216/125 191/224/135 192/225/136 188/217/126
f 188/217/126 192/225/136 190/226/137 186/218/127
f 814/227/138 810/219/128 812/220/129 816/228/139
f 816/228/140 812/220/130 811/221/131 815/229/140
f 815/229/141 811/221/131 809/222/132 813/230/142
f 189/223/133 193/231/143 195/232/144 191/224/134
f 191/224/135 195/232/145 196/233/146 192/225/136
f 192/225/136 196/233/146 194/234/147 190/226/137
f 818/235/148 814/227/138 816/228/139 820/236/149
f 820/236/150 816/228/140 815/229/140 819/237/150
f 819/237/151 815/229/141 813/230/142 817/238/152
f 193/231/143 197/239/153 199/240/154 195/232/144
f 195/232/145 199/240/154 200/241/155 196/233/146
f 196/233/146 200/241/155 198/242/156 194/234/147
f 822/243/157 818/235/148 820/236/149 824/244/158
f 824/244/158 820/236/150 819/237/150 823/245/159
f 823/245/160 819/237/151 817/238/152 821/246/161
f 197/239/153 201/247/162 203/248/163 199/240/154
f 199/240/154 203/248/163 204/249/164 200/241/155
f 200/241/155 204/249/165 202/250/166 198/242/156
f 826/251/167 822/243/157 824/244/158 828/252/168
f 828/252/168 824/244/158 823/245/159 827/253/169
f 827/253/170 823/245/160 821/246/161 825/254/171
f 201/247/162 205/255/172 207/256/173 203/248/163
f 203/248/163 207/256/173 208/257/174 204/249/164
f 204/249/165 208/257/175 206/258/176 202/250/166
f 830/259/177 826/251/167 828/252/168 832/260/178
f 832/260/178 828/252/168 827/253/169 831/261/179
f 831/261/180 827/253/170 825/254/171 829/262/181
f 205/255/172 209/263/182 211/264/183 207/256/173
f 207/256/173 211/264/183 212/265/184 208/257/174
f 208/257/175 212/265/185 210/266/186 206/258/176
f 834/267/187 830/259/177 832/260/178 836/268/188
f 836/268/188 832/260/178 831/261/179 835/269/189
f 835/269/190 831/261/180 829/262/181 833/270/191
f 209/263/182 213/271/192 215/272/193 211/264/183
f 211/264/183 215/272/193 216/273/194 212/265/184
f 212/265/185 216/273/195 214/274/196 210/266/186
f 838/275/197 834/267/187 836/268/188 840/276/198
f 840/276/198 836/268/188 835/269/189 839/277/199
f 839/277/200 835/269/190 833/270/191 837/278/201
f 213/271/192 217/279/202 219/280/203 215/272/193
f 215/272/193 219/280/203 220/281/204 216/273/194
f 216/273/195 220/281/205 218/282/206 214/274/196
f 842/283/207 838/275/197 840/276/198 844/284/208
f 844/284/208 840/276/198 839/277/199 843/285/209
f 843/285/210 839/277/200 837/278/201 841/286/211
f 217/279/202 221/287/212 223/288/213 219/280/203
f 219/280/203 223/288/213 224/289/214 220/281/204
f 220/281/205 224/289/214 222/290/215 218/282/206
f 846/291/216 842/283/207 844/284/208 848/292/217
f 848/292/217 844/284/208 843/285/209 847/293/218
f 847/293/219 843/285/210 841/286/211 845/294/220
f 221/287/212 225/295/221 227/296/222 223/288/213
f 223/288/213 227/296/223 228/297/224 224/289/214
f 224/289/214 228/297/224 226/298/225 222/290/215
f 850/299/226 846/291/216 848/292/217 852/300/227
f 852/300/228 848/292/217 847/293/218 851/301/229
f 851/301/229 847/293/219 845/294/220 849/302/230
f 225/295/221 229/303/231 231/304/232 227/296/222
f 227/296/223 231/304/233 232/305/234 228/297/224
f 228/297/224 232/305/234 230/306/235 226/298/225
f 854/307/236 850/299/226 852/300/227 856/308/237
f 856/308/238 852/300/228 851/301/229 855/309/239
f 855/309/239 851/301/229 849/302/230 853/310/240
f 229/303/231 233/311/241 235/312/242 231/304/232
f 231/304/233 235/312/243 236/313/244 232/305/234
f 232/305/234 236/313/244 234/314/245 230/306/235
f 858/315/246 854/307/236 856/308/237 860/316/247
f 860/316/248 856/308/238 855/309/239 859/317/249
f 859/317/249 855/309/239 853/310/240 857/318/250
f 233/311/241 237/319/251 239/320/252 235/312/242
f 235/312/243 239/320/253 240/321/254 236/313/244
f 236/313/244 240/321/254 238/322/255 234/314/245
f 862/323/256 858/315/246 860/316/247 864/324/257
f 864/324/258 860/316/248 859/317/249 863/325/259
f 863/325/259 859/317/249 857/318/250 861/326/260
f 237/319/251 241/327/261 243/328/262 239/320/252
f 239/320/253 243/328/263 244/329/264 240/321/254
f 240/321/254 244/329/264 242/330/265 238/322/255
f 866/331/266 862/323/256 864/324/257 868/332/267
f 868/332/268 864/324/258 863/325/259 867/333/268
f 867/333/269 863/325/259 861/326/260 865/334/270
f 241/327/261 245/335/271 247/336/272 243/328/262
f 243/328/263 247/336/273 248/337/274 244/329/264
f 244/329/264 248/337/274 246/338/275 242/330/265
f 870/339/276 866/331/266 868/332/267 872/340/277
f 872/340/278 868/332/268 867/333/268 871/341/278
f 871/341/279 867/333/269 865/334/270 869/342/280
f 245/335/271 249/343/281 251/344/282 247/336/272
f 247/336/273 251/344/282 252/345/283 248/337/274
f 248/337/274 252/345/283 250/346/284 246/338/275
f 874/347/285 870/339/276 872/340/277 876/348/286
f 876/348/286 872/340/278 871/341/278 875/349/287
f 875/349/288 871/341/279 869/342/280 873/350/289
f 249/343/281 253/351/290 255/352/291 251/344/282
f 251/344/282 255/352/291 256/353/292 252/345/283
f 252/345/283 256/353/293 254/354/294 250/346/284
f 878/355/295 874/347/285 876/348/286 880/356/296
f 880/356/296 876/348/286 875/349/287 879/357/297
f 879/357/298 875/349/288 873/350/289 877/358/299
f 253/351/290 257/359/300 259/360/301 255/352/291
f 255/352/291 259/360/301 260/361/302 256/353/292
f 256/353/293 260/361/303 258/362/304 254/354/294
f 882/363/305 878/355/295 880/356/296 884/364/306
f 884/364/306 880/356/296 879/357/297 883/365/307
f 883/365/308 879/357/298 877/358/299 881/366/309
f 257/359/300 261/367/310 263/368/311 259/360/301
f 259/360/301 263/368/311 264/369/312 260/361/302
f 260/361/303 264/369/313 262/370/314 258/362/304
f 886/371/315 882/363/305 884/364/306 888/372/316
f 888/372/316 884/364/306 883/365/307 887/373/317
f 887/373/318 883/365/308 881/366/309 885/374/319
f 261/367/310 265/375/320 267/376/321 263/368/311
f 263/368/311 267/376/321 268/377/322 264/369/312
f 264/369/313 268/377/323 266/378/324 262/370/314
f 890/379/325 886/371/315 888/372/316 892/380/326
f 892/380/326 888/372/316 887/373/317 891/381/327
f 891/381/328 887/373/318 885/374/319 889/382/329
f 265/375/320 269/383/330 271/384/331 267/376/321
f 267/376/321 271/384/331 272/385/332 268/377/322
f 268/377/323 272/385/333 270/386/334 266/378/324
f 894/387/335 890/379/325 892/380/326 896/388/336
f 896/388/336 892/380/326 891/381/327 895/389/337
f 895/389/338 891/381/328 889/382/329 893/390/339
f 269/383/330 273/391/340 275/392/341 271/384/331
f 271/384/331 275/392/341 276/393/342 272/385/332
f 272/385/333 276/393/342 274/394/343 270/386/334
f 898/395/344 894/387/335 896/388/336 900/396/345
f 900/396/345 896/388/336 895/389/337 899/397/346
f 899/397/347 895/389/338 893/390/339 897/398/348
f 273/391/340 277/399/349 279/400/350 275/392/341
f 275/392/341 279/400/351 280/401/352 276/393/342
f 276/393/342 280/401/352 278/402/353 274/394/343
f 902/403/354 898/395/344 900/396/345 904/404/355
f 904/404/356 900/396/345 899/397/346 903/405/357
f 903/405/357 899/397/347 897/398/348 901/406/358
f 277/399/349 281/407/359 283/408/360 279/400/350
f 279/400/351 283/408/361 284/409/362 280/401/352
f 280/401/352 284/409/362 282/410/363 278/402/353
f 906/411/364 902/403/354 904/404/355 908/412/365
f 908/412/366 904/404/356 903/405/357 907/413/367
f 907/413/367 903/405/357 901/406/358 905/414/368
f 281/407/359 285/415/369 287/416/370 283/408/360
f 283/408/361 287/416/371 288/417/372 284/409/362
f 284/409/362 288/417/372 286/418/373 282/410/363
f 910/419/374 906/411/364 908/412/365 912/420/375
f 912/420/376 908/412/366 907/413/367 911/421/377
f 911/421/377 907/413/367 905/414/368 909/422/378
f 285/415/369 289/423/379 291/424/380 287/416/370
f 287/416/371 291/424/381 292/425/382 288/417/372
f 288/417/372 292/425/382 290/426/383 286/418/373
f 914/427/384 910/419/374 912/420/375 916/428/385
f 916/428/386 912/420/376 911/421/377 915/429/387
f 915/429/387 911/421/377 909/422/378 913/430/388
f 289/423/379 293/431/389 295/432/390 291/424/380
f 291/424/381 295/432/391 296/433/392 292/425/382
f 292/425/382 296/433/392 294/434/393 290/426/383
f 918/435/394 914/427/384 916/428/385 920/436/395
f 920/436/396 916/428/386 915/429/387 919/437/396
f 919/437/397 915/429/387 913/430/388 917/438/398
f 293/431/389 297/439/399 299/440/400 295/432/390
f 295/432/391 299/440/401 300/441/402 296/433/392
f 296/433/392 300/441/402 298/442/403 294/434/393
f 922/443/404 918/435/394 920/436/395 924/444/405
f 924/444/406 920/436/396 919/437/396 923/445/406
f 923/445/407 919/437/397 917/438/398 921/446/408
f 297/439/399 301/447/409 303/448/410 299/440/400
f 299/440/401 303/448/410 304/449/411 300/441/402
f 300/441/402 304/449/411 302/450/412 298/442/403
f 926/451/413 922/443/404 924/444/405 928/452/414
f 928/452/414 924/444/406 923/445/406 927/453/415
f 927/453/416 923/445/407 921/446/408 925/454/417
f 301/447/409 305/455/418 307/456/419 303/448/410
f 303/448/410 307/456/419 308/457/420 304/449/411
f 304/449/411 308/457/421 306/458/422 302/450/412
f 930/459/423 926/451/413 928/452/414 932/460/424
f 932/460/424 928/452/414 927/453/415 931/461/425
f 931/461/426 927/453/416 925/454/417 929/462/427
f 305/455/418 309/463/428 311/464/429 307/456/419
f 307/456/419 311/464/429 312/465/430 308/457/420
f 308/457/421 312/465/431 310/466/432 306/458/422
f 934/467/433 930/459/423 932/460/424 936/468/434
f 936/468/434 932/460/424 931/461/425 935/469/435
f 935/469/436 931/461/426 929/462/427 933/470/437
f 309/463/428 313/471/438 315/472/439 311/464/429
f 311/464/429 315/472/439 316/473/440 312/465/430
f 312/465/431 316/473/441 314/474/442 310/466/432
f 938/475/443 934/467/433 936/468/434 940/476/444
f 940/476/444 936/468/434 935/469/435 939/477/445
f 939/477/446 935/469/436 933/470/437 937/478/447
f 313/471/438 317/479/448 319/480/449 315/472/439
f 315/472/439 319/480/449 320/481/450 316/473/440
f 316/473/441 320/481/451 318/482/452 314/474/442
f 942/483/453 938/475/443 940/476/444 944/484/454
f 944/484/454 940/476/444 939/477/445 943/485/455
f 943/485/456 939/477/446 937/478/447 941/486/457
f 317/479/448 321/487/458 323/488/459 319/480/449
f 319/480/449 323/488/459 324/489/460 320/481/450
f 320/481/451 324/489/461 322/490/462 318/482/452
f 946/491/463 942/483/453 944/484/454 948/492/464
f 948/492/464 944/484/454 943/485/455 947/493/465
f 947/493/466 943/485/456 941/486/457 945/494/467
f 321/487/458 325/495/468 327/496/469 323/488/459
f 323/488/459 327/496/469 328/497/470 324/489/460
f 324/489/461 328/497/470 326/498/471 322/490/462
f 950/499/472 946/491/463 948/492/464 952/500/473
f 952/500/473 948/492/464 947/493/465 951/501/474
f 951/501/475 947/493/466 945/494/467 949/502/476
f 325/495/468 329/503/477 331/504/478 327/496/469
f 327/496/469 331/504/479 332/505/480 328/497/470
f 328/497/470 332/505/480 330/506/481 326/498/471
f 954/507/482 950/499/472 952/500/473 956/508/483
f 956/508/484 952/500/473 951/501/474 955/509/485
f 955/509/485 951/501/475 949/502/476 953/510/486
f 329/503/477 333/511/487 335/512/488 331/504/478
f 331/504/479 335/512/489 336/513/490 332/505/480
f 332/505/480 336/513/490 334/514/491 330/506/481
f 958/515/492 954/507/482 956/508/483 960/516/493
f 960/516/494 956/508/484 955/509/485 959/517/495
f 959/517/495 955/509/485 953/510/486 957/518/496
f 333/511/487 337/519/497 339/520/498 335/512/488
f 335/512/489 339/520/499 340/521/500 336/513/490
f 336/513/490 340/521/500 338/522/501 334/514/491
f 962/523/502 958/515/492 960/516/493 964/524/503
f 964/524/504 960/516/494 959/517/495 963/525/505
f 963/525/505 959/517/495 957/518/496 961/526/506
f 337/519/497 341/527/507 343/528/508 339/520/498
f 339/520/499 343/528/509 344/529/510 340/521/500
f 340/521/500 344/529/510 342/530/511 338/522/501
f 966/531/512 962/523/502 964/524/503 968/532/513
f 968/532/514 964/524/504 963/525/505 967/533/515
f 967/533/515 963/525/505 961/526/506 965/534/516
f 341/527/507 345/535/517 347/536/518 343/528/508
f 343/528/509 347/536/519 348/537/520 344/529/510
f 344/529/510 348/537/520 346/538/521 342/530/511
f 970/539/522 966/531/512 968/532/513 972/540/523
f 972/540/524 968/532/514 967/533/515 971/541/524
f 971/541/525 967/533/515 965/534/516 969/542/526
f 345/535/517 349/543/527 351/544/528 347/536/518
f 347/536/519 351/544/529 352/545/530 348/537/520
f 348/537/520 352/545/530 350/546/531 346/538/521
f 974/547/532 970/539/522 972/540/523 976/548/533
f 976/548/534 972/540/524 971/541/524 975/549/534
f 975/549/535 971/541/525 969/542/526 973/550/536
f 349/543/527 353/551/537 355/552/538 351/544/528
f 351/544/529 355/552/538 356/553/539 352/545/530
f 352/545/530 356/553/539 354/554/540 350/546/531
f 978/555/541 974/547/532 976/548/533 980/556/542
f 980/556/542 976/548/534 975/549/534 979/557/543
f 979/557/544 975/549/535 973/550/536 977/558/545
f 353/551/537 357/559/546 359/560/547 355/552/538
f 355/552/538 359/560/547 360/561/548 356/553/539
f 356/553/539 360/561/549 358/562/550 354/554/540
f 982/563/551 978/555/541 980/556/542 984/564/552
f 984/564/552 980/556/542 979/557/543 983/565/553
f 983/565/554 979/557/544 977/558/545 981/566/555
f 357/559/546 361/567/556 363/568/557 359/560/547
f 359/560/547 363/568/557 364/569/558 360/561/548
f 360/561/549 364/569/559 362/570/560 358/562/550
f 986/571/561 982/563/551 984/564/552 988/572/562
f 988/572/562 984/564/552 983/565/553 987/573/563
f 987/573/564 983/565/554 981/566/555 985/574/565
f 361/567/556 158/575/54 160/576/57 363/568/557
f 363/568/557 160/576/57 159/577/59 364/569/558
f 364/569/559 159/577/60 157/578/63 362/570/560
f 785/579/65 986/571/561 988/572/562 787/580/66
f 787/580/66 988/572/562 987/573/563 788/581/68
f 788/581/71 987/573/564 985/574/565 786/582/72
f 366/583/72 369/584/73 371/585/566 368/586/567
f 368/586/567 371/585/566 372/587/67 367/588/568
f 367/588/569 372/587/67 370/589/64 365/590/65
f 369/584/73 373/591/83 375/592/82 371/585/566
f 371/585/566 375/592/81 376/593/80 372/587/67
f 372/587/67 376/593/80 374/594/79 370/589/64
f 373/591/83 377/595/92 379/596/91 375/592/82
f 375/592/81 379/596/570 380/597/89 376/593/80
f 376/593/80 380/597/89 378/598/88 374/594/79
f 377/595/92 381/599/102 383/600/101 379/596/91
f 379/596/570 383/600/101 384/601/100 380/597/89
f 380/597/89 384/601/99 382/602/98 378/598/88
f 381/599/102 385/603/112 387/604/111 383/600/101
f 383/600/101 387/604/111 388/605/110 384/601/100
f 384/601/99 388/605/571 386/606/108 382/602/98
f 385/603/112 389/607/122 391/608/121 387/604/111
f 387/604/111 391/608/121 392/609/120 388/605/110
f 388/605/571 392/609/119 390/610/572 386/606/108
f 389/607/122 393/611/132 395/612/131 391/608/121
f 391/608/121 395/612/131 396/613/130 392/609/120
f 392/609/119 396/613/129 394/614/128 390/610/572
f 393/611/132 397/615/142 399/616/573 395/612/131
f 395/612/131 399/616/573 400/617/574 396/613/130
f 396/613/129 400/617/139 398/618/138 394/614/128
f 397/615/142 401/619/152 403/620/575 399/616/573
f 399/616/573 403/620/575 404/621/576 400/617/574
f 400/617/139 404/621/149 402/622/148 398/618/138
f 401/619/152 405/623/161 407/624/160 403/620/575
f 403/620/575 407/624/159 408/625/158 404/621/576
f 404/621/149 408/625/158 406/626/157 402/622/148
f 405/623/161 409/627/171 411/628/170 407/624/160
f 407/624/159 411/628/169 412/629/168 408/625/158
f 408/625/158 412/629/168 410/630/167 406/626/157
f 409/627/171 413/631/181 415/632/577 411/628/170
f 411/628/169 415/632/577 416/633/178 412/629/168
f 412/629/168 416/633/178 414/634/177 410/630/167
f 413/631/181 417/635/191 419/636/578 415/632/577
f 415/632/577 419/636/578 420/637/579 416/633/178
f 416/633/178 420/637/580 418/638/187 414/634/177
f 417/635/191 421/639/201 423/640/581 419/636/578
f 419/636/578 423/640/581 424/641/198 420/637/579
f 420/637/580 424/641/198 422/642/197 418/638/187
f 421/639/201 425/643/211 427/644/210 423/640/581
f 423/640/581 427/644/209 428/645/208 424/641/198
f 424/641/198 428/645/208 426/646/207 422/642/197
f 425/643/211 429/647/220 431/648/219 427/644/210
f 427/644/209 431/648/218 432/649/217 428/645/208
f 428/645/208 432/649/217 430/650/216 426/646/207
f 429/647/220 433/651/230 435/652/229 431/648/219
f 431/648/218 435/652/229 436/653/228 432/649/217
f 432/649/217 436/653/582 434/654/226 430/650/216
f 433/651/230 437/655/240 439/656/239 435/652/229
f 435/652/229 439/656/239 440/657/238 436/653/228
f 436/653/582 440/657/237 438/658/236 434/654/226
f 437/655/240 441/659/250 443/660/249 439/656/239
f 439/656/239 443/660/249 444/661/248 440/657/238
f 440/657/237 444/661/247 442/662/246 438/658/236
f 441/659/250 445/663/260 447/664/259 443/660/249
f 443/660/249 447/664/259 448/665/258 444/661/248
f 444/661/247 448/665/257 446/666/256 442/662/246
f 445/663/260 449/667/270 451/668/583 447/664/259
f 447/664/259 451/668/583 452/669/268 448/665/258
f 448/665/257 452/669/584 450/670/266 446/666/256
f 449/667/270 453/671/280 455/672/585 451/668/583
f 451/668/583 455/672/585 456/673/586 452/669/268
f 452/669/584 456/673/277 454/674/276 450/670/266
f 453/671/280 457/675/289 459/676/288 455/672/585
f 455/672/585 459/676/587 460/677/286 456/673/586
f 456/673/277 460/677/286 458/678/285 454/674/276
f 457/675/289 461/679/299 463/680/298 459/676/288
f 459/676/587 463/680/588 464/681/296 460/677/286
f 460/677/286 464/681/296 462/682/295 458/678/285
f 461/679/299 465/683/309 467/684/589 463/680/298
f 463/680/588 467/684/589 468/685/306 464/681/296
f 464/681/296 468/685/306 466/686/305 462/682/295
f 465/683/309 469/687/319 471/688/590 467/684/589
f 467/684/589 471/688/590 472/689/591 468/685/306
f 468/685/306 472/689/592 470/690/315 466/686/305
f 469/687/319 473/691/329 475/692/593 471/688/590
f 471/688/590 475/692/593 476/693/326 472/689/591
f 472/689/592 476/693/326 474/694/325 470/690/315
f 473/691/329 477/695/339 479/696/338 475/692/593
f 475/692/593 479/696/337 480/697/336 476/693/326
f 476/693/326 480/697/336 478/698/335 474/694/325
f 477/695/339 481/699/348 483/700/347 479/696/338
f 479/696/337 483/700/594 484/701/345 480/697/336
f 480/697/336 484/701/345 482/702/344 478/698/335
f 481/699/348 485/703/358 487/704/357 483/700/347
f 483/700/594 487/704/357 488/705/356 484/701/345
f 484/701/345 488/705/355 486/706/354 482/702/344
f 485/703/358 489/707/368 491/708/367 487/704/357
f 487/704/357 491/708/367 492/709/366 488/705/356
f 488/705/355 492/709/595 490/710/364 486/706/354
f 489/707/368 493/711/378 495/712/377 491/708/367
f 491/708/367 495/712/377 496/713/376 492/709/366
f 492/709/595 496/713/375 494/714/596 490/710/364
f 493/711/378 497/715/388 499/716/387 495/712/377
f 495/712/377 499/716/387 500/717/386 496/713/376
f 496/713/375 500/717/385 498/718/384 494/714/596
f 497/715/388 501/719/398 503/720/597 499/716/387
f 499/716/387 503/720/597 504/721/598 500/717/386
f 500/717/385 504/721/395 502/722/394 498/718/384
f 501/719/398 505/723/408 507/724/599 503/720/597
f 503/720/597 507/724/599 508/725/600 504/721/598
f 504/721/395 508/725/405 506/726/404 502/722/394
f 505/723/408 509/727/417 511/728/416 507/724/599
f 507/724/599 511/728/415 512/729/414 508/725/600
f 508/725/405 512/729/414 510/730/413 506/726/404
f 509/727/417 513/731/427 515/732/426 511/728/416
f 511/728/415 515/732/425 516/733/424 512/729/414
f 512/729/414 516/733/424 514/734/423 510/730/413
f 513/731/427 517/735/437 519/736/601 515/732/426
f 515/732/425 519/736/601 520/737/434 516/733/424
f 516/733/424 520/737/434 518/738/433 514/734/423
f 517/735/437 521/739/447 523/740/602 519/736/601
f 519/736/601 523/740/602 524/741/603 520/737/434
f 520/737/434 524/741/604 522/742/443 518/738/433
f 521/739/447 525/743/457 527/744/605 523/740/602
f 523/740/602 527/744/605 528/745/454 524/741/603
f 524/741/604 528/745/454 526/746/453 522/742/443
f 525/743/457 529/747/467 531/748/466 527/744/605
f 527/744/605 531/748/465 532/749/464 528/745/454
f 528/745/454 532/749/464 530/750/463 526/746/453
f 529/747/467 533/751/476 535/752/475 531/748/466
f 531/748/465 535/752/474 536/753/473 532/749/464
f 532/749/464 536/753/473 534/754/472 530/750/463
f 533/751/476 537/755/486 539/756/485 535/752/475
f 535/752/474 539/756/485 540/757/484 536/753/473
f 536/753/473 540/757/606 538/758/482 534/754/472
f 537/755/486 541/759/496 543/760/495 539/756/485
f 539/756/485 543/760/495 544/761/494 540/757/484
f 540/757/606 544/761/493 542/762/492 538/758/482
f 541/759/496 545/763/506 547/764/505 543/760/495
f 543/760/495 547/764/505 548/765/504 544/761/494
f 544/761/493 548/765/503 546/766/502 542/762/492
f 545/763/506 549/767/516 551/768/515 547/764/505
f 547/764/505 551/768/515 552/769/514 548/765/504
f 548/765/503 552/769/513 550/770/512 546/766/502
f 549/767/516 553/771/526 555/772/607 551/768/515
f 551/768/515 555/772/607 556/773/524 552/769/514
f 552/769/513 556/773/608 554/774/522 550/770/512
f 553/771/526 557/775/536 559/776/609 555/772/607
f 555/772/607 559/776/609 560/777/610 556/773/524
f 556/773/608 560/777/533 558/778/532 554/774/522
f 557/775/536 561/779/545 563/780/544 559/776/609
f 559/776/609 563/780/611 564/781/542 560/777/610
f 560/777/533 564/781/542 562/782/541 558/778/532
f 561/779/545 565/783/555 567/784/554 563/780/544
f 563/780/611 567/784/553 568/785/552 564/781/542
f 564/781/542 568/785/552 566/786/551 562/782/541
f 565/783/555 569/787/565 571/788/612 567/784/554
f 567/784/553 571/788/612 572/789/562 568/785/552
f 568/785/552 572/789/562 570/790/561 566/786/551
f 569/787/565 366/791/72 368/792/567 571/788/612
f 571/788/612 368/792/567 367/793/568 572/789/562
f 572/789/562 367/793/569 365/794/65 570/790/561
f 574/795/54 577/796/55 579/797/56 576/798/57
f 576/798/57 579/797/56 580/799/58 575/800/613
f 575/800/60 580/799/61 989/801/62 990/802/63
f 577/796/55 581/803/74 583/804/75 579/797/56
f 579/797/56 583/804/75 584/805/614 580/799/58
f 580/799/61 584/805/614 991/806/78 989/801/62
f 581/803/74 585/807/84 587/808/615 583/804/75
f 583/804/75 587/808/616 588/809/86 584/805/614
f 584/805/614 588/809/86 992/810/87 991/806/78
f 585/807/84 589/811/93 591/812/94 587/808/615
f 587/808/616 591/812/95 592/813/95 588/809/86
f 588/809/86 592/813/617 993/814/97 992/810/87
f 589/811/93 593/815/103 595/816/618 591/812/94
f 591/812/95 595/816/105 596/817/105 592/813/95
f 592/813/617 596/817/619 994/818/107 993/814/97
f 593/815/103 597/819/620 599/820/114 595/816/618
f 595/816/105 599/820/115 600/821/116 596/817/105
f 596/817/619 600/821/116 995/822/117 994/818/107
f 597/819/620 601/823/621 603/824/124 599/820/114
f 599/820/115 603/824/125 604/825/126 600/821/116
f 600/821/116 604/825/126 996/826/127 995/822/117
f 601/823/621 605/827/133 607/828/134 603/824/124
f 603/824/125 607/828/135 608/829/135 604/825/126
f 604/825/126 608/829/622 997/830/137 996/826/127
f 605/827/133 609/831/143 611/832/144 607/828/134
f 607/828/135 611/832/623 612/833/623 608/829/135
f 608/829/622 612/833/624 998/834/147 997/830/137
f 609/831/143 613/835/153 615/836/625 611/832/144
f 611/832/623 615/836/626 616/837/155 612/833/623
f 612/833/624 616/837/155 999/838/156 998/834/147
f 613/835/153 617/839/162 619/840/163 615/836/625
f 615/836/626 619/840/163 620/841/627 616/837/155
f 616/837/155 620/841/627 1000/842/166 999/838/156
f 617/839/162 621/843/172 623/844/173 619/840/163
f 619/840/163 623/844/173 624/845/174 620/841/627
f 620/841/627 624/845/175 1001/846/176 1000/842/166
f 621/843/172 625/847/182 627/848/183 623/844/173
f 623/844/173 627/848/183 628/849/184 624/845/174
f 624/845/175 628/849/185 1002/850/186 1001/846/176
f 625/847/182 629/851/192 631/852/193 627/848/183
f 627/848/183 631/852/193 632/853/194 628/849/184
f 628/849/185 632/853/195 1003/854/196 1002/850/186
f 629/851/192 633/855/202 635/856/203 631/852/193
f 631/852/193 635/856/203 636/857/628 632/853/194
f 632/853/195 636/857/628 1004/858/206 1003/854/196
f 633/855/202 637/859/212 639/860/629 635/856/203
f 635/856/203 639/860/630 640/861/214 636/857/628
f 636/857/628 640/861/214 1005/862/215 1004/858/206
f 637/859/212 641/863/221 643/864/222 639/860/629
f 639/860/630 643/864/631 644/865/631 640/861/214
f 640/861/214 644/865/632 1006/866/225 1005/862/215
f 641/863/221 645/867/231 647/868/232 643/864/222
f 643/864/631 647/868/233 648/869/233 644/865/631
f 644/865/632 648/869/633 1007/870/235 1006/866/225
f 645/867/231 649/871/634 651/872/242 647/868/232
f 647/868/233 651/872/243 652/873/244 648/869/233
f 648/869/633 652/873/244 1008/874/245 1007/870/235
f 649/871/634 653/875/635 655/876/252 651/872/242
f 651/872/243 655/876/253 656/877/254 652/873/244
f 652/873/244 656/877/254 1009/878/255 1008/874/245
f 653/875/635 657/879/261 659/880/636 655/876/252
f 655/876/253 659/880/263 660/881/263 656/877/254
f 656/877/254 660/881/637 1010/882/265 1009/878/255
f 657/879/261 661/883/271 663/884/272 659/880/636
f 659/880/263 663/884/273 664/885/273 660/881/263
f 660/881/637 664/885/638 1011/886/275 1010/882/265
f 661/883/271 665/887/281 667/888/639 663/884/272
f 663/884/273 667/888/640 668/889/283 664/885/273
f 664/885/638 668/889/283 1012/890/284 1011/886/275
f 665/887/281 669/891/290 671/892/291 667/888/639
f 667/888/640 671/892/291 672/893/641 668/889/283
f 668/889/283 672/893/641 1013/894/294 1012/890/284
f 669/891/290 673/895/300 675/896/301 671/892/291
f 671/892/291 675/896/301 676/897/302 672/893/641
f 672/893/641 676/897/303 1014/898/304 1013/894/294
f 673/895/300 677/899/310 679/900/311 675/896/301
f 675/896/301 679/900/311 680/901/642 676/897/302
f 676/897/303 680/901/313 1015/902/314 1014/898/304
f 677/899/310 681/903/320 683/904/321 679/900/311
f 679/900/311 683/904/321 684/905/643 680/901/642
f 680/901/313 684/905/323 1016/906/324 1015/902/314
f 681/903/320 685/907/330 687/908/331 683/904/321
f 683/904/321 687/908/331 688/909/644 684/905/643
f 684/905/323 688/909/644 1017/910/334 1016/906/324
f 685/907/330 689/911/340 691/912/645 687/908/331
f 687/908/331 691/912/646 692/913/342 688/909/644
f 688/909/644 692/913/342 1018/914/343 1017/910/334
f 689/911/340 693/915/349 695/916/350 691/912/645
f 691/912/646 695/916/351 696/917/351 692/913/342
f 692/913/342 696/917/647 1019/918/353 1018/914/343
f 693/915/349 697/919/359 699/920/648 695/916/350
f 695/916/351 699/920/361 700/921/361 696/917/351
f 696/917/647 700/921/649 1020/922/363 1019/918/353
f 697/919/359 701/923/650 703/924/370 699/920/648
f 699/920/361 703/924/371 704/925/372 700/921/361
f 700/921/649 704/925/372 1021/926/373 1020/922/363
f 701/923/650 705/927/651 707/928/380 703/924/370
f 703/924/371 707/928/381 708/929/382 704/925/372
f 704/925/372 708/929/382 1022/930/383 1021/926/373
f 705/927/651 709/931/389 711/932/390 707/928/380
f 707/928/381 711/932/391 712/933/391 708/929/382
f 708/929/382 712/933/652 1023/934/393 1022/930/383
f 709/931/389 713/935/399 715/936/400 711/932/390
f 711/932/391 715/936/653 716/937/653 712/933/391
f 712/933/652 716/937/654 1024/938/403 1023/934/393
f 713/935/399 717/939/409 719/940/655 715/936/400
f 715/936/653 719/940/656 720/941/411 716/937/653
f 716/937/654 720/941/411 1025/942/412 1024/938/403
f 717/939/409 721/943/418 723/944/419 719/940/655
f 719/940/656 723/944/419 724/945/657 720/941/411
f 720/941/411 724/945/657 1026/946/422 1025/942/412
f 721/943/418 725/947/428 727/948/429 723/944/419
f 723/944/419 727/948/429 728/949/430 724/945/657
f 724/945/657 728/949/431 1027/950/432 1026/946/422
f 725/947/428 729/951/438 731/952/439 727/948/429
f 727/948/429 731/952/439 732/953/440 728/949/430
f 728/949/431 732/953/441 1028/954/442 1027/950/432
f 729/951/438 733/955/448 735/956/449 731/952/439
f 731/952/439 735/956/449 736/957/450 732/953/440
f 732/953/441 736/957/451 1029/958/452 1028/954/442
f 733/955/448 737/959/458 739/960/459 735/956/449
f 735/956/449 739/960/459 740/961/658 736/957/450
f 736/957/451 740/961/658 1030/962/462 1029/958/452
f 737/959/458 741/963/468 743/964/659 739/960/459
f 739/960/459 743/964/660 744/965/470 740/961/658
f 740/961/658 744/965/470 1031/966/471 1030/962/462
f 741/963/468 745/967/477 747/968/478 743/964/659
f 743/964/660 747/968/661 748/969/661 744/965/470
f 744/965/470 748/969/662 1032/970/481 1031/966/471
f 745/967/477 749/971/487 751/972/488 747/968/478
f 747/968/661 751/972/489 752/973/489 748/969/661
f 748/969/662 752/973/663 1033/974/491 1032/970/481
f 749/971/487 753/975/664 755/976/498 751/972/488
f 751/972/489 755/976/499 756/977/500 752/973/489
f 752/973/663 756/977/500 1034/978/501 1033/974/491
f 753/975/664 757/979/665 759/980/508 755/976/498
f 755/976/499 759/980/509 760/981/510 756/977/500
f 756/977/500 760/981/510 1035/982/511 1034/978/501
f 757/979/665 761/983/517 763/984/666 759/980/508
f 759/980/509 763/984/519 764/985/519 760/981/510
f 760/981/510 764/985/667 1036/986/521 1035/982/511
f 761/983/517 765/987/527 767/988/528 763/984/666
f 763/984/519 767/988/529 768/989/529 764/985/519
f 764/985/667 768/989/668 1037/990/531 1036/986/521
f 765/987/527 769/991/537 771/992/669 767/988/528
f 767/988/529 771/992/670 772/993/539 768/989/529
f 768/989/668 772/993/539 1038/994/540 1037/990/531
f 769/991/537 773/995/546 775/996/547 771/992/669
f 771/992/670 775/996/547 776/997/671 772/993/539
f 772/993/539 776/997/671 1039/998/550 1038/994/540
f 773/995/546 777/999/556 779/1000/557 775/996/547
f 775/996/547 779/1000/557 780/1001/672 776/997/671
f 776/997/671 780/1001/559 1040/1002/560 1039/998/550
f 777/999/556 574/1003/54 576/1004/57 779/1000/557
f 779/1000/557 576/1004/57 575/1005/613 780/1001/672
f 780/1001/559 575/1005/60 990/1006/63 1040/1002/560
f 157/1007/63 162/1008/62 54/1009/673 53/1010/673
f 158/1011/54 785/1012/65 782/1013/64 161/1014/55
f 361/1015/556 986/1016/561 785/1017/65 158/1018/54
f 362/1019/560 157/1007/63 53/1010/673 104/1020/673
f 161/1014/55 782/1013/64 790/1021/79 165/1022/74
f 162/1008/62 166/1023/78 55/1024/673 54/1009/673
f 165/1022/74 790/1021/79 794/1025/88 169/1026/84
f 166/1023/78 170/1027/87 56/1028/673 55/1024/673
f 169/1026/84 794/1025/88 798/1029/98 173/1030/93
f 170/1027/87 174/1031/97 57/1032/673 56/1028/673
f 173/1030/93 798/1029/98 802/1033/108 177/1034/103
f 174/1031/97 178/1035/107 58/1036/673 57/1032/673
f 177/1034/103 802/1033/108 806/1037/118 181/1038/113
f 178/1035/107 182/1039/117 59/1040/673 58/1036/673
f 181/1038/113 806/1037/118 810/1041/128 185/1042/123
f 182/1039/117 186/1043/127 60/1044/673 59/1040/673
f 185/1042/123 810/1041/128 814/1045/138 189/1046/133
f 186/1043/127 190/1047/137 61/1048/673 60/1044/673
f 189/1046/133 814/1045/138 818/1049/148 193/1050/143
f 190/1047/137 194/1051/147 62/1052/673 61/1048/673
f 193/1050/143 818/1049/148 822/1053/157 197/1054/153
f 194/1051/147 198/1055/156 63/1056/673 62/1052/673
f 197/1054/153 822/1053/157 826/1057/167 201/1058/162
f 198/1055/156 202/1059/166 64/1060/673 63/1056/673
f 201/1058/162 826/1057/167 830/1061/177 205/1062/172
f 202/1059/166 206/1063/176 65/1064/673 64/1060/673
f 205/1062/172 830/1061/177 834/1065/187 209/1066/182
f 206/1063/176 210/1067/186 66/1068/673 65/1064/673
f 209/1066/182 834/1065/187 838/1069/197 213/1070/192
f 210/1067/186 214/1071/196 67/1072/673 66/1068/673
f 213/1070/192 838/1069/197 842/1073/207 217/1074/202
f 214/1071/196 218/1075/206 68/1076/673 67/1072/673
f 217/1074/202 842/1073/207 846/1077/216 221/1078/212
f 218/1075/206 222/1079/215 69/1080/673 68/1076/673
f 221/1078/212 846/1077/216 850/1081/226 225/1082/221
f 222/1079/215 226/1083/225 70/1084/673 69/1080/673
f 225/1082/221 850/1081/226 854/1085/236 229/1086/231
f 226/1083/225 230/1087/235 71/1088/673 70/1084/673
f 229/1086/231 854/1085/236 858/1089/246 233/1090/241
f 230/1087/235 234/1091/245 72/1092/673 71/1088/673
f 233/1090/241 858/1089/246 862/1093/256 237/1094/251
f 234/1091/245 238/1095/255 73/1096/673 72/1092/673
f 237/1094/251 862/1093/256 866/1097/266 241/1098/261
f 238/1095/255 242/1099/265 74/1100/673 73/1096/673
f 241/1098/261 866/1097/266 870/1101/276 245/1102/271
f 242/1099/265 246/1103/275 75/1104/673 74/1100/673
f 245/1102/271 870/1101/276 874/1105/285 249/1106/281
f 246/1103/275 250/1107/284 76/1108/673 75/1104/673
f 249/1106/281 874/1105/285 878/1109/295 253/1110/290
f 250/1107/284 254/1111/294 77/1112/673 76/1108/673
f 253/1110/290 878/1109/295 882/1113/305 257/1114/300
f 254/1111/294 258/1115/304 78/1116/673 77/1112/673
f 257/1114/300 882/1113/305 886/1117/315 261/1118/310
f 258/1115/304 262/1119/314 79/1120/673 78/1116/673
f 261/1121/310 886/1122/315 890/1123/325 265/1124/320
f 262/1119/314 266/1125/324 80/1126/673 79/1120/673
f 265/1124/320 890/1123/325 894/1127/335 269/1128/330
f 266/1125/324 270/1129/334 81/1130/673 80/1126/673
f 269/1128/330 894/1127/335 898/1131/344 273/1132/340
f 270/1129/334 274/1133/343 82/1134/673 81/1130/673
f 273/1132/340 898/1131/344 902/1135/354 277/1136/349
f 274/1133/343 278/1137/353 83/1138/673 82/1134/673
f 277/1136/349 902/1135/354 906/1139/364 281/1140/359
f 278/1137/353 282/1141/363 84/1142/673 83/1138/673
f 281/1140/359 906/1139/364 910/1143/374 285/1144/369
f 282/1141/363 286/1145/373 85/1146/673 84/1142/673
f 285/1144/369 910/1143/374 914/1147/384 289/1148/379
f 286/1145/373 290/1149/383 86/1150/673 85/1146/673
f 289/1148/379 914/1147/384 918/1151/394 293/1152/389
f 290/1149/383 294/1153/393 87/1154/673 86/1150/673
f 293/1152/389 918/1151/394 922/1155/404 297/1156/399
f 294/1153/393 298/1157/403 88/1158/673 87/1154/673
f 297/1156/399 922/1155/404 926/1159/413 301/1160/409
f 298/1157/403 302/1161/412 89/1162/673 88/1158/673
f 301/1160/409 926/1159/413 930/1163/423 305/1164/418
f 302/1161/412 306/1165/422 90/1166/673 89/1162/673
f 305/1164/418 930/1163/423 934/1167/433 309/1168/428
f 306/1165/422 310/1169/432 91/1170/673 90/1166/673
f 309/1168/428 934/1167/433 938/1171/443 313/1172/438
f 310/1169/432 314/1173/442 92/1174/673 91/1170/673
f 313/1172/438 938/1171/443 942/1175/453 317/1176/448
f 314/1173/442 318/1177/452 93/1178/673 92/1174/673
f 317/1176/448 942/1175/453 946/1179/463 321/1180/458
f 318/1177/452 322/1181/462 94/1182/673 93/1178/673
f 321/1180/458 946/1179/463 950/1183/472 325/1184/468
f 322/1181/462 326/1185/471 95/1186/673 94/1182/673
f 325/1184/468 950/1183/472 954/1187/482 329/1188/477
f 326/1185/471 330/1189/481 96/1190/673 95/1186/673
f 329/1188/477 954/1187/482 958/1191/492 333/1192/487
f 330/1189/481 334/1193/491 97/1194/673 96/1190/673
f 333/1192/487 958/1191/492 962/1195/502 337/1196/497
f 334/1193/491 338/1197/501 98/1198/673 97/1194/673
f 337/1196/497 962/1195/502 966/1199/512 341/1200/507
f 338/1197/501 342/1201/511 99/1202/673 98/1198/673
f 341/1200/507 966/1199/512 970/1203/522 345/1204/517
f 342/1201/511 346/1205/521 100/1206/673 99/1202/673
f 345/1204/517 970/1203/522 974/1207/532 349/1208/527
f 346/1205/521 350/1209/531 101/1210/673 100/1206/673
f 349/1208/527 974/1207/532 978/1211/541 353/1212/537
f 350/1209/531 354/1213/540 102/1214/673 101/1210/673
f 353/1212/537 978/1211/541 982/1215/551 357/1216/546
f 354/1213/540 358/1217/550 103/1218/673 102/1214/673
f 357/1216/546 982/1215/551 986/1016/561 361/1015/556
f 358/1217/550 362/1019/560 104/1020/673 103/1218/673
f 365/1219/65 370/1220/64 577/1221/55 574/1222/54
f 366/1223/72 569/1224/565 156/1225/1 105/1226/1
f 369/1227/73 366/1223/72 105/1226/1 106/1228/1
f 570/1229/561 365/1230/65 574/1231/54 777/1232/556
f 370/1220/64 374/1233/79 581/1234/74 577/1221/55
f 373/1235/83 369/1227/73 106/1228/1 107/1236/1
f 374/1233/79 378/1237/88 585/1238/84 581/1234/74
f 377/1239/92 373/1235/83 107/1236/1 108/1240/1
f 378/1237/88 382/1241/98 589/1242/93 585/1238/84
f 381/1243/102 377/1239/92 108/1240/1 109/1244/1
f 382/1241/98 386/1245/108 593/1246/103 589/1242/93
f 385/1247/112 381/1243/102 109/1244/1 110/1248/1
f 386/1245/108 390/1249/572 597/1250/620 593/1246/103
f 389/1251/122 385/1247/112 110/1248/1 111/1252/1
f 390/1249/572 394/1253/128 601/1254/621 597/1250/620
f 393/1255/132 389/1251/122 111/1252/1 112/1256/1
f 394/1253/128 398/1257/138 605/1258/133 601/1254/621
f 397/1259/142 393/1255/132 112/1256/1 113/1260/1
f 398/1257/138 402/1261/148 609/1262/143 605/1258/133
f 401/1263/152 397/1259/142 113/1260/1 114/1264/1
f 402/1261/148 406/1265/157 613/1266/153 609/1262/143
f 405/1267/161 401/1263/152 114/1264/1 115/1268/1
f 406/1265/157 410/1269/167 617/1270/162 613/1266/153
f 409/1271/171 405/1267/161 115/1268/1 116/1272/1
f 410/1269/167 414/1273/177 621/1274/172 617/1270/162
f 413/1275/181 409/1271/171 116/1272/1 117/1276/1
f 414/1273/177 418/1277/187 625/1278/182 621/1274/172
f 417/1279/191 413/1275/181 117/1276/1 118/1280/1
f 418/1277/187 422/1281/197 629/1282/192 625/1278/182
f 421/1283/201 417/1279/191 118/1280/1 119/1284/1
f 422/1281/197 426/1285/207 633/1286/202 629/1282/192
f 425/1287/211 421/1283/201 119/1284/1 120/1288/1
f 426/1285/207 430/1289/216 637/1290/212 633/1286/202
f 429/1291/220 425/1287/211 120/1288/1 121/1292/1
f 430/1289/216 434/1293/226 641/1294/221 637/1290/212
f 433/1295/230 429/1291/220 121/1292/1 122/1296/1
f 434/1293/226 438/1297/236 645/1298/231 641/1294/221
f 437/1299/240 433/1295/230 122/1296/1 123/1300/1
f 441/1301/250 437/1299/240 123/1300/1 124/1302/1
f 438/1297/236 442/1303/246 649/1304/634 645/1298/231
f 445/1305/260 441/1301/250 124/1302/1 125/1306/1
f 442/1303/246 446/1307/256 653/1308/635 649/1304/634
f 449/1309/270 445/1305/260 125/1306/1 126/1310/1
f 446/1307/256 450/1311/266 657/1312/261 653/1308/635
f 450/1311/266 454/1313/276 661/1314/271 657/1312/261
f 453/1315/280 449/1309/270 126/1310/1 127/1316/1
f 454/1313/276 458/1317/285 665/1318/281 661/1314/271
f 457/1319/289 453/1315/280 127/1316/1 128/1320/1
f 458/1317/285 462/1321/295 669/1322/290 665/1318/281
f 461/1323/299 457/1319/289 128/1320/1 129/1324/1
f 462/1321/295 466/1325/305 673/1326/300 669/1322/290
f 465/1327/309 461/1323/299 129/1324/1 130/1328/1
f 466/1325/305 470/1329/315 677/1330/310 673/1326/300
f 469/1331/319 465/1327/309 130/1328/1 131/1332/1
f 470/1329/315 474/1333/325 681/1334/320 677/1330/310
f 473/1335/329 469/1331/319 131/1332/1 132/1336/1
f 474/1333/325 478/1337/335 685/1338/330 681/1334/320
f 477/1339/339 473/1335/329 132/1336/1 133/1340/1
f 478/1337/335 482/1341/344 689/1342/340 685/1338/330
f 481/1343/348 477/1339/339 133/1340/1 134/1344/1
f 482/1341/344 486/1345/354 693/1346/349 689/1342/340
f 485/1347/358 481/1343/348 134/1344/1 135/1348/1
f 486/1345/354 490/1349/364 697/1350/359 693/1346/349
f 489/1351/368 485/1347/358 135/1348/1 136/1352/1
f 490/1349/364 494/1353/596 701/1354/650 697/1350/359
f 493/1355/378 489/1351/368 136/1352/1 137/1356/1
f 494/1353/596 498/1357/384 705/1358/651 701/1354/650
f 497/1359/388 493/1355/378 137/1356/1 138/1360/1
f 498/1357/384 502/1361/394 709/1362/389 705/1358/651
f 501/1363/398 497/1359/388 138/1360/1 139/1364/1
f 502/1361/394 506/1365/404 713/1366/399 709/1362/389
f 505/1367/408 501/1363/398 139/1364/1 140/1368/1
f 506/1365/404 510/1369/413 717/1370/409 713/1366/399
f 509/1371/417 505/1367/408 140/1368/1 141/1372/1
f 510/1369/413 514/1373/423 721/1374/418 717/1370/409
f 513/1375/427 509/1371/417 141/1372/1 142/1376/1
f 514/1373/423 518/1377/433 725/1378/428 721/1374/418
f 517/1379/437 513/1375/427 142/1376/1 143/1380/1
f 518/1377/433 522/1381/443 729/1382/438 725/1378/428
f 521/1383/447 517/1379/437 143/1380/1 144/1384/1
f 522/1381/443 526/1385/453 733/1386/448 729/1382/438
f 525/1387/457 521/1383/447 144/1384/1 145/1388/1
f 526/1385/453 530/1389/463 737/1390/458 733/1386/448
f 529/1391/467 525/1387/457 145/1388/1 146/1392/1
f 530/1389/463 534/1393/472 741/1394/468 737/1390/458
f 533/1395/476 529/1391/467 146/1392/1 147/1396/1
f 534/1393/472 538/1397/482 745/1398/477 741/1394/468
f 537/1399/486 533/1395/476 147/1396/1 148/1400/1
f 538/1397/482 542/1401/492 749/1402/487 745/1398/477
f 541/1403/496 537/1399/486 148/1400/1 149/1404/1
f 542/1401/492 546/1405/502 753/1406/664 749/1402/487
f 545/1407/506 541/1403/496 149/1404/1 150/1408/1
f 546/1405/502 550/1409/512 757/1410/665 753/1406/664
f 549/1411/516 545/1407/506 150/1408/1 151/1412/1
f 550/1409/512 554/1413/522 761/1414/517 757/1410/665
f 553/1415/526 549/1411/516 151/1412/1 152/1416/1
f 554/1413/522 558/1417/532 765/1418/527 761/1414/517
f 557/1419/536 553/1415/526 152/1416/1 153/1420/1
f 558/1417/532 562/1421/541 769/1422/537 765/1418/527
f 561/1423/545 557/1419/536 153/1420/1 154/1424/1
f 562/1421/541 566/1425/551 773/1426/546 769/1422/537
f 565/1427/555 561/1423/545 154/1424/1 155/1428/1
f 566/1425/551 570/1229/561 777/1232/556 773/1426/546
f 569/1224/565 565/1427/555 155/1428/1 156/1225/1
f 714/1429/674 718/1430/675 1077/1431/676 1076/1432/677
f 1/1433/1 2/1434/1 781/1435/73 786/1436/72
f 2/1434/1 3/1437/1 789/1438/83 781/1435/73
f 52/1439/1 1/1440/1 786/1441/72 985/1442/565
f 3/1437/1 4/1443/1 793/1444/92 789/1438/83
f 4/1443/1 5/1445/1 797/1446/102 793/1444/92
f 5/1445/1 6/1447/1 801/1448/112 797/1446/102
f 6/1447/1 7/1449/1 805/1450/122 801/1448/112
f 7/1449/1 8/1451/1 809/1452/132 805/1450/122
f 8/1451/1 9/1453/1 813/1454/142 809/1452/132
f 9/1453/1 10/1455/1 817/1456/152 813/1454/142
f 10/1455/1 11/1457/1 821/1458/161 817/1456/152
f 11/1457/1 12/1459/1 825/1460/171 821/1458/161
f 12/1459/1 13/1461/1 829/1462/181 825/1460/171
f 13/1461/1 14/1463/1 833/1464/191 829/1462/181
f 14/1463/1 15/1465/1 837/1466/201 833/1464/191
f 15/1465/1 16/1467/1 841/1468/211 837/1466/201
f 16/1467/1 17/1469/1 845/1470/220 841/1468/211
f 17/1469/1 18/1471/1 849/1472/230 845/1470/220
f 18/1471/1 19/1473/1 853/1474/240 849/1472/230
f 19/1473/1 20/1475/1 857/1476/250 853/1474/240
f 20/1475/1 21/1477/1 861/1478/260 857/1476/250
f 21/1477/1 22/1479/1 865/1480/270 861/1478/260
f 22/1479/1 23/1481/1 869/1482/280 865/1480/270
f 23/1481/1 24/1483/1 873/1484/289 869/1482/280
f 24/1483/1 25/1485/1 877/1486/299 873/1484/289
f 25/1485/1 26/1487/1 881/1488/309 877/1486/299
f 26/1487/1 27/1489/1 885/1490/319 881/1488/309
f 27/1489/1 28/1491/1 889/1492/329 885/1490/319
f 28/1491/1 29/1493/1 893/1494/339 889/1492/329
f 29/1493/1 30/1495/1 897/1496/348 893/1494/339
f 30/1495/1 31/1497/1 901/1498/358 897/1496/348
f 31/1497/1 32/1499/1 905/1500/368 901/1498/358
f 32/1499/1 33/1501/1 909/1502/378 905/1500/368
f 33/1501/1 34/1503/1 913/1504/388 909/1502/378
f 34/1503/1 35/1505/1 917/1506/398 913/1504/388
f 35/1505/1 36/1507/1 921/1508/408 917/1506/398
f 36/1507/1 37/1509/1 925/1510/417 921/1508/408
f 37/1509/1 38/1511/1 929/1512/427 925/1510/417
f 38/1511/1 39/1513/1 933/1514/437 929/1512/427
f 39/1513/1 40/1515/1 937/1516/447 933/1514/437
f 40/1515/1 41/1517/1 941/1518/457 937/1516/447
f 41/1517/1 42/1519/1 945/1520/467 941/1518/457
f 42/1519/1 43/1521/1 949/1522/476 945/1520/467
f 43/1521/1 44/1523/1 953/1524/486 949/1522/476
f 44/1523/1 45/1525/1 957/1526/496 953/1524/486
f 45/1525/1 46/1527/1 961/1528/506 957/1526/496
f 46/1527/1 47/1529/1 965/1530/516 961/1528/506
f 47/1529/1 48/1531/1 969/1532/526 965/1530/516
f 48/1531/1 49/1533/1 973/1534/536 969/1532/526
f 49/1533/1 50/1535/1 977/1536/545 973/1534/536
f 50/1535/1 51/1537/1 981/1538/555 977/1536/545
f 51/1537/1 52/1439/1 985/1442/565 981/1538/555
f 578/1539/673 573/1540/673 990/1541/63 989/1542/62
f 582/1543/673 578/1539/673 989/1542/62 991/1544/78
f 586/1545/673 582/1543/673 991/1544/78 992/1546/87
f 590/1547/673 586/1545/673 992/1546/87 993/1548/97
f 594/1549/673 590/1547/673 993/1548/97 994/1550/107
f 598/1551/673 594/1549/673 994/1550/107 995/1552/117
f 602/1553/673 598/1551/673 995/1552/117 996/1554/127
f 606/1555/673 602/1553/673 996/1554/127 997/1556/137
f 610/1557/673 606/1555/673 997/1556/137 998/1558/147
f 614/1559/673 610/1557/673 998/1558/147 999/1560/156
f 618/1561/673 614/1559/673 999/1560/156 1000/1562/166
f 622/1563/673 618/1561/673 1000/1562/166 1001/1564/176
f 626/1565/673 622/1563/673 1001/1564/176 1002/1566/186
f 630/1567/673 626/1565/673 1002/1566/186 1003/1568/196
f 634/1569/673 630/1567/673 1003/1568/196 1004/1570/206
f 638/1571/673 634/1569/673 1004/1570/206 1005/1572/215
f 642/1573/673 638/1571/673 1005/1572/215 1006/1574/225
f 646/1575/673 642/1573/673 1006/1574/225 1007/1576/235
f 650/1577/673 646/1575/673 1007/1576/235 1008/1578/245
f 654/1579/673 650/1577/673 1008/1578/245 1009/1580/255
f 658/1581/673 654/1579/673 1009/1580/255 1010/1582/265
f 662/1583/673 658/1581/673 1010/1582/265 1011/1584/275
f 666/1585/673 662/1583/673 1011/1584/275 1012/1586/284
f 670/1587/673 666/1585/673 1012/1586/284 1013/1588/294
f 674/1589/673 670/1587/673 1013/1588/294 1014/1590/304
f 678/1591/673 674/1589/673 1014/1590/304 1015/1592/314
f 682/1593/673 678/1591/673 1015/1592/314 1016/1594/324
f 686/1595/673 682/1593/673 1016/1594/324 1017/1596/334
f 690/1597/673 686/1595/673 1017/1596/334 1018/1598/343
f 694/1599/673 690/1597/673 1018/1598/343 1019/1600/353
f 698/1601/673 694/1599/673 1019/1600/353 1020/1602/363
f 702/1603/673 698/1601/673 1020/1602/363 1021/1604/373
f 706/1605/673 702/1603/673 1021/1604/373 1022/1606/383
f 710/1607/673 706/1605/673 1022/1606/383 1023/1608/393
f 714/1609/673 710/1607/673 1023/1608/393 1024/1610/403
f 718/1611/673 714/1609/673 1024/1610/403 1025/1612/412
f 722/1613/673 718/1611/673 1025/1612/412 1026/1614/422
f 726/1615/673 722/1613/673 1026/1614/422 1027/1616/432
f 730/1617/673 726/1615/673 1027/1616/432 1028/1618/442
f 734/1619/673 730/1617/673 1028/1618/442 1029/1620/452
f 738/1621/673 734/1619/673 1029/1620/452 1030/1622/462
f 742/1623/673 738/1621/673 1030/1622/462 1031/1624/471
f 746/1625/673 742/1623/673 1031/1624/471 1032/1626/481
f 750/1627/673 746/1625/673 1032/1626/481 1033/1628/491
f 754/1629/673 750/1627/673 1033/1628/491 1034/1630/501
f 758/1631/673 754/1629/673 1034/1630/501 1035/1632/511
f 762/1633/673 758/1631/673 1035/1632/511 1036/1634/521
f 766/1635/673 762/1633/673 1036/1634/521 1037/1636/531
f 770/1637/673 766/1635/673 1037/1636/531 1038/1638/540
f 774/1639/673 770/1637/673 1038/1638/540 1039/1640/550
f 778/1641/673 774/1639/673 1039/1640/550 1040/1642/560
f 573/1540/673 778/1641/673 1040/1642/560 990/1541/63
f 1077/1643/676 1078/1644/678 1130/1645/679 1129/1646/680
f 610/1647/681 614/1648/682 1051/1649/683 1050/1650/684
f 718/1430/675 722/1651/685 1078/1652/678 1077/1431/676
f 614/1648/682 618/1653/686 1052/1654/687 1051/1649/683
f 722/1651/685 726/1655/688 1079/1656/689 1078/1652/678
f 618/1653/686 622/1657/690 1053/1658/691 1052/1654/687
f 726/1655/688 730/1659/692 1080/1660/693 1079/1656/689
f 622/1657/690 626/1661/694 1054/1662/695 1053/1658/691
f 730/1659/692 734/1663/696 1081/1664/697 1080/1660/693
f 626/1661/694 630/1665/698 1055/1666/699 1054/1662/695
f 734/1663/696 738/1667/700 1082/1668/701 1081/1664/697
f 630/1665/698 634/1669/702 1056/1670/703 1055/1666/699
f 738/1667/700 742/1671/704 1083/1672/705 1082/1668/701
f 634/1669/702 638/1673/706 1057/1674/707 1056/1670/703
f 742/1671/704 746/1675/708 1084/1676/709 1083/1672/705
f 638/1673/706 642/1677/710 1058/1678/711 1057/1674/707
f 746/1675/708 750/1679/712 1085/1680/713 1084/1676/709
f 642/1677/710 646/1681/714 1059/1682/715 1058/1678/711
f 750/1679/712 754/1683/716 1086/1684/717 1085/1680/713
f 646/1681/714 650/1685/718 1060/1686/719 1059/1682/715
f 754/1683/716 758/1687/720 1087/1688/721 1086/1684/717
f 650/1685/718 654/1689/722 1061/1690/723 1060/1686/719
f 758/1687/720 762/1691/724 1088/1692/725 1087/1688/721
f 654/1689/722 658/1693/726 1062/1694/727 1061/1690/723
f 762/1691/724 766/1695/728 1089/1696/729 1088/1692/725
f 658/1693/726 662/1697/730 1063/1698/731 1062/1694/727
f 766/1695/728 770/1699/732 1090/1700/733 1089/1696/729
f 662/1697/730 666/1701/734 1064/1702/735 1063/1698/731
f 770/1699/732 774/1703/736 1091/1704/737 1090/1700/733
f 666/1701/734 670/1705/738 1065/1706/739 1064/1702/735
f 774/1703/736 778/1707/740 1092/1708/741 1091/1704/737
f 670/1705/738 674/1709/742 1066/1710/743 1065/1706/739
f 778/1707/740 573/1711/744 1042/1712/745 1092/1708/741
f 674/1709/742 678/1713/746 1067/1714/747 1066/1710/743
f 678/1713/746 682/1715/748 1068/1716/749 1067/1714/747
f 573/1717/744 578/1718/750 1041/1719/751 1042/1720/745
f 682/1715/748 686/1721/752 1069/1722/753 1068/1716/749
f 578/1718/750 582/1723/754 1043/1724/755 1041/1719/751
f 686/1721/752 690/1725/756 1070/1726/757 1069/1722/753
f 582/1723/754 586/1727/758 1044/1728/759 1043/1724/755
f 690/1725/756 694/1729/760 1071/1730/761 1070/1726/757
f 586/1727/758 590/1731/762 1045/1732/763 1044/1728/759
f 694/1729/760 698/1733/764 1072/1734/765 1071/1730/761
f 590/1731/762 594/1735/766 1046/1736/767 1045/1732/763
f 698/1733/764 702/1737/768 1073/1738/769 1072/1734/765
f 594/1735/766 598/1739/770 1047/1740/771 1046/1736/767
f 702/1737/768 706/1741/772 1074/1742/773 1073/1738/769
f 598/1739/770 602/1743/774 1048/1744/775 1047/1740/771
f 706/1741/772 710/1745/776 1075/1746/777 1074/1742/773
f 602/1743/774 606/1747/778 1049/1748/779 1048/1744/775
f 710/1745/776 714/1429/674 1076/1432/677 1075/1746/777
f 606/1747/778 610/1647/681 1050/1650/684 1049/1748/779
f 1130/1749/780 1131/1750/781 1183/1751/781 1182/1752/780
f 1051/1753/683 1052/1754/687 1104/1755/782 1103/1756/783
f 1078/1644/678 1079/1757/689 1131/1758/784 1130/1645/679
f 1052/1754/687 1053/1759/691 1105/1760/785 1104/1755/782
f 1079/1757/689 1080/1761/693 1132/1762/786 1131/1758/784
f 1053/1759/691 1054/1763/695 1106/1764/787 1105/1760/785
f 1080/1761/693 1081/1765/697 1133/1766/788 1132/1762/786
f 1054/1763/695 1055/1767/699 1107/1768/789 1106/1764/787
f 1081/1765/697 1082/1769/701 1134/1770/790 1133/1766/788
f 1055/1767/699 1056/1771/703 1108/1772/791 1107/1768/789
f 1082/1769/701 1083/1773/705 1135/1774/792 1134/1770/790
f 1056/1771/703 1057/1775/707 1109/1776/793 1108/1772/791
f 1083/1773/705 1084/1777/709 1136/1778/794 1135/1774/792
f 1057/1775/707 1058/1779/711 1110/1780/795 1109/1776/793
f 1084/1777/709 1085/1781/713 1137/1782/796 1136/1778/794
f 1058/1779/711 1059/1783/715 1111/1784/797 1110/1780/795
f 1085/1781/713 1086/1785/717 1138/1786/798 1137/1782/796
f 1059/1783/715 1060/1787/719 1112/1788/799 1111/1784/797
f 1086/1785/717 1087/1789/721 1139/1790/800 1138/1786/798
f 1060/1787/719 1061/1791/723 1113/1792/801 1112/1788/799
f 1087/1789/721 1088/1793/725 1140/1794/802 1139/1790/800
f 1061/1791/723 1062/1795/727 1114/1796/803 1113/1792/801
f 1088/1793/725 1089/1797/729 1141/1798/804 1140/1794/802
f 1062/1795/727 1063/1799/731 1115/1800/805 1114/1796/803
f 1089/1797/729 1090/1801/733 1142/1802/806 1141/1798/804
f 1063/1799/731 1064/1803/735 1116/1804/807 1115/1800/805
f 1090/1801/733 1091/1805/737 1143/1806/808 1142/1802/806
f 1064/1803/735 1065/1807/739 1117/1808/809 1116/1804/807
f 1091/1805/737 1092/1809/741 1144/1810/810 1143/1806/808
f 1065/1807/739 1066/1811/743 1118/1812/811 1117/1808/809
f 1092/1809/741 1042/1813/745 1094/1814/812 1144/1810/810
f 1066/1811/743 1067/1815/747 1119/1816/813 1118/1812/811
f 1067/1815/747 1068/1817/749 1120/1818/814 1119/1816/813
f 1042/1819/745 1041/1820/751 1093/1821/815 1094/1822/812
f 1068/1817/749 1069/1823/753 1121/1824/816 1120/1818/814
f 1041/1820/751 1043/1825/755 1095/1826/817 1093/1821/815
f 1069/1823/753 1070/1827/757 1122/1828/818 1121/1824/816
f 1043/1825/755 1044/1829/759 1096/1830/819 1095/1826/817
f 1070/1827/757 1071/1831/761 1123/1832/820 1122/1828/818
f 1044/1829/759 1045/1833/763 1097/1834/821 1096/1830/819
f 1071/1831/761 1072/1835/765 1124/1836/822 1123/1832/820
f 1045/1833/763 1046/1837/767 1098/1838/823 1097/1834/821
f 1072/1835/765 1073/1839/769 1125/1840/824 1124/1836/822
f 1046/1837/767 1047/1841/771 1099/1842/825 1098/1838/823
f 1073/1839/769 1074/1843/773 1126/1844/826 1125/1840/824
f 1047/1841/771 1048/1845/775 1100/1846/827 1099/1842/825
f 1074/1843/773 1075/1847/777 1127/1848/828 1126/1844/826
f 1048/1845/775 1049/1849/779 1101/1850/829 1100/1846/827
f 1075/1847/777 1076/1851/677 1128/1852/830 1127/1848/828
f 1049/1849/779 1050/1853/684 1102/1854/831 1101/1850/829
f 1076/1851/677 1077/1643/676 1129/1646/680 1128/1852/830
f 1050/1853/684 1051/1753/683 1103/1756/783 1102/1854/831
f 1183/1855/688 1184/1856/692 1236/1857/692 1235/1858/688
f 1104/1859/832 1105/1860/833 1157/1861/833 1156/1862/832
f 1131/1750/781 1132/1863/834 1184/1864/834 1183/1751/781
f 1105/1860/833 1106/1865/835 1158/1866/835 1157/1861/833
f 1132/1863/834 1133/1867/836 1185/1868/836 1184/1864/834
f 1106/1865/835 1107/1869/837 1159/1870/837 1158/1866/835
f 1133/1867/836 1134/1871/838 1186/1872/838 1185/1868/836
f 1107/1869/837 1108/1873/839 1160/1874/839 1159/1870/837
f 1134/1871/838 1135/1875/840 1187/1876/840 1186/1872/838
f 1108/1873/839 1109/1877/841 1161/1878/841 1160/1874/839
f 1135/1875/840 1136/1879/842 1188/1880/842 1187/1876/840
f 1109/1877/841 1110/1881/843 1162/1882/843 1161/1878/841
f 1136/1879/842 1137/1883/844 1189/1884/844 1188/1880/842
f 1110/1881/843 1111/1885/845 1163/1886/845 1162/1882/843
f 1137/1883/844 1138/1887/846 1190/1888/846 1189/1884/844
f 1111/1885/845 1112/1889/847 1164/1890/847 1163/1886/845
f 1138/1887/846 1139/1891/848 1191/1892/848 1190/1888/846
f 1112/1889/847 1113/1893/849 1165/1894/850 1164/1890/847
f 1139/1891/848 1140/1895/851 1192/1896/851 1191/1892/848
f 1113/1893/849 1114/1897/852 1166/1898/852 1165/1894/850
f 1140/1895/851 1141/1899/853 1193/1900/853 1192/1896/851
f 1114/1897/852 1115/1901/854 1167/1902/854 1166/1898/852
f 1141/1899/853 1142/1903/855 1194/1904/855 1193/1900/853
f 1115/1901/854 1116/1905/856 1168/1906/856 1167/1902/854
f 1142/1903/855 1143/1907/857 1195/1908/857 1194/1904/855
f 1116/1905/856 1117/1909/858 1169/1910/858 1168/1906/856
f 1143/1907/857 1144/1911/859 1196/1912/859 1195/1908/857
f 1117/1909/858 1118/1913/860 1170/1914/860 1169/1910/858
f 1144/1911/859 1094/1915/861 1146/1916/861 1196/1912/859
f 1118/1913/860 1119/1917/862 1171/1918/862 1170/1914/860
f 1119/1917/862 1120/1919/863 1172/1920/863 1171/1918/862
f 1094/1921/861 1093/1922/864 1145/1923/864 1146/1924/861
f 1120/1919/863 1121/1925/865 1173/1926/865 1172/1920/863
f 1093/1922/864 1095/1927/866 1147/1928/866 1145/1923/864
f 1121/1925/865 1122/1929/867 1174/1930/867 1173/1926/865
f 1095/1927/866 1096/1931/868 1148/1932/868 1147/1928/866
f 1122/1929/867 1123/1933/869 1175/1934/869 1174/1930/867
f 1096/1931/868 1097/1935/870 1149/1936/870 1148/1932/868
f 1123/1933/869 1124/1937/871 1176/1938/871 1175/1934/869
f 1097/1935/870 1098/1939/872 1150/1940/872 1149/1936/870
f 1124/1937/871 1125/1941/873 1177/1942/873 1176/1938/871
f 1098/1939/872 1099/1943/874 1151/1944/874 1150/1940/872
f 1125/1941/873 1126/1945/875 1178/1946/875 1177/1942/873
f 1099/1943/874 1100/1947/876 1152/1948/876 1151/1944/874
f 1126/1945/875 1127/1949/877 1179/1950/877 1178/1946/875
f 1100/1947/876 1101/1951/878 1153/1952/878 1152/1948/876
f 1127/1949/877 1128/1953/879 1180/1954/879 1179/1950/877
f 1101/1951/878 1102/1955/880 1154/1956/880 1153/1952/878
f 1128/1953/879 1129/1957/881 1181/1958/881 1180/1954/879
f 1102/1955/880 1103/1959/882 1155/1960/882 1154/1956/880
f 1129/1957/881 1130/1749/780 1182/1752/780 1181/1958/881
f 1103/1959/882 1104/1859/832 1156/1862/832 1155/1960/882
f 1209/1961/883 1210/1962/884 1262/1963/884 1261/1964/883
f 1157/1965/690 1158/1966/694 1210/1967/694 1209/1968/690
f 1184/1856/692 1185/1969/696 1237/1970/696 1236/1857/692
f 1158/1966/694 1159/1971/698 1211/1972/698 1210/1967/694
f 1185/1969/696 1186/1973/700 1238/1974/700 1237/1970/696
f 1159/1971/698 1160/1975/702 1212/1976/702 1211/1972/698
f 1186/1973/700 1187/1977/704 1239/1978/704 1238/1974/700
f 1160/1975/702 1161/1979/706 1213/1980/706 1212/1976/702
f 1187/1977/704 1188/1981/708 1240/1982/708 1239/1978/704
f 1161/1979/706 1162/1983/710 1214/1984/710 1213/1980/706
f 1188/1981/708 1189/1985/712 1241/1986/712 1240/1982/708
f 1162/1983/710 1163/1987/714 1215/1988/714 1214/1984/710
f 1189/1985/712 1190/1989/716 1242/1990/716 1241/1986/712
f 1163/1987/714 1164/1991/718 1216/1992/718 1215/1988/714
f 1190/1989/716 1191/1993/720 1243/1994/720 1242/1990/716
f 1164/1991/718 1165/1995/722 1217/1996/722 1216/1992/718
f 1191/1993/720 1192/1997/724 1244/1998/724 1243/1994/720
f 1165/1995/722 1166/1999/726 1218/2000/726 1217/1996/722
f 1192/1997/724 1193/2001/728 1245/2002/728 1244/1998/724
f 1166/1999/726 1167/2003/730 1219/2004/730 1218/2000/726
f 1193/2001/728 1194/2005/732 1246/2006/732 1245/2002/728
f 1167/2003/730 1168/2007/734 1220/2008/734 1219/2004/730
f 1194/2005/732 1195/2009/736 1247/2010/736 1246/2006/732
f 1168/2007/734 1169/2011/738 1221/2012/738 1220/2008/734
f 1195/2009/736 1196/2013/740 1248/2014/740 1247/2010/736
f 1169/2011/738 1170/2015/742 1222/2016/742 1221/2012/738
f 1196/2013/740 1146/2017/744 1198/2018/744 1248/2014/740
f 1170/2015/742 1171/2019/746 1223/2020/746 1222/2016/742
f 1171/2019/746 1172/2021/748 1224/2022/748 1223/2020/746
f 1146/2023/744 1145/2024/750 1197/2025/750 1198/2026/744
f 1172/2021/748 1173/2027/752 1225/2028/752 1224/2022/748
f 1145/2024/750 1147/2029/754 1199/2030/754 1197/2025/750
f 1173/2027/752 1174/2031/756 1226/2032/756 1225/2028/752
f 1147/2029/754 1148/2033/758 1200/2034/758 1199/2030/754
f 1174/2031/756 1175/2035/760 1227/2036/760 1226/2032/756
f 1148/2033/758 1149/2037/762 1201/2038/762 1200/2034/758
f 1175/2035/760 1176/2039/764 1228/2040/764 1227/2036/760
f 1149/2037/762 1150/2041/766 1202/2042/766 1201/2038/762
f 1176/2039/764 1177/2043/768 1229/2044/768 1228/2040/764
f 1150/2041/766 1151/2045/770 1203/2046/770 1202/2042/766
f 1177/2043/768 1178/2047/772 1230/2048/772 1229/2044/768
f 1151/2045/770 1152/2049/774 1204/2050/774 1203/2046/770
f 1178/2047/772 1179/2051/776 1231/2052/776 1230/2048/772
f 1152/2049/774 1153/2053/778 1205/2054/778 1204/2050/774
f 1179/2051/776 1180/2055/674 1232/2056/674 1231/2052/776
f 1153/2053/778 1154/2057/681 1206/2058/681 1205/2054/778
f 1180/2055/674 1181/2059/675 1233/2060/675 1232/2056/674
f 1154/2057/681 1155/2061/682 1207/2062/682 1206/2058/681
f 1181/2059/675 1182/2063/685 1234/2064/685 1233/2060/675
f 1155/2061/682 1156/2065/686 1208/2066/686 1207/2062/682
f 1182/2063/685 1183/1855/688 1235/1858/688 1234/2064/685
f 1156/2065/686 1157/1965/690 1209/1968/690 1208/2066/686
f 1288/2067/885 1289/2068/886 1341/2069/886 1340/2070/885
f 1236/2071/887 1237/2072/888 1289/2073/888 1288/2074/887
f 1210/1962/884 1211/2075/889 1263/2076/889 1262/1963/884
f 1237/2072/888 1238/2077/890 1290/2078/890 1289/2073/888
f 1211/2075/889 1212/2079/891 1264/2080/891 1263/2076/889
f 1238/2077/890 1239/2081/892 1291/2082/892 1290/2078/890
f 1212/2079/891 1213/2083/893 1265/2084/893 1264/2080/891
f 1239/2081/892 1240/2085/894 1292/2086/894 1291/2082/892
f 1213/2083/893 1214/2087/895 1266/2088/895 1265/2084/893
f 1240/2085/894 1241/2089/896 1293/2090/896 1292/2086/894
f 1214/2087/895 1215/2091/897 1267/2092/897 1266/2088/895
f 1241/2089/896 1242/2093/898 1294/2094/898 1293/2090/896
f 1215/2091/897 1216/2095/899 1268/2096/899 1267/2092/897
f 1242/2093/898 1243/2097/900 1295/2098/900 1294/2094/898
f 1216/2095/899 1217/2099/901 1269/2100/901 1268/2096/899
f 1243/2097/900 1244/2101/902 1296/2102/902 1295/2098/900
f 1217/2099/901 1218/2103/903 1270/2104/903 1269/2100/901
f 1244/2101/902 1245/2105/904 1297/2106/904 1296/2102/902
f 1218/2103/903 1219/2107/905 1271/2108/905 1270/2104/903
f 1245/2105/904 1246/2109/906 1298/2110/906 1297/2106/904
f 1219/2107/905 1220/2111/907 1272/2112/907 1271/2108/905
f 1246/2109/906 1247/2113/908 1299/2114/908 1298/2110/906
f 1220/2111/907 1221/2115/909 1273/2116/909 1272/2112/907
f 1247/2113/908 1248/2117/910 1300/2118/910 1299/2114/908
f 1221/2115/909 1222/2119/911 1274/2120/911 1273/2116/909
f 1248/2117/910 1198/2121/912 1250/2122/912 1300/2118/910
f 1222/2119/911 1223/2123/913 1275/2124/913 1274/2120/911
f 1223/2123/913 1224/2125/914 1276/2126/914 1275/2124/913
f 1198/2127/912 1197/2128/915 1249/2129/915 1250/2130/912
f 1224/2125/914 1225/2131/916 1277/2132/916 1276/2126/914
f 1197/2128/915 1199/2133/917 1251/2134/917 1249/2129/915
f 1225/2131/916 1226/2135/918 1278/2136/918 1277/2132/916
f 1199/2133/917 1200/2137/919 1252/2138/919 1251/2134/917
f 1226/2135/918 1227/2139/920 1279/2140/920 1278/2136/918
f 1200/2137/919 1201/2141/921 1253/2142/921 1252/2138/919
f 1227/2139/920 1228/2143/922 1280/2144/922 1279/2140/920
f 1201/2141/921 1202/2145/923 1254/2146/923 1253/2142/921
f 1228/2143/922 1229/2147/924 1281/2148/924 1280/2144/922
f 1202/2145/923 1203/2149/925 1255/2150/925 1254/2146/923
f 1229/2147/924 1230/2151/926 1282/2152/926 1281/2148/924
f 1203/2149/925 1204/2153/927 1256/2154/927 1255/2150/925
f 1230/2151/926 1231/2155/928 1283/2156/928 1282/2152/926
f 1204/2153/927 1205/2157/929 1257/2158/929 1256/2154/927
f 1231/2155/928 1232/2159/930 1284/2160/930 1283/2156/928
f 1205/2157/929 1206/2161/931 1258/2162/931 1257/2158/929
f 1232/2159/930 1233/2163/932 1285/2164/932 1284/2160/930
f 1206/2161/931 1207/2165/933 1259/2166/933 1258/2162/931
f 1233/2163/932 1234/2167/934 1286/2168/934 1285/2164/932
f 1207/2165/933 1208/2169/935 1260/2170/935 1259/2166/933
f 1234/2167/934 1235/2171/936 1287/2172/936 1286/2168/934
f 1208/2169/935 1209/1961/883 1261/1964/883 1260/2170/935
f 1235/2171/936 1236/2071/887 1288/2074/887 1287/2172/936
f 1341/2173/696 1342/2174/700 1394/2175/700 1393/2176/696
f 1262/2177/937 1263/2178/938 1315/2179/938 1314/2180/937
f 1289/2068/886 1290/2181/939 1342/2182/939 1341/2069/886
f 1263/2178/938 1264/2183/940 1316/2184/940 1315/2179/938
f 1290/2181/939 1291/2185/941 1343/2186/941 1342/2182/939
f 1264/2183/940 1265/2187/942 1317/2188/942 1316/2184/940
f 1291/2185/941 1292/2189/943 1344/2190/943 1343/2186/941
f 1265/2187/942 1266/2191/944 1318/2192/944 1317/2188/942
f 1292/2189/943 1293/2193/945 1345/2194/945 1344/2190/943
f 1266/2191/944 1267/2195/946 1319/2196/946 1318/2192/944
f 1293/2193/945 1294/2197/947 1346/2198/947 1345/2194/945
f 1267/2195/946 1268/2199/948 1320/2200/948 1319/2196/946
f 1294/2197/947 1295/2201/949 1347/2202/949 1346/2198/947
f 1268/2199/948 1269/2203/950 1321/2204/950 1320/2200/948
f 1295/2201/949 1296/2205/951 1348/2206/951 1347/2202/949
f 1269/2203/950 1270/2207/952 1322/2208/952 1321/2204/950
f 1296/2205/951 1297/2209/953 1349/2210/953 1348/2206/951
f 1270/2207/952 1271/2211/954 1323/2212/954 1322/2208/952
f 1297/2209/953 1298/2213/955 1350/2214/955 1349/2210/953
f 1271/2211/954 1272/2215/956 1324/2216/956 1323/2212/954
f 1298/2213/955 1299/2217/957 1351/2218/957 1350/2214/955
f 1272/2215/956 1273/2219/958 1325/2220/958 1324/2216/956
f 1299/2217/957 1300/2221/959 1352/2222/959 1351/2218/957
f 1273/2219/958 1274/2223/960 1326/2224/960 1325/2220/958
f 1300/2221/959 1250/2225/961 1302/2226/961 1352/2222/959
f 1274/2223/960 1275/2227/962 1327/2228/962 1326/2224/960
f 1275/2227/962 1276/2229/963 1328/2230/963 1327/2228/962
f 1250/2231/961 1249/2232/964 1301/2233/964 1302/2234/961
f 1276/2229/963 1277/2235/965 1329/2236/965 1328/2230/963
f 1249/2232/964 1251/2237/966 1303/2238/966 1301/2233/964
f 1277/2235/965 1278/2239/967 1330/2240/967 1329/2236/965
f 1251/2237/966 1252/2241/968 1304/2242/968 1303/2238/966
f 1278/2239/967 1279/2243/969 1331/2244/969 1330/2240/967
f 1252/2241/968 1253/2245/970 1305/2246/970 1304/2242/968
f 1279/2243/969 1280/2247/971 1332/2248/971 1331/2244/969
f 1253/2245/970 1254/2249/972 1306/2250/972 1305/2246/970
f 1280/2247/971 1281/2251/973 1333/2252/973 1332/2248/971
f 1254/2249/972 1255/2253/974 1307/2254/974 1306/2250/972
f 1281/2251/973 1282/2255/975 1334/2256/975 1333/2252/973
f 1255/2253/974 1256/2257/976 1308/2258/976 1307/2254/974
f 1282/2255/975 1283/2259/977 1335/2260/977 1334/2256/975
f 1256/2257/976 1257/2261/978 1309/2262/978 1308/2258/976
f 1283/2259/977 1284/2263/979 1336/2264/979 1335/2260/977
f 1257/2261/978 1258/2265/980 1310/2266/980 1309/2262/978
f 1284/2263/979 1285/2267/981 1337/2268/981 1336/2264/979
f 1258/2265/980 1259/2269/982 1311/2270/982 1310/2266/980
f 1285/2267/981 1286/2271/983 1338/2272/983 1337/2268/981
f 1259/2269/982 1260/2273/984 1312/2274/984 1311/2270/982
f 1286/2271/983 1287/2275/985 1339/2276/985 1338/2272/983
f 1260/2273/984 1261/2277/986 1313/2278/986 1312/2274/984
f 1287/2275/985 1288/2067/885 1340/2070/885 1339/2276/985
f 1261/2277/986 1262/2177/937 1314/2180/937 1313/2278/986
f 1394/2279/987 1395/2280/988 1447/2281/988 1446/2282/987
f 1315/2283/698 1316/2284/702 1368/2285/702 1367/2286/698
f 1342/2174/700 1343/2287/704 1395/2288/704 1394/2175/700
f 1316/2284/702 1317/2289/706 1369/2290/706 1368/2285/702
f 1343/2287/704 1344/2291/708 1396/2292/708 1395/2288/704
f 1317/2289/706 1318/2293/710 1370/2294/710 1369/2290/706
f 1344/2291/708 1345/2295/712 1397/2296/712 1396/2292/708
f 1318/2293/710 1319/2297/714 1371/2298/714 1370/2294/710
f 1345/2295/712 1346/2299/716 1398/2300/716 1397/2296/712
f 1319/2297/714 1320/2301/718 1372/2302/718 1371/2298/714
f 1346/2299/716 1347/2303/720 1399/2304/720 1398/2300/716
f 1320/2301/718 1321/2305/722 1373/2306/722 1372/2302/718
f 1347/2303/720 1348/2307/724 1400/2308/724 1399/2304/720
f 1321/2305/722 1322/2309/726 1374/2310/726 1373/2306/722
f 1348/2307/724 1349/2311/728 1401/2312/728 1400/2308/724
f 1322/2309/726 1323/2313/730 1375/2314/730 1374/2310/726
f 1349/2311/728 1350/2315/732 1402/2316/732 1401/2312/728
f 1323/2313/730 1324/2317/734 1376/2318/734 1375/2314/730
f 1350/2315/732 1351/2319/736 1403/2320/736 1402/2316/732
f 1324/2317/734 1325/2321/738 1377/2322/738 1376/2318/734
f 1351/2319/736 1352/2323/740 1404/2324/740 1403/2320/736
f 1325/2321/738 1326/2325/742 1378/2326/742 1377/2322/738
f 1352/2323/740 1302/2327/744 1354/2328/744 1404/2324/740
f 1326/2325/742 1327/2329/746 1379/2330/746 1378/2326/742
f 1327/2329/746 1328/2331/748 1380/2332/748 1379/2330/746
f 1302/2333/744 1301/2334/750 1353/2335/750 1354/2336/744
f 1328/2331/748 1329/2337/752 1381/2338/752 1380/2332/748
f 1301/2334/750 1303/2339/754 1355/2340/754 1353/2335/750
f 1329/2337/752 1330/2341/756 1382/2342/756 1381/2338/752
f 1303/2339/754 1304/2343/758 1356/2344/758 1355/2340/754
f 1330/2341/756 1331/2345/760 1383/2346/760 1382/2342/756
f 1304/2343/758 1305/2347/762 1357/2348/762 1356/2344/758
f 1331/2345/760 1332/2349/764 1384/2350/764 1383/2346/760
f 1305/2347/762 1306/2351/766 1358/2352/766 1357/2348/762
f 1332/2349/764 1333/2353/768 1385/2354/768 1384/2350/764
f 1306/2351/766 1307/2355/770 1359/2356/770 1358/2352/766
f 1333/2353/768 1334/2357/772 1386/2358/772 1385/2354/768
f 1307/2355/770 1308/2359/774 1360/2360/774 1359/2356/770
f 1334/2357/772 1335/2361/776 1387/2362/776 1386/2358/772
f 1308/2359/774 1309/2363/778 1361/2364/778 1360/2360/774
f 1335/2361/776 1336/2365/674 1388/2366/674 1387/2362/776
f 1309/2363/778 1310/2367/681 1362/2368/681 1361/2364/778
f 1336/2365/674 1337/2369/675 1389/2370/675 1388/2366/674
f 1310/2367/681 1311/2371/682 1363/2372/682 1362/2368/681
f 1337/2369/675 1338/2373/685 1390/2374/685 1389/2370/675
f 1311/2371/682 1312/2375/686 1364/2376/686 1363/2372/682
f 1338/2373/685 1339/2377/688 1391/2378/688 1390/2374/685
f 1312/2375/686 1313/2379/690 1365/2380/690 1364/2376/686
f 1339/2377/688 1340/2381/692 1392/2382/692 1391/2378/688
f 1313/2379/690 1314/2383/694 1366/2384/694 1365/2380/690
f 1340/2381/692 1341/2173/696 1393/2176/696 1392/2382/692
f 1314/2383/694 1315/2283/698 1367/2286/698 1366/2384/694
f 1368/2385/989 1369/2386/990 1421/2387/990 1420/2388/989
f 1395/2280/988 1396/2389/991 1448/2390/991 1447/2281/988
f 1369/2386/990 1370/2391/992 1422/2392/992 1421/2387/990
f 1396/2389/991 1397/2393/993 1449/2394/993 1448/2390/991
f 1370/2391/992 1371/2395/994 1423/2396/994 1422/2392/992
f 1397/2393/993 1398/2397/995 1450/2398/995 1449/2394/993
f 1371/2395/994 1372/2399/996 1424/2400/996 1423/2396/994
f 1398/2397/995 1399/2401/997 1451/2402/997 1450/2398/995
f 1372/2399/996 1373/2403/998 1425/2404/998 1424/2400/996
f 1399/2401/997 1400/2405/999 1452/2406/999 1451/2402/997
f 1373/2403/998 1374/2407/1000 1426/2408/1000 1425/2404/998
f 1400/2405/999 1401/2409/1001 1453/2410/1001 1452/2406/999
f 1374/2407/1000 1375/2411/1002 1427/2412/1002 1426/2408/1000
f 1401/2409/1001 1402/2413/1003 1454/2414/1003 1453/2410/1001
f 1375/2411/1002 1376/2415/1004 1428/2416/1004 1427/2412/1002
f 1402/2413/1003 1403/2417/1005 1455/2418/1005 1454/2414/1003
f 1376/2415/1004 1377/2419/1006 1429/2420/1006 1428/2416/1004
f 1403/2417/1005 1404/2421/1007 1456/2422/1007 1455/2418/1005
f 1377/2419/1006 1378/2423/1008 1430/2424/1008 1429/2420/1006
f 1404/2421/1007 1354/2425/1009 1406/2426/1009 1456/2422/1007
f 1378/2423/1008 1379/2427/1010 1431/2428/1010 1430/2424/1008
f 1379/2427/1010 1380/2429/1011 1432/2430/1011 1431/2428/1010
f 1354/2431/1009 1353/2432/1012 1405/2433/1012 1406/2434/1009
f 1380/2429/1011 1381/2435/1013 1433/2436/1013 1432/2430/1011
f 1353/2432/1012 1355/2437/1014 1407/2438/1014 1405/2433/1012
f 1381/2435/1013 1382/2439/1015 1434/2440/1015 1433/2436/1013
f 1355/2437/1014 1356/2441/1016 1408/2442/1016 1407/2438/1014
f 1382/2439/1015 1383/2443/1017 1435/2444/1017 1434/2440/1015
f 1356/2441/1016 1357/2445/1018 1409/2446/1018 1408/2442/1016
f 1383/2443/1017 1384/2447/1019 1436/2448/1019 1435/2444/1017
f 1357/2445/1018 1358/2449/1020 1410/2450/1020 1409/2446/1018
f 1384/2447/1019 1385/2451/1021 1437/2452/1021 1436/2448/1019
f 1358/2449/1020 1359/2453/1022 1411/2454/1022 1410/2450/1020
f 1385/2451/1021 1386/2455/1023 1438/2456/1023 1437/2452/1021
f 1359/2453/1022 1360/2457/1024 1412/2458/1024 1411/2454/1022
f 1386/2455/1023 1387/2459/1025 1439/2460/1025 1438/2456/1023
f 1360/2457/1024 1361/2461/1026 1413/2462/1026 1412/2458/1024
f 1387/2459/1025 1388/2463/1027 1440/2464/1027 1439/2460/1025
f 1361/2461/1026 1362/2465/1028 1414/2466/1028 1413/2462/1026
f 1388/2463/1027 1389/2467/1029 1441/2468/1029 1440/2464/1027
f 1362/2465/1028 1363/2469/1030 1415/2470/1030 1414/2466/1028
f 1389/2467/1029 1390/2471/1031 1442/2472/1031 1441/2468/1029
f 1363/2469/1030 1364/2473/1032 1416/2474/1032 1415/2470/1030
f 1390/2471/1031 1391/2475/1033 1443/2476/1033 1442/2472/1031
f 1364/2473/1032 1365/2477/1034 1417/2478/1034 1416/2474/1032
f 1391/2475/1033 1392/2479/1035 1444/2480/1035 1443/2476/1033
f 1365/2477/1034 1366/2481/1036 1418/2482/1036 1417/2478/1034
f 1392/2479/1035 1393/2483/1037 1445/2484/1037 1444/2480/1035
f 1366/2481/1036 1367/2485/1038 1419/2486/1038 1418/2482/1036
f 1393/2483/1037 1394/2279/987 1446/2282/987 1445/2484/1037
f 1367/2485/1038 1368/2385/989 1420/2388/989 1419/2486/1038
f 1458/2487/1039 1459/2488/613 1460/2489/613 1457/2490/1039
f 1462/2491/1040 1458/2487/1039 1457/2490/1039 1461/2492/1040
f 1464/2493/1041 1462/2491/1040 1461/2492/1040 1463/2494/1041
f 1466/2495/95 1464/2493/1041 1463/2494/1041 1465/2496/95
f 1468/2497/105 1466/2495/95 1465/2496/95 1467/2498/105
f 1470/2499/115 1468/2497/105 1467/2498/105 1469/2500/115
f 1472/2501/125 1470/2499/115 1469/2500/115 1471/2502/125
f 1474/2503/135 1472/2501/125 1471/2502/125 1473/2504/135
f 1476/2505/145 1474/2503/135 1473/2504/135 1475/2506/145
f 1478/2507/1042 1476/2505/145 1475/2506/145 1477/2508/1042
f 1480/2509/1043 1478/2507/1042 1477/2508/1042 1479/2510/1043
f 1482/2511/1044 1480/2509/1043 1479/2510/1043 1481/2512/1044
f 1484/2513/1045 1482/2511/1044 1481/2512/1044 1483/2514/1045
f 1486/2515/1046 1484/2513/1045 1483/2514/1045 1485/2516/1046
f 1488/2517/1047 1486/2515/1046 1485/2516/1046 1487/2518/1047
f 1490/2519/630 1488/2517/1047 1487/2518/1047 1489/2520/630
f 1492/2521/223 1490/2519/630 1489/2520/630 1491/2522/223
f 1494/2523/233 1492/2521/223 1491/2522/223 1493/2524/233
f 1496/2525/243 1494/2523/233 1493/2524/233 1495/2526/243
f 1498/2527/253 1496/2525/243 1495/2526/243 1497/2528/253
f 1500/2529/263 1498/2527/253 1497/2528/253 1499/2530/263
f 1502/2531/273 1500/2529/263 1499/2530/263 1501/2532/273
f 1504/2533/1048 1502/2531/273 1501/2532/273 1503/2534/1048
f 1506/2535/1049 1504/2533/1048 1503/2534/1048 1505/2536/1049
f 1508/2537/1050 1506/2535/1049 1505/2536/1049 1507/2538/1050
f 1510/2539/642 1508/2537/1050 1507/2538/1050 1509/2540/642
f 1512/2541/322 1510/2539/642 1509/2540/642 1511/2542/322
f 1514/2543/332 1512/2541/322 1511/2542/322 1513/2544/332
f 1516/2545/1051 1514/2543/332 1513/2544/332 1515/2546/1051
f 1518/2547/351 1516/2545/1051 1515/2546/1051 1517/2548/351
f 1520/2549/361 1518/2547/351 1517/2548/351 1519/2550/361
f 1522/2551/371 1520/2549/361 1519/2550/361 1521/2552/371
f 1524/2553/381 1522/2551/371 1521/2552/371 1523/2554/381
f 1526/2555/391 1524/2553/381 1523/2554/381 1525/2556/391
f 1528/2557/401 1526/2555/391 1525/2556/391 1527/2558/401
f 1530/2559/1052 1528/2557/401 1527/2558/401 1529/2560/1052
f 1532/2561/1053 1530/2559/1052 1529/2560/1052 1531/2562/1053
f 1534/2563/1054 1532/2561/1053 1531/2562/1053 1533/2564/1054
f 1536/2565/1055 1534/2563/1054 1533/2564/1054 1535/2566/1055
f 1538/2567/1056 1536/2565/1055 1535/2566/1055 1537/2568/1056
f 1540/2569/1057 1538/2567/1056 1537/2568/1056 1539/2570/1057
f 1542/2571/1058 1540/2569/1057 1539/2570/1057 1541/2572/1058
f 1544/2573/479 1542/2571/1058 1541/2572/1058 1543/2574/479
f 1546/2575/489 1544/2573/479 1543/2574/479 1545/2576/489
f 1548/2577/499 1546/2575/489 1545/2576/489 1547/2578/499
f 1550/2579/509 1548/2577/499 1547/2578/499 1549/2580/509
f 1552/2581/519 1550/2579/509 1549/2580/509 1551/2582/519
f 1554/2583/529 1552/2581/519 1551/2582/519 1553/2584/529
f 1556/2585/1059 1554/2583/529 1553/2584/529 1555/2586/1059
f 1558/2587/548 1556/2585/1059 1555/2586/1059 1557/2588/548
f 1560/2589/558 1558/2587/548 1557/2588/548 1559/2590/558
f 1459/2591/613 1560/2589/558 1559/2590/558 1460/2592/613
f 1406/2593/744 1405/2594/750 1457/2595/750 1460/2596/744
f 1459/2597/673 1458/2598/673 1462/2599/673 1464/2600/673 1466/2601/673 1468/2602/673 1470/2603/673 1472/2604/673 1474/2605/673 1476/2606/673 1478/2607/673 1480/2608/673 1482/2609/673 1484/2610/673 1486/2611/673 1488/2612/673 1490/2613/673 1492/2614/673 1494/2615/673 1496/2616/673 1498/2617/673 1500/2618/673 1502/2619/673 1504/2620/673 1506/2621/673 1508/2622/673 1510/2623/673 1512/2624/673 1514/2625/673 1516/2626/673 1518/2627/673 1520/2628/673 1522/2629/673 1524/2630/673 1526/2631/673 1528/2632/673 1530/2633/673 1532/2634/673 1534/2635/673 1536/2636/673 1538/2637/673 1540/2638/673 1542/2639/673 1544/2640/673 1546/2641/673 1548/2642/673 1550/2643/673 1552/2644/673 1554/2645/673 1556/2646/673 1558/2647/673 1560/2648/673
f 1405/2594/750 1407/2649/754 1461/2650/754 1457/2595/750
f 1456/2651/740 1406/2652/744 1460/2653/744 1559/2654/740
f 1407/2649/754 1408/2655/758 1463/2656/758 1461/2650/754
f 1408/2655/758 1409/2657/762 1465/2658/762 1463/2656/758
f 1409/2657/762 1410/2659/766 1467/2660/766 1465/2658/762
f 1410/2659/766 1411/2661/770 1469/2662/770 1467/2660/766
f 1411/2661/770 1412/2663/774 1471/2664/774 1469/2662/770
f 1412/2663/774 1413/2665/778 1473/2666/778 1471/2664/774
f 1413/2665/778 1414/2667/681 1475/2668/681 1473/2666/778
f 1414/2667/681 1415/2669/682 1477/2670/682 1475/2668/681
f 1415/2669/682 1416/2671/686 1479/2672/686 1477/2670/682
f 1416/2671/686 1417/2673/690 1481/2674/690 1479/2672/686
f 1417/2673/690 1418/2675/694 1483/2676/694 1481/2674/690
f 1418/2675/694 1419/2677/698 1485/2678/698 1483/2676/694
f 1419/2677/698 1420/2679/702 1487/2680/702 1485/2678/698
f 1420/2679/702 1421/2681/706 1489/2682/706 1487/2680/702
f 1421/2681/706 1422/2683/710 1491/2684/710 1489/2682/706
f 1422/2683/710 1423/2685/714 1493/2686/714 1491/2684/710
f 1423/2685/714 1424/2687/718 1495/2688/718 1493/2686/714
f 1424/2687/718 1425/2689/722 1497/2690/722 1495/2688/718
f 1425/2689/722 1426/2691/726 1499/2692/726 1497/2690/722
f 1426/2691/726 1427/2693/730 1501/2694/730 1499/2692/726
f 1427/2693/730 1428/2695/734 1503/2696/734 1501/2694/730
f 1428/2695/734 1429/2697/738 1505/2698/738 1503/2696/734
f 1429/2697/738 1430/2699/742 1507/2700/742 1505/2698/738
f 1430/2699/742 1431/2701/746 1509/2702/746 1507/2700/742
f 1431/2701/746 1432/2703/748 1511/2704/748 1509/2702/746
f 1432/2703/748 1433/2705/752 1513/2706/752 1511/2704/748
f 1433/2705/752 1434/2707/756 1515/2708/756 1513/2706/752
f 1434/2707/756 1435/2709/760 1517/2710/760 1515/2708/756
f 1435/2709/760 1436/2711/764 1519/2712/764 1517/2710/760
f 1436/2711/764 1437/2713/768 1521/2714/768 1519/2712/764
f 1437/2713/768 1438/2715/772 1523/2716/772 1521/2714/768
f 1438/2715/772 1439/2717/776 1525/2718/776 1523/2716/772
f 1439/2717/776 1440/2719/674 1527/2720/674 1525/2718/776
f 1440/2719/674 1441/2721/675 1529/2722/675 1527/2720/674
f 1441/2721/675 1442/2723/685 1531/2724/685 1529/2722/675
f 1442/2723/685 1443/2725/688 1533/2726/688 1531/2724/685
f 1443/2725/688 1444/2727/692 1535/2728/692 1533/2726/688
f 1444/2727/692 1445/2729/696 1537/2730/696 1535/2728/692
f 1445/2729/696 1446/2731/700 1539/2732/700 1537/2730/696
f 1446/2731/700 1447/2733/704 1541/2734/704 1539/2732/700
f 1447/2733/704 1448/2735/708 1543/2736/708 1541/2734/704
f 1448/2735/708 1449/2737/712 1545/2738/712 1543/2736/708
f 1449/2737/712 1450/2739/716 1547/2740/716 1545/2738/712
f 1450/2739/716 1451/2741/720 1549/2742/720 1547/2740/716
f 1451/2741/720 1452/2743/724 1551/2744/724 1549/2742/720
f 1452/2743/724 1453/2745/728 1553/2746/728 1551/2744/724
f 1453/2745/728 1454/2747/732 1555/2748/732 1553/2746/728
f 1454/2747/732 1455/2749/736 1557/2750/736 1555/2748/732
f 1455/2749/736 1456/2651/740 1559/2654/740 1557/2750/736
f 1561/2751/692 1562/2752/692 1564/2753/692 1563/2754/692
f 1567/2755/694 1568/2756/694 1566/2757/694 1565/2758/694
f 1569/2759/744 1572/2760/744 1571/2761/744
f 1572/2760/744 1573/2762/744 1571/2761/744
f 1573/2762/744 1574/2763/744 1571/2761/744
f 1574/2763/744 1575/2764/744 1571/2761/744
f 1575/2764/744 1570/2765/744 1571/2761/744
f 1576/2766/744 1579/2767/744 1578/2768/744
f 1579/2767/744 1580/2769/744 1578/2768/744
f 1580/2769/744 1581/2770/744 1578/2768/744
f 1581/2770/744 1582/2771/744 1578/2768/744
f 1582/2771/744 1577/2772/744 1578/2768/744
f 1583/2773/746 1586/2774/746 1585/2775/746
f 1586/2774/746 1587/2776/746 1585/2775/746
f 1587/2776/746 1588/2777/746 1585/2775/746
f 1588/2777/746 1589/2778/746 1585/2775/746
f 1589/2778/746 1584/2779/746 1585/2775/746
f 1590/2780/746 1593/2781/746 1592/2782/746
f 1593/2781/746 1594/2783/746 1592/2782/746
f 1594/2783/746 1595/2784/746 1592/2782/746
f 1595/2784/746 1596/2785/746 1592/2782/746
f 1596/2785/746 1591/2786/746 1592/2782/746
f 1576/2787/1060 1591/2788/1060 1596/2789/1061 1579/2790/1061
f 1579/2790/1061 1596/2789/1061 1595/2791/1062 1580/2792/1062
f 1580/2792/1062 1595/2791/1062 1594/2793/1063 1581/2794/1063
f 1581/2794/1063 1594/2793/1063 1593/2795/1064 1582/2796/1064
f 1582/2796/1064 1593/2795/1064 1590/2797/1065 1577/2798/1065
f 1569/2799/1066 1584/2800/1066 1589/2801/1067 1572/2802/1067
f 1572/2802/1067 1589/2801/1067 1588/2803/1068 1573/2804/1068
f 1573/2804/1068 1588/2803/1068 1587/2805/1069 1574/2806/1069
f 1574/2806/1069 1587/2805/1069 1586/2807/1070 1575/2808/1070
f 1575/2808/1070 1586/2807/1070 1583/2809/1071 1570/2810/1071
f 1563/2811/744 1564/2812/744 1576/2766/744 1578/2768/744 1571/2761/744 1570/2765/744
f 1563/2754/1072 1570/2810/1071 1583/2809/1071 1561/2751/1072
f 1576/2787/1060 1564/2813/1073 1562/2814/1073 1591/2788/1060
f 1583/2773/746 1585/2775/746 1592/2782/746 1591/2786/746 1562/2815/746 1561/2816/746
f 1597/2817/744 1600/2818/744 1599/2819/744
f 1600/2818/744 1601/2820/744 1599/2819/744
f 1601/2820/744 1602/2821/744 1599/2819/744
f 1602/2821/744 1603/2822/744 1599/2819/744
f 1603/2822/744 1598/2823/744 1599/2819/744
f 1604/2824/746 1607/2825/746 1606/2826/746
f 1607/2825/746 1608/2827/746 1606/2826/746
f 1608/2827/746 1609/2828/746 1606/2826/746
f 1609/2828/746 1610/2829/746 1606/2826/746
f 1610/2829/746 1605/2830/746 1606/2826/746
f 1597/2831/1074 1605/2832/1074 1610/2833/1075 1600/2834/1075
f 1600/2834/1075 1610/2833/1075 1609/2835/1076 1601/2836/1076
f 1601/2836/1076 1609/2835/1076 1608/2837/1077 1602/2838/1077
f 1602/2838/1077 1608/2837/1077 1607/2839/1078 1603/2840/1078
f 1603/2840/1078 1607/2839/1078 1604/2841/1079 1598/2842/1079
f 1568/2756/1080 1598/2842/1079 1604/2841/1079 1566/2757/1080
f 1597/2831/1074 1577/2798/1065 1590/2797/1065 1605/2832/1074
f 1611/2843/746 1614/2844/746 1613/2845/746
f 1614/2844/746 1615/2846/746 1613/2845/746
f 1615/2846/746 1616/2847/746 1613/2845/746
f 1616/2847/746 1617/2848/746 1613/2845/746
f 1617/2848/746 1612/2849/746 1613/2845/746
f 1618/2850/744 1621/2851/744 1620/2852/744
f 1621/2851/744 1622/2853/744 1620/2852/744
f 1622/2853/744 1623/2854/744 1620/2852/744
f 1623/2854/744 1624/2855/744 1620/2852/744
f 1624/2855/744 1619/2856/744 1620/2852/744
f 1618/2857/1081 1612/2858/1081 1617/2859/1082 1621/2860/1082
f 1621/2860/1082 1617/2859/1082 1616/2861/1083 1622/2862/1083
f 1622/2862/1083 1616/2861/1083 1615/2863/1084 1623/2864/1084
f 1623/2864/1084 1615/2863/1084 1614/2865/1085 1624/2866/1085
f 1624/2866/1085 1614/2865/1085 1611/2867/1086 1619/2868/1086
f 1565/2869/746 1566/2870/746 1604/2824/746 1606/2826/746 1613/2845/746 1612/2849/746
f 1618/2857/1081 1567/2871/1087 1565/2872/1087 1612/2858/1081
f 1569/2799/1066 1619/2868/1086 1611/2867/1086 1584/2800/1066
f 1611/2843/746 1613/2845/746 1606/2826/746 1605/2830/746 1590/2780/746 1592/2782/746 1585/2775/746 1584/2779/746
f 1618/2850/744 1620/2852/744 1599/2819/744 1598/2823/744 1568/2873/744 1567/2874/744
f 1569/2759/744 1571/2761/744 1578/2768/744 1577/2772/744 1597/2817/744 1599/2819/744 1620/2852/744 1619/2856/744
f 1625/2875/692 1626/2876/692 1628/2877/692 1627/2878/692
f 1631/2879/694 1632/2880/694 1630/2881/694 1629/2882/694
f 1633/2883/746 1636/2884/746 1635/2885/746
f 1636/2884/746 1637/2886/746 1635/2885/746
f 1637/2886/746 1638/2887/746 1635/2885/746
f 1638/2887/746 1639/2888/746 1635/2885/746
f 1639/2888/746 1634/2889/746 1635/2885/746
f 1640/2890/746 1643/2891/746 1642/2892/746
f 1643/2891/746 1644/2893/746 1642/2892/746
f 1644/2893/746 1645/2894/746 1642/2892/746
f 1645/2894/746 1646/2895/746 1642/2892/746
f 1646/2895/746 1641/2896/746 1642/2892/746
f 1647/2897/744 1650/2898/744 1649/2899/744
f 1650/2898/744 1651/2900/744 1649/2899/744
f 1651/2900/744 1652/2901/744 1649/2899/744
f 1652/2901/744 1653/2902/744 1649/2899/744
f 1653/2902/744 1648/2903/744 1649/2899/744
f 1654/2904/744 1657/2905/744 1656/2906/744
f 1657/2905/744 1658/2907/744 1656/2906/744
f 1658/2907/744 1659/2908/744 1656/2906/744
f 1659/2908/744 1660/2909/744 1656/2906/744
f 1660/2909/744 1655/2910/744 1656/2906/744
f 1640/2911/1088 1655/2912/1088 1660/2913/1089 1643/2914/1089
f 1643/2914/1089 1660/2913/1089 1659/2915/1090 1644/2916/1090
f 1644/2916/1090 1659/2915/1090 1658/2917/1091 1645/2918/1091
f 1645/2918/1091 1658/2917/1091 1657/2919/1092 1646/2920/1092
f 1646/2920/1092 1657/2919/1092 1654/2921/1093 1641/2922/1093
f 1633/2923/1094 1648/2924/1094 1653/2925/1095 1636/2926/1095
f 1636/2926/1095 1653/2925/1095 1652/2927/1096 1637/2928/1096
f 1637/2928/1096 1652/2927/1096 1651/2929/1097 1638/2930/1097
f 1638/2930/1097 1651/2929/1097 1650/2931/1098 1639/2932/1098
f 1639/2932/1098 1650/2931/1098 1647/2933/1099 1634/2934/1099
f 1627/2935/746 1628/2936/746 1640/2890/746 1642/2892/746 1635/2885/746 1634/2889/746
f 1627/2878/1100 1634/2934/1099 1647/2933/1099 1625/2875/1100
f 1640/2911/1088 1628/2937/1101 1626/2938/1101 1655/2912/1088
f 1647/2897/744 1649/2899/744 1656/2906/744 1655/2910/744 1626/2939/744 1625/2940/744
f 1661/2941/746 1664/2942/746 1663/2943/746
f 1664/2942/746 1665/2944/746 1663/2943/746
f 1665/2944/746 1666/2945/746 1663/2943/746
f 1666/2945/746 1667/2946/746 1663/2943/746
f 1667/2946/746 1662/2947/746 1663/2943/746
f 1668/2948/744 1671/2949/744 1670/2950/744
f 1671/2949/744 1672/2951/744 1670/2950/744
f 1672/2951/744 1673/2952/744 1670/2950/744
f 1673/2952/744 1674/2953/744 1670/2950/744
f 1674/2953/744 1669/2954/744 1670/2950/744
f 1661/2955/1102 1669/2956/1102 1674/2957/1103 1664/2958/1103
f 1664/2958/1103 1674/2957/1103 1673/2959/1104 1665/2960/1104
f 1665/2960/1104 1673/2959/1104 1672/2961/1105 1666/2962/1105
f 1666/2962/1105 1672/2961/1105 1671/2963/1106 1667/2964/1106
f 1667/2964/1106 1671/2963/1106 1668/2965/1107 1662/2966/1107
f 1632/2880/1108 1662/2966/1107 1668/2965/1107 1630/2881/1108
f 1661/2955/1102 1641/2922/1093 1654/2921/1093 1669/2956/1102
f 1675/2967/744 1678/2968/744 1677/2969/744
f 1678/2968/744 1679/2970/744 1677/2969/744
f 1679/2970/744 1680/2971/744 1677/2969/744
f 1680/2971/744 1681/2972/744 1677/2969/744
f 1681/2972/744 1676/2973/744 1677/2969/744
f 1682/2974/746 1685/2975/746 1684/2976/746
f 1685/2975/746 1686/2977/746 1684/2976/746
f 1686/2977/746 1687/2978/746 1684/2976/746
f 1687/2978/746 1688/2979/746 1684/2976/746
f 1688/2979/746 1683/2980/746 1684/2976/746
f 1682/2981/1109 1676/2982/1109 1681/2983/1110 1685/2984/1110
f 1685/2984/1110 1681/2983/1110 1680/2985/1111 1686/2986/1111
f 1686/2986/1111 1680/2985/1111 1679/2987/1112 1687/2988/1112
f 1687/2988/1112 1679/2987/1112 1678/2989/1113 1688/2990/1113
f 1688/2990/1113 1678/2989/1113 1675/2991/1114 1683/2992/1114
f 1629/2993/744 1630/2994/744 1668/2948/744 1670/2950/744 1677/2969/744 1676/2973/744
f 1682/2981/1109 1631/2995/1115 1629/2996/1115 1676/2982/1109
f 1633/2923/1094 1683/2992/1114 1675/2991/1114 1648/2924/1094
f 1675/2967/744 1677/2969/744 1670/2950/744 1669/2954/744 1654/2904/744 1656/2906/744 1649/2899/744 1648/2903/744
f 1682/2974/746 1684/2976/746 1663/2943/746 1662/2947/746 1632/2997/746 1631/2998/746
f 1633/2883/746 1635/2885/746 1642/2892/746 1641/2896/746 1661/2941/746 1663/2943/746 1684/2976/746 1683/2980/746
f 1689/2999/746 1690/3000/746 1692/3001/746 1691/3002/746
f 1695/3003/744 1696/3004/744 1694/3005/744 1693/3006/744
f 1697/3007/692 1700/3008/692 1699/3009/692
f 1700/3008/692 1701/3010/692 1699/3009/692
f 1701/3010/692 1702/3011/692 1699/3009/692
f 1702/3011/692 1703/3012/692 1699/3009/692
f 1703/3012/692 1698/3013/692 1699/3009/692
f 1704/3014/692 1707/3015/692 1706/3016/692
f 1707/3015/692 1708/3017/692 1706/3016/692
f 1708/3017/692 1709/3018/692 1706/3016/692
f 1709/3018/692 1710/3019/692 1706/3016/692
f 1710/3019/692 1705/3020/692 1706/3016/692
f 1711/3021/694 1714/3022/694 1713/3023/694
f 1714/3022/694 1715/3024/694 1713/3023/694
f 1715/3024/694 1716/3025/694 1713/3023/694
f 1716/3025/694 1717/3026/694 1713/3023/694
f 1717/3026/694 1712/3027/694 1713/3023/694
f 1718/3028/694 1721/3029/694 1720/3030/694
f 1721/3029/694 1722/3031/694 1720/3030/694
f 1722/3031/694 1723/3032/694 1720/3030/694
f 1723/3032/694 1724/3033/694 1720/3030/694
f 1724/3033/694 1719/3034/694 1720/3030/694
f 1704/3035/1116 1719/3036/1116 1724/3037/1117 1707/3038/1117
f 1707/3038/1117 1724/3037/1117 1723/3039/1118 1708/3040/1118
f 1708/3040/1118 1723/3039/1118 1722/3041/1119 1709/3042/1119
f 1709/3042/1119 1722/3041/1119 1721/3043/1120 1710/3044/1120
f 1710/3044/1120 1721/3043/1120 1718/3045/1121 1705/3046/1121
f 1697/3047/1122 1712/3048/1122 1717/3049/1123 1700/3050/1123
f 1700/3050/1123 1717/3049/1123 1716/3051/1124 1701/3052/1124
f 1701/3052/1124 1716/3051/1124 1715/3053/1125 1702/3054/1125
f 1702/3054/1125 1715/3053/1125 1714/3055/1126 1703/3056/1126
f 1703/3056/1126 1714/3055/1126 1711/3057/1127 1698/3058/1127
f 1691/3059/692 1692/3060/692 1704/3014/692 1706/3016/692 1699/3009/692 1698/3013/692
f 1691/3002/1128 1698/3058/1127 1711/3057/1127 1689/2999/1128
f 1704/3035/1116 1692/3061/1129 1690/3062/1129 1719/3036/1116
f 1711/3021/694 1713/3023/694 1720/3030/694 1719/3034/694 1690/3063/694 1689/3064/694
f 1725/3065/692 1728/3066/692 1727/3067/692
f 1728/3066/692 1729/3068/692 1727/3067/692
f 1729/3068/692 1730/3069/692 1727/3067/692
f 1730/3069/692 1731/3070/692 1727/3067/692
f 1731/3070/692 1726/3071/692 1727/3067/692
f 1732/3072/694 1735/3073/694 1734/3074/694
f 1735/3073/694 1736/3075/694 1734/3074/694
f 1736/3075/694 1737/3076/694 1734/3074/694
f 1737/3076/694 1738/3077/694 1734/3074/694
f 1738/3077/694 1733/3078/694 1734/3074/694
f 1725/3079/1130 1733/3080/1130 1738/3081/1131 1728/3082/1131
f 1728/3082/1131 1738/3081/1131 1737/3083/1132 1729/3084/1132
f 1729/3084/1132 1737/3083/1132 1736/3085/1133 1730/3086/1133
f 1730/3086/1133 1736/3085/1133 1735/3087/1134 1731/3088/1134
f 1731/3088/1134 1735/3087/1134 1732/3089/1135 1726/3090/1135
f 1696/3004/1136 1726/3090/1135 1732/3089/1135 1694/3005/1136
f 1725/3079/1130 1705/3046/1121 1718/3045/1121 1733/3080/1130
f 1739/3091/694 1742/3092/694 1741/3093/694
f 1742/3092/694 1743/3094/694 1741/3093/694
f 1743/3094/694 1744/3095/694 1741/3093/694
f 1744/3095/694 1745/3096/694 1741/3093/694
f 1745/3096/694 1740/3097/694 1741/3093/694
f 1746/3098/692 1749/3099/692 1748/3100/692
f 1749/3099/692 1750/3101/692 1748/3100/692
f 1750/3101/692 1751/3102/692 1748/3100/692
f 1751/3102/692 1752/3103/692 1748/3100/692
f 1752/3103/692 1747/3104/692 1748/3100/692
f 1746/3105/1137 1740/3106/1137 1745/3107/1138 1749/3108/1138
f 1749/3108/1138 1745/3107/1138 1744/3109/1139 1750/3110/1139
f 1750/3110/1139 1744/3109/1139 1743/3111/1140 1751/3112/1140
f 1751/3112/1140 1743/3111/1140 1742/3113/1141 1752/3114/1141
f 1752/3114/1141 1742/3113/1141 1739/3115/1142 1747/3116/1142
f 1693/3117/694 1694/3118/694 1732/3072/694 1734/3074/694 1741/3093/694 1740/3097/694
f 1746/3105/1137 1695/3119/1143 1693/3120/1143 1740/3106/1137
f 1697/3047/1122 1747/3116/1142 1739/3115/1142 1712/3048/1122
f 1739/3091/694 1741/3093/694 1734/3074/694 1733/3078/694 1718/3028/694 1720/3030/694 1713/3023/694 1712/3027/694
f 1746/3098/692 1748/3100/692 1727/3067/692 1726/3071/692 1696/3121/692 1695/3122/692
f 1697/3007/692 1699/3009/692 1706/3016/692 1705/3020/692 1725/3065/692 1727/3067/692 1748/3100/692 1747/3104/692
f 1753/3123/746 1754/3124/746 1756/3125/746 1755/3126/746
f 1759/3127/744 1760/3128/744 1758/3129/744 1757/3130/744
f 1761/3131/694 1764/3132/694 1763/3133/694
f 1764/3132/694 1765/3134/694 1763/3133/694
f 1765/3134/694 1766/3135/694 1763/3133/694
f 1766/3135/694 1767/3136/694 1763/3133/694
f 1767/3136/694 1762/3137/694 1763/3133/694
f 1768/3138/694 1771/3139/694 1770/3140/694
f 1771/3139/694 1772/3141/694 1770/3140/694
f 1772/3141/694 1773/3142/694 1770/3140/694
f 1773/3142/694 1774/3143/694 1770/3140/694
f 1774/3143/694 1769/3144/694 1770/3140/694
f 1775/3145/692 1778/3146/692 1777/3147/692
f 1778/3146/692 1779/3148/692 1777/3147/692
f 1779/3148/692 1780/3149/692 1777/3147/692
f 1780/3149/692 1781/3150/692 1777/3147/692
f 1781/3150/692 1776/3151/692 1777/3147/692
f 1782/3152/692 1785/3153/692 1784/3154/692
f 1785/3153/692 1786/3155/692 1784/3154/692
f 1786/3155/692 1787/3156/692 1784/3154/692
f 1787/3156/692 1788/3157/692 1784/3154/692
f 1788/3157/692 1783/3158/692 1784/3154/692
f 1768/3159/1144 1783/3160/1144 1788/3161/1145 1771/3162/1145
f 1771/3162/1145 1788/3161/1145 1787/3163/1146 1772/3164/1146
f 1772/3164/1146 1787/3163/1146 1786/3165/1147 1773/3166/1147
f 1773/3166/1147 1786/3165/1147 1785/3167/1148 1774/3168/1148
f 1774/3168/1148 1785/3167/1148 1782/3169/1149 1769/3170/1149
f 1761/3171/1150 1776/3172/1150 1781/3173/1151 1764/3174/1151
f 1764/3174/1151 1781/3173/1151 1780/3175/1152 1765/3176/1152
f 1765/3176/1152 1780/3175/1152 1779/3177/1153 1766/3178/1153
f 1766/3178/1153 1779/3177/1153 1778/3179/1154 1767/3180/1154
f 1767/3180/1154 1778/3179/1154 1775/3181/1155 1762/3182/1155
f 1755/3183/694 1756/3184/694 1768/3138/694 1770/3140/694 1763/3133/694 1762/3137/694
f 1755/3126/1156 1762/3182/1155 1775/3181/1155 1753/3123/1156
f 1768/3159/1144 1756/3185/1157 1754/3186/1157 1783/3160/1144
f 1775/3145/692 1777/3147/692 1784/3154/692 1783/3158/692 1754/3187/692 1753/3188/692
f 1789/3189/694 1792/3190/694 1791/3191/694
f 1792/3190/694 1793/3192/694 1791/3191/694
f 1793/3192/694 1794/3193/694 1791/3191/694
f 1794/3193/694 1795/3194/694 1791/3191/694
f 1795/3194/694 1790/3195/694 1791/3191/694
f 1796/3196/692 1799/3197/692 1798/3198/692
f 1799/3197/692 1800/3199/692 1798/3198/692
f 1800/3199/692 1801/3200/692 1798/3198/692
f 1801/3200/692 1802/3201/692 1798/3198/692
f 1802/3201/692 1797/3202/692 1798/3198/692
f 1789/3203/1158 1797/3204/1158 1802/3205/1159 1792/3206/1159
f 1792/3206/1159 1802/3205/1159 1801/3207/1160 1793/3208/1160
f 1793/3208/1160 1801/3207/1160 1800/3209/1161 1794/3210/1161
f 1794/3210/1161 1800/3209/1161 1799/3211/1162 1795/3212/1162
f 1795/3212/1162 1799/3211/1162 1796/3213/1163 1790/3214/1163
f 1760/3128/1164 1790/3214/1163 1796/3213/1163 1758/3129/1164
f 1789/3203/1158 1769/3170/1149 1782/3169/1149 1797/3204/1158
f 1803/3215/692 1806/3216/692 1805/3217/692
f 1806/3216/692 1807/3218/692 1805/3217/692
f 1807/3218/692 1808/3219/692 1805/3217/692
f 1808/3219/692 1809/3220/692 1805/3217/692
f 1809/3220/692 1804/3221/692 1805/3217/692
f 1810/3222/694 1813/3223/694 1812/3224/694
f 1813/3223/694 1814/3225/694 1812/3224/694
f 1814/3225/694 1815/3226/694 1812/3224/694
f 1815/3226/694 1816/3227/694 1812/3224/694
f 1816/3227/694 1811/3228/694 1812/3224/694
f 1810/3229/1165 1804/3230/1165 1809/3231/1166 1813/3232/1166
f 1813/3232/1166 1809/3231/1166 1808/3233/1167 1814/3234/1167
f 1814/3234/1167 1808/3233/1167 1807/3235/1168 1815/3236/1168
f 1815/3236/1168 1807/3235/1168 1806/3237/1169 1816/3238/1169
f 1816/3238/1169 1806/3237/1169 1803/3239/1170 1811/3240/1170
f 1757/3241/692 1758/3242/692 1796/3196/692 1798/3198/692 1805/3217/692 1804/3221/692
f 1810/3229/1165 1759/3243/1171 1757/3244/1171 1804/3230/1165
f 1761/3171/1150 1811/3240/1170 1803/3239/1170 1776/3172/1150
f 1803/3215/692 1805/3217/692 1798/3198/692 1797/3202/692 1782/3152/692 1784/3154/692 1777/3147/692 1776/3151/692
f 1810/3222/694 1812/3224/694 1791/3191/694 1790/3195/694 1760/3245/694 1759/3246/694
f 1761/3131/694 1763/3133/694 1770/3140/694 1769/3144/694 1789/3189/694 1791/3191/694 1812/3224/694 1811/3228/694
